Date,Flow_Agios_m3,Flow_Borehole_m3,Flow_Distribution_m3,Hours_A1_9,Hours_A2_9,Hours_A3_9,Starts_A1_9,Starts_A2_9,Starts_A3_9,Energy_kWh,Year,Month,YearMonth,Total_Flow_Delivered_m3,Total_Flow_Inflows_To_Tank_m3,Total_Flow_Meter_Lines_Sum_m3,Flow_Pumped_On_Site_m3,Hours_Distribution_Total,Starts_Distribution_Total,Total_Hours,Total_Starts,Specific_Energy,Specific_Energy_Pumped_On_Site,Utilization_A1_pct,StartsPerHour_A1,Utilization_A2_pct,StartsPerHour_A2,Utilization_A3_pct,StartsPerHour_A3,FlowShare_Line_Agios_pct,FlowShare_Line_Borehole_pct,FlowShare_Line_Distribution_pct,FlowRate_Borehole_m3h,FlowRate_Distribution_m3h,Utilization_Distribution_Dominant_pct,StartsPerHour_Distribution,FlowRate_Agios_daily_avg_m3h,Pumps_Active
2020-01-01,919.0,184.0,1122.0,4.003333568572998,19.953332901000977,2.279444456100464,1.0,5.0,5.0,55.75899887084961,2020,1,2020-01,1122.0,1103.0,2225.0,1306.0,23.956666469573975,6.0,26.23611092567444,11.0,0.04969607742499965,0.04269448611856785,16.680556535720825,0.24979182545521766,83.13888708750406,0.2505847030572607,9.497685233751934,2.193516927608624,41.30337078651685,8.269662921348313,50.426966292134836,80.72142293599735,46.83456278965146,83.13888708750406,0.2504522074312912,38.291666666666664,3
2020-01-02,863.0,270.0,1150.0,0.0,23.949443817138672,3.327777862548828,0.0,6.0,7.0,60.43000030517578,2020,1,2020-01,1150.0,1133.0,2283.0,1420.0,23.949443817138672,6.0,27.2772216796875,13.0,0.052547826352326764,0.04255633824308153,0.0,,99.78934923807779,0.25052773859016664,13.865741093953451,2.103505789487561,37.80113885238721,11.826544021024969,50.37231712658782,81.13522330880592,48.017816563115275,99.78934923807779,0.25052773859016664,35.958333333333336,2
2020-01-03,929.0,181.0,1128.0,0.0,23.947221755981445,2.2261111736297607,1.0,7.0,5.0,55.42100143432617,2020,1,2020-01,1128.0,1110.0,2238.0,1309.0,23.947221755981445,8.0,26.173332929611206,13.0,0.04913209347014732,0.04233842737534467,0.0,,99.7800906499227,0.29230948254995665,9.275463223457336,2.2460693155083113,41.510277033065236,8.087578194816802,50.402144772117964,81.30770922140087,47.103585188050154,99.7800906499227,0.33406798005709326,38.708333333333336,2
2020-01-04,843.0,302.0,1160.0,4.003333568572998,19.953332901000977,3.7283332347869873,1.0,5.0,8.0,62.486000061035156,2020,1,2020-01,1160.0,1145.0,2305.0,1462.0,23.956666469573975,6.0,27.684999704360962,14.0,0.05386724143192686,0.04274008212109108,16.680556535720825,0.24979182545521766,83.13888708750406,0.2505847030572607,15.534721811612448,2.1457309462996723,36.57266811279826,13.101952277657267,50.32537960954448,81.00134322281262,48.42076010338297,83.13888708750406,0.2504522074312912,35.125,3
2020-01-05,909.0,190.0,1118.0,0.0,23.5977783203125,2.341111183166504,0.0,7.0,5.0,55.39500045776367,2020,1,2020-01,1118.0,1099.0,2217.0,1308.0,23.5977783203125,7.0,25.938889503479004,12.0,0.04954830094612135,0.042350917781164885,0.0,,98.32407633463541,0.2966380946961663,9.754629929860432,2.1357379504023286,41.00135317997294,8.570139828597204,50.428506991429856,81.1580421152885,47.37734141004485,98.32407633463541,0.2966380946961663,37.875,2
2020-01-06,904.0,223.0,1143.0,0.0,23.903888702392578,2.732222318649292,0.0,6.0,6.0,57.768001556396484,2020,1,2020-01,1143.0,1127.0,2270.0,1366.0,23.903888702392578,6.0,26.63611102104187,12.0,0.05054068377637488,0.04228989865036346,0.0,,99.59953625996908,0.25100518475052347,11.384259661038715,2.1960145625946628,39.82378854625551,9.823788546255505,50.35242290748899,81.61854124310163,47.816487694974725,99.59953625996908,0.25100518475052347,37.666666666666664,2
2020-01-07,906.0,229.0,1150.0,4.000555515289307,19.95111083984375,2.798888921737671,1.0,5.0,6.0,58.41699981689453,2020,1,2020-01,1150.0,1135.0,2285.0,1379.0,23.951666355133057,6.0,26.750555276870728,12.0,0.05079739114512568,0.04236185628491264,16.668981313705444,0.2499652851155806,83.12962849934897,0.25061261200627755,11.662037173906963,2.1437077954043784,39.649890590809626,10.021881838074398,50.32822757111597,81.81818085793377,48.01336086386928,83.12962849934897,0.25050449146366577,37.75,3
2020-01-08,899.0,232.0,1130.0,0.0,23.948333740234375,2.612222194671631,0.0,6.0,6.0,56.935001373291016,2020,1,2020-01,1130.0,1131.0,2261.0,1362.0,23.948333740234375,6.0,26.560555934906006,12.0,0.050384956967514175,0.041802497337218074,0.0,,99.78472391764322,0.25053935130024124,10.88425914446513,2.2968949625490147,39.76116762494472,10.260946483856701,49.97788589119859,88.81327188522856,47.18491116154543,99.78472391764322,0.25053935130024124,37.458333333333336,2
2020-01-09,869.0,267.0,1144.0,0.0,23.95722198486328,3.2300000190734863,0.0,6.0,7.0,59.54399871826172,2020,1,2020-01,1144.0,1136.0,2280.0,1411.0,23.95722198486328,6.0,27.187222003936768,13.0,0.052048949928550456,0.04219985734816564,0.0,,99.82175827026367,0.2504463999954142,13.458333412806192,2.1671826497412603,38.1140350877193,11.710526315789474,50.175438596491226,82.66253821155951,47.751780265792306,99.82175827026367,0.2504463999954142,36.208333333333336,2
2020-01-10,866.0,222.0,1100.0,4.003333568572998,19.952777862548828,2.690000057220459,2.0,5.0,6.0,56.861000061035156,2020,1,2020-01,1100.0,1088.0,2188.0,1322.0,23.956111431121826,7.0,26.646111488342285,13.0,0.05169181823730469,0.04301134649094944,16.680556535720825,0.49958365091043533,83.13657442728677,0.2505916737230334,11.208333571751911,2.230483223929638,39.57952468007313,10.146252285191956,50.27422303473492,82.52787928539661,45.91730186105954,83.13657442728677,0.29220101184310615,36.083333333333336,3
2020-01-11,865.0,232.0,1111.0,0.0,23.948333740234375,2.857222318649292,3.0,6.0,6.0,57.74300003051758,2020,1,2020-01,1111.0,1097.0,2208.0,1343.0,23.948333740234375,9.0,26.805556058883667,15.0,0.051973897417207544,0.042995532412894694,0.0,,99.78472391764322,0.25053935130024124,11.905092994372051,2.0999415974170352,39.17572463768116,10.507246376811594,50.31702898550725,81.19774176679203,46.39153654909467,99.78472391764322,0.37580902695036184,36.041666666666664,2
2020-01-12,865.0,250.0,1132.0,4.003333568572998,19.9505558013916,3.0966665744781494,2.0,5.0,6.0,59.63100051879883,2020,1,2020-01,1132.0,1115.0,2247.0,1382.0,23.9538893699646,7.0,27.05055594444275,13.0,0.05267756229575868,0.0431483361206938,16.680556535720825,0.49958365091043533,83.12731583913168,0.25061958422487846,12.902777393658956,1.9375673343233992,38.495772140631956,11.125945705384959,50.378282153983086,80.73197226347497,47.257461304776534,83.12731583913168,0.29222811760904216,36.041666666666664,3
2020-01-13,901.0,177.0,1097.0,0.0,23.949443817138672,2.193333387374878,0.0,6.0,5.0,54.47200012207031,2020,1,2020-01,1097.0,1078.0,2175.0,1274.0,23.949443817138672,6.0,26.14277720451355,11.0,0.04965542399459463,0.042756671995345615,0.0,,99.78934923807779,0.25052773859016664,9.138889114061993,2.2796352021907262,41.42528735632184,8.137931034482758,50.4367816091954,80.6990861575517,45.80482153890213,99.78934923807779,0.25052773859016664,37.541666666666664,2
2020-01-14,959.0,66.0,1043.0,4.003333568572998,19.9505558013916,0.8149999976158142,4.0,5.0,2.0,47.61600112915039,2020,1,2020-01,1043.0,1025.0,2068.0,1109.0,23.9538893699646,9.0,24.768889367580414,11.0,0.04565292533954975,0.04293597937705175,16.680556535720825,0.9991673018208707,83.12731583913168,0.25061958422487846,3.3958333233992257,2.4539877372401997,46.37330754352031,3.1914893617021276,50.435203094777556,80.98159532892659,43.54198952374728,83.12731583913168,0.37572186549733994,39.958333333333336,3
2020-01-15,922.0,107.0,1049.0,0.0,23.948888778686523,1.3350000381469727,0.0,6.0,3.0,49.715999603271484,2020,1,2020-01,1049.0,1029.0,2078.0,1156.0,23.948888778686523,6.0,25.283888816833496,9.0,0.0473937079154161,0.043006920072034154,0.0,,99.7870365778605,0.2505335448106361,5.562500158945719,2.247190947023572,44.36958614051973,5.149181905678537,50.48123195380173,80.14981044384074,43.801614751059546,99.7870365778605,0.2505335448106361,38.416666666666664,2
2020-01-16,895.0,139.0,1053.0,4.000555515289307,19.95222282409668,1.7261110544204712,1.0,5.0,4.0,51.45500183105469,2020,1,2020-01,1053.0,1034.0,2087.0,1192.0,23.952778339385986,6.0,25.678889393806458,10.0,0.04886514893737387,0.04316694784484454,16.668981313705444,0.2499652851155806,83.13426176706949,0.25059864477663135,7.19212939341863,2.3173480001511084,42.88452323909919,6.660277910876856,50.455198850023955,80.52784300525101,43.961497287708504,83.13426176706949,0.2504928620382251,37.291666666666664,3
2020-01-17,918.0,110.0,1047.0,0.0,23.471111297607422,1.3583333492279053,2.0,7.0,6.0,57.63800048828125,2020,1,2020-01,1047.0,1028.0,2075.0,1157.0,23.471111297607422,9.0,24.829444646835327,15.0,0.05505062128775669,0.04981676792418431,0.0,,97.79629707336426,0.29823896752232437,5.659722288449606,4.417177862422711,44.24096385542169,5.301204819277109,50.45783132530121,80.98159414441636,44.60802842798194,97.79629707336426,0.3834501011001313,38.25,2
2020-01-18,805.0,284.0,1106.0,0.0,23.948888778686523,3.529444456100464,1.0,6.0,7.0,89.67500305175781,2020,1,2020-01,1106.0,1089.0,2195.0,1390.0,23.948888778686523,7.0,27.478333234786987,14.0,0.08108047292202333,0.06451439068471786,0.0,,99.7870365778605,0.2505335448106361,14.706018567085266,1.9833149627559257,36.674259681093396,12.938496583143507,50.3872437357631,80.46592134609756,46.181683426760586,99.7870365778605,0.29228913561240877,33.541666666666664,2
2020-01-19,870.0,179.0,1067.0,0.0,23.94611167907715,2.2200000286102295,1.0,6.0,5.0,80.3949966430664,2020,1,2020-01,1067.0,1049.0,2116.0,1246.0,23.94611167907715,7.0,26.166111707687378,12.0,0.07534676348928436,0.06452246921594415,0.0,,99.77546532948813,0.25056259990812974,9.25000011920929,2.2522522232263724,41.11531190926276,8.459357277882798,50.42533081285444,80.63062959150413,44.55838235032907,99.77546532948813,0.29232303322615133,36.25,2
2020-01-20,908.0,143.0,1070.0,4.003333568572998,19.949443817138672,1.7805556058883667,3.0,5.0,4.0,78.09600067138672,2020,1,2020-01,1070.0,1051.0,2121.0,1213.0,23.95277738571167,8.0,25.733332991600037,12.0,0.07298691651531469,0.06438252322455625,16.680556535720825,0.749375476365653,83.12268257141113,0.2506335537888266,7.418981691201528,2.246489796090526,42.809995285242806,6.742102781706742,50.447901933050446,80.31201021023631,44.67122884205809,83.12268257141113,0.3339904960153876,37.833333333333336,3
2020-01-21,896.0,138.0,1053.0,0.0,23.947221755981445,1.7122222185134888,3.0,6.0,4.0,76.88899993896484,2020,1,2020-01,1053.0,1034.0,2087.0,1191.0,23.947221755981445,9.0,25.659443974494934,13.0,0.07301899329436358,0.06455835427285042,0.0,,99.7800906499227,0.25055098504282,7.134259243806203,2.336145365215916,42.93243890752276,6.6123622424532815,50.455198850023955,80.5970150999491,43.971697875014904,99.7800906499227,0.37582647756422993,37.333333333333336,2
2020-01-22,885.0,175.0,1079.0,0.0,23.949443817138672,2.1811110973358154,1.0,6.0,5.0,79.58200073242188,2020,1,2020-01,1079.0,1060.0,2139.0,1254.0,23.949443817138672,7.0,26.130554914474487,12.0,0.07375532968713798,0.06346252052027263,0.0,,99.78934923807779,0.25052773859016664,9.087962905565899,2.2924095916560154,41.374474053295934,8.18139317438055,50.44413277232351,80.23433570796054,45.05323832313164,99.78934923807779,0.2922823616885277,36.875,2
2020-01-23,934.0,102.0,1056.0,4.003333568572998,19.95111083984375,1.2649999856948853,1.0,5.0,3.0,37.303001403808594,2020,1,2020-01,1056.0,1036.0,2092.0,1158.0,23.954444408416748,6.0,25.219444394111633,9.0,0.035324811935424805,0.03221330000328894,16.680556535720825,0.24979182545521766,83.12962849934897,0.25061261200627755,5.270833273728689,2.371541528794604,44.64627151051625,4.875717017208412,50.47801147227533,80.63241197901652,44.083677416828706,83.12962849934897,0.2504754398683449,38.916666666666664,3
2020-01-24,921.0,103.0,1043.0,0.0,23.946666717529297,1.2805556058883667,0.0,6.0,3.0,36.96099853515625,2020,1,2020-01,1043.0,1024.0,2067.0,1146.0,23.946666717529297,6.0,25.227222323417664,9.0,0.035437198979056804,0.03225218022264943,0.0,,99.77777798970541,0.2505567923408695,5.335648357868195,2.342733096637997,44.55732946298984,4.98306724721819,50.459603289791964,80.43383631790456,43.55512240192115,99.77777798970541,0.2505567923408695,38.375,2
2020-01-25,853.0,213.0,1084.0,0.0,23.939443588256836,2.6455554962158203,1.0,6.0,6.0,41.632999420166016,2020,1,2020-01,1084.0,1066.0,2150.0,1297.0,23.939443588256836,7.0,26.584999084472656,13.0,0.038406826033363484,0.03209945984592599,0.0,,99.74768161773682,0.2506323915959023,11.02314790089925,2.2679546917773408,39.674418604651166,9.906976744186046,50.41860465116279,80.51239155809559,45.28091874832635,99.74768161773682,0.29240445686188604,35.541666666666664,2
2020-01-26,820.0,262.0,1099.0,4.003333568572998,19.94611167907715,3.2555556297302246,1.0,5.0,7.0,43.97600173950195,2020,1,2020-01,1099.0,1082.0,2181.0,1361.0,23.949445247650146,6.0,27.20500087738037,13.0,0.04001456027252225,0.03231153691366786,16.680556535720825,0.24979182545521766,83.10879866282144,0.25067542388448794,13.564815123875936,2.1501705994746168,37.59743237047226,12.012838147638698,50.38972948188905,80.47781386604994,45.88832804416757,83.10879866282144,0.2505277236260286,34.166666666666664,3
2020-01-27,992.0,32.0,1046.0,0.0,23.89611053466797,0.4050000011920929,0.0,6.0,1.0,34.358001708984375,2020,1,2020-01,1046.0,1024.0,2070.0,1078.0,23.89611053466797,6.0,24.30111053586006,7.0,0.032847037962700165,0.03187198674302818,0.0,,99.5671272277832,0.25108688676742297,1.6875000049670537,2.4691357952013844,47.92270531400966,1.5458937198067633,50.53140096618357,79.0123454464443,43.77281392645408,99.5671272277832,0.25108688676742297,41.333333333333336,2
2020-01-28,923.0,139.0,1081.0,0.0,23.939443588256836,1.7261110544204712,1.0,6.0,4.0,38.917999267578125,2020,1,2020-01,1081.0,1062.0,2143.0,1220.0,23.939443588256836,7.0,25.665554642677307,11.0,0.03600184946121936,0.031899999399654204,0.0,,99.74768161773682,0.2506323915959023,7.19212939341863,2.3173480001511084,43.07046196920205,6.48623425104993,50.443303779748014,80.52784300525101,45.1556025525284,99.74768161773682,0.29240445686188604,38.458333333333336,2
2020-01-29,953.0,67.0,1041.0,0.0,23.898889541625977,0.8349999785423279,1.0,6.0,2.0,35.56999969482422,2020,1,2020-01,1041.0,1020.0,2061.0,1108.0,23.898889541625977,7.0,24.733889520168304,9.0,0.03416906791049397,0.03210288781121319,0.0,,99.57870642344156,0.25105768992109356,3.4791665772596994,2.395209642389968,46.23968947113052,3.2508491023774866,50.509461426491995,80.23952302006393,43.55850920130973,99.57870642344156,0.2929006382412758,39.708333333333336,2
2020-01-30,900.0,137.0,1055.0,4.003333568572998,19.949443817138672,1.701111078262329,2.0,5.0,4.0,38.619998931884766,2020,1,2020-01,1055.0,1037.0,2092.0,1192.0,23.95277738571167,7.0,25.653888463974,11.0,0.03660663405865854,0.032399327962990575,16.680556535720825,0.49958365091043533,83.12268257141113,0.2506335537888266,7.087962826093038,2.3514043563139726,43.021032504780116,6.548757170172085,50.430210325047796,80.53559920375356,44.04499666202924,83.12268257141113,0.2922416840134642,37.5,3
2020-01-31,894.0,135.0,1048.0,0.0,23.947221755981445,1.6766666173934937,0.0,6.0,4.0,38.3120002746582,2020,1,2020-01,1048.0,1029.0,2077.0,1183.0,23.947221755981445,6.0,25.62388837337494,10.0,0.03655725217047538,0.032385460925323926,0.0,,99.7800906499227,0.25055098504282,6.986110905806224,2.385685954801382,43.042850264805004,6.499759268175252,50.457390467019735,80.51690097454663,43.76290538747922,99.7800906499227,0.25055098504282,37.25,2
2020-02-01,835.0,223.0,1077.0,4.000555515289307,19.946666717529297,2.777777671813965,2.0,5.0,6.0,42.40800094604492,2020,2,2020-02,1077.0,1058.0,2135.0,1300.0,23.947222232818604,7.0,26.72499990463257,13.0,0.039376045446652665,0.032621539189265324,16.668981313705444,0.4999305702311612,83.11111132303873,0.25066844855867365,11.574073632558186,2.160000082397464,39.11007025761124,10.44496487119438,50.44496487119437,80.28000306243908,44.973900919665724,83.11111132303873,0.29230947672948937,34.791666666666664,3
2020-02-02,913.0,110.0,1042.0,0.0,23.947778701782227,1.368333339691162,0.0,6.0,3.0,37.44200134277344,2020,2,2020-02,1042.0,1023.0,2065.0,1152.0,23.947778701782227,6.0,25.31611204147339,9.0,0.035932822785771056,0.03250173727671305,0.0,,99.78241125742593,0.25054515805900074,5.701388915379843,2.192448223674146,44.21307506053269,5.326876513317192,50.46004842615012,80.38976820138535,43.5113424495798,99.78241125742593,0.25054515805900074,38.041666666666664,2
2020-02-03,917.0,101.0,1037.0,0.0,23.948333740234375,1.2549999952316284,0.0,6.0,3.0,37.02899932861328,2020,2,2020-02,1037.0,1018.0,2055.0,1138.0,23.948333740234375,6.0,25.203333735466003,9.0,0.03570781034581801,0.03253866373340358,0.0,,99.78472391764322,0.25053935130024124,5.229166646798452,2.3904382560944204,44.62287104622871,4.914841849148418,50.462287104622874,80.47808795517882,43.301551216391694,99.78472391764322,0.25053935130024124,38.208333333333336,2
2020-02-04,932.0,67.0,1020.0,0.0,23.945554733276367,0.8311111330986023,1.0,6.0,2.0,35.481998443603516,2020,2,2020-02,1020.0,999.0,2019.0,1087.0,23.945554733276367,7.0,24.77666586637497,9.0,0.03478627298392502,0.03264213288279992,0.0,,99.77314472198486,0.25056842770328447,3.4629630545775094,2.406417048636409,46.161466072313026,3.3184744923229323,50.52005943536404,80.6149711293197,42.59663270955836,99.77314472198486,0.29232983232049853,38.833333333333336,2
2020-02-05,968.0,31.0,1019.0,0.0,23.947221755981445,0.38777777552604675,0.0,6.0,1.0,34.229000091552734,2020,2,2020-02,1019.0,999.0,2018.0,1050.0,23.947221755981445,6.0,24.334999531507492,7.0,0.03359077535971809,0.0325990477062407,0.0,,99.7800906499227,0.25055098504282,1.6157407313585281,2.5787965765790277,47.968285431119924,1.5361744301288405,50.49554013875124,79.94269387394985,42.551908959772256,99.7800906499227,0.25055098504282,40.333333333333336,2
2020-02-06,946.0,69.0,1037.0,0.0,23.94611167907715,0.8566666841506958,2.0,6.0,2.0,35.86000061035156,2020,2,2020-02,1037.0,1015.0,2052.0,1106.0,23.94611167907715,8.0,24.802778363227844,10.0,0.03458052132145763,0.03242314702563433,0.0,,99.77546532948813,0.25056259990812974,3.5694445172945657,2.334630302546213,46.10136452241716,3.3625730994152043,50.53606237816764,80.54474543784434,43.30556935078842,99.77546532948813,0.334083466544173,39.416666666666664,2
2020-02-07,922.0,100.0,1041.0,0.0,23.94611167907715,1.246666669845581,1.0,6.0,3.0,37.000999450683594,2020,2,2020-02,1041.0,1022.0,2063.0,1141.0,23.94611167907715,7.0,25.19277834892273,10.0,0.03554370744542132,0.03242857094713724,0.0,,99.77546532948813,0.25056259990812974,5.1944444576899205,2.406417106163267,44.69219583131362,4.847309743092584,50.460494425593794,80.21390353877557,43.47261108406051,99.77546532948813,0.29232303322615133,38.416666666666664,2
2020-02-08,803.0,269.0,1089.0,4.003333568572998,19.947221755981445,3.3550000190734863,1.0,5.0,7.0,44.279998779296875,2020,2,2020-02,1089.0,1072.0,2161.0,1358.0,23.950555324554443,6.0,27.30555534362793,13.0,0.04066115590385388,0.0326067737697326,16.680556535720825,0.24979182545521766,83.11342398325601,0.2506614736210411,13.979166746139526,2.086438140150328,37.15872281351226,12.447940768162887,50.39333641832485,80.17883710006261,45.46867432687634,83.11342398325601,0.250516111993809,33.458333333333336,3
2020-02-09,834.0,229.0,1081.0,0.0,23.945554733276367,2.8561110496520996,0.0,6.0,6.0,42.494998931884766,2020,2,2020-02,1081.0,1063.0,2144.0,1310.0,23.945554733276367,6.0,26.801665782928467,12.0,0.039310822323667685,0.032438930482354786,0.0,,99.77314472198486,0.25056842770328447,11.900462706883747,2.100758652479866,38.899253731343286,10.680970149253731,50.41977611940298,80.17895523631488,45.14407839120842,99.77314472198486,0.25056842770328447,34.75,2
2020-02-10,984.0,33.0,1037.0,0.0,23.942222595214844,0.4099999964237213,0.0,6.0,2.0,34.43600082397461,2020,2,2020-02,1037.0,1017.0,2054.0,1070.0,23.942222595214844,6.0,24.352222591638565,8.0,0.03320732962774794,0.03218317834016319,0.0,,99.75926081339517,0.25060330034685985,1.708333318432172,4.878048823037225,47.906523855890946,1.6066212268743916,50.486854917234666,80.4878055801142,43.31260374328228,99.75926081339517,0.25060330034685985,41.0,2
2020-02-11,989.0,0.0,1010.0,4.000555515289307,19.948888778686523,0.0,1.0,5.0,0.0,33.11000061035156,2020,2,2020-02,1010.0,989.0,1999.0,1010.0,23.94944429397583,6.0,23.94944429397583,6.0,0.03278217882213026,0.03278217882213026,16.668981313705444,0.2499652851155806,83.12036991119385,0.25064052717272256,0.0,,49.47473736868434,0.0,50.52526263131566,,42.17216848969027,83.12036991119385,0.25052773360212044,41.208333333333336,2
2020-02-12,970.0,32.0,1023.0,0.0,23.947221755981445,0.40611112117767334,1.0,6.0,1.0,34.34199905395508,2020,2,2020-02,1023.0,1002.0,2025.0,1055.0,23.947221755981445,7.0,24.35333287715912,8.0,0.03356989154834319,0.03255165787104747,0.0,,99.7800906499227,0.25055098504282,1.692129671573639,2.4623802399208383,47.901234567901234,1.580246913580247,50.51851851851852,78.79616767746683,42.718942949800805,99.7800906499227,0.29230948254995665,40.416666666666664,2
2020-02-13,975.0,33.0,1030.0,4.003333568572998,19.942222595214844,0.41333332657814026,2.0,5.0,1.0,34.7140007019043,2020,2,2020-02,1030.0,1008.0,2038.0,1063.0,23.945556163787842,7.0,24.358889490365982,8.0,0.03370291330281971,0.03265663283340009,16.680556535720825,0.49958365091043533,83.09259414672852,0.25072430999740997,1.7222221940755844,2.4193548782497,47.84102060843965,1.619234543670265,50.53974484789009,79.8387109822401,43.0142441860523,83.09259414672852,0.2923298148566661,40.625,3
2020-02-14,973.0,0.0,994.0,0.0,23.94333267211914,0.0,0.0,6.0,0.0,32.590999603271484,2020,2,2020-02,994.0,973.0,1967.0,994.0,23.94333267211914,6.0,23.94333267211914,6.0,0.03278772595902564,0.03278772595902564,0.0,,99.76388613382974,0.25059168170798174,0.0,,49.46619217081851,0.0,50.5338078291815,,41.514688602955644,99.76388613382974,0.25059168170798174,40.541666666666664,1
2020-02-15,912.0,135.0,1068.0,4.000555515289307,19.948333740234375,1.6844444274902344,2.0,5.0,4.0,38.95500183105469,2020,2,2020-02,1068.0,1047.0,2115.0,1203.0,23.94888925552368,7.0,25.633333683013916,11.0,0.036474720815594275,0.032381547656737064,16.668981313705444,0.4999305702311612,83.11805725097656,0.2506475009446706,7.018518447875977,2.374670208598016,43.12056737588652,6.382978723404255,50.49645390070921,80.14511954018303,44.594970088379846,83.11805725097656,0.2922891297927518,38.0,3
2020-02-16,908.0,140.0,1067.0,0.0,23.94611167907715,1.7422221899032593,1.0,6.0,4.0,38.856998443603516,2020,2,2020-02,1067.0,1048.0,2115.0,1207.0,23.94611167907715,7.0,25.688333868980408,11.0,0.03641705571096862,0.03219303930704517,0.0,,99.77546532948813,0.25056259990812974,7.259259124596913,2.2959184099372014,42.931442080378254,6.619385342789598,50.44917257683215,80.35714434780205,44.55838235032907,99.77546532948813,0.29232303322615133,37.833333333333336,2
2020-02-17,988.0,32.0,1041.0,0.0,23.94611167907715,0.39888888597488403,0.0,6.0,1.0,34.62200164794922,2020,2,2020-02,1041.0,1020.0,2061.0,1073.0,23.94611167907715,6.0,24.345000565052032,7.0,0.03325840696248724,0.03226654394030682,0.0,,99.77546532948813,0.25056259990812974,1.6620370248953502,2.50696380661497,47.937894226103836,1.5526443474041727,50.509461426491995,80.22284181167905,43.47261108406051,99.77546532948813,0.25056259990812974,41.166666666666664,2
2020-02-18,1015.0,0.0,1037.0,4.003333568572998,19.948333740234375,0.0,1.0,5.0,0.0,33.494998931884766,2020,2,2020-02,1037.0,1015.0,2052.0,1037.0,23.951667308807373,6.0,23.951667308807373,6.0,0.03229990253797952,0.03229990253797952,16.680556535720825,0.24979182545521766,83.11805725097656,0.2506475009446706,0.0,,49.46393762183236,0.0,50.53606237816764,,43.2955245507556,83.11805725097656,0.2505044814894249,42.291666666666664,2
2020-02-19,970.0,32.0,1022.0,0.0,23.77777862548828,0.402222216129303,0.0,8.0,2.0,34.31100082397461,2020,2,2020-02,1022.0,1002.0,2024.0,1054.0,23.77777862548828,8.0,24.180000841617584,10.0,0.03357240785124717,0.032553131711550866,0.0,,99.07407760620117,0.336448586135986,1.6759259005387623,4.972375765929987,47.92490118577075,1.5810276679841897,50.494071146245055,79.5580122548798,42.98130687887221,99.07407760620117,0.336448586135986,40.416666666666664,2
2020-02-20,981.0,0.0,1001.0,0.0,23.9516658782959,0.0,0.0,0.0,0.0,33.19499969482422,2020,2,2020-02,1001.0,981.0,1982.0,1001.0,23.9516658782959,0.0,23.9516658782959,0.0,0.033161837856967254,0.033161837856967254,0.0,,99.79860782623291,0.0,0.0,,49.49545913218971,0.0,50.50454086781029,,41.79250015787289,99.79860782623291,0.0,40.875,1
2020-02-21,970.0,39.0,1025.0,0.0005555555690079927,23.5222225189209,0.4394444525241852,3.0,3.0,2.0,34.47700119018555,2020,2,2020-02,1025.0,1009.0,2034.0,1064.0,23.522778074489906,6.0,23.96222252701409,8.0,0.03363609872213224,0.03240319660731724,0.0023148148708666367,5399.999869242313,98.00926049550375,0.12753896863218805,1.831018552184105,4.55120092769843,47.68928220255654,1.9174041297935103,50.393313667649956,88.74841809011937,43.57478511909258,98.00926049550375,0.25507191289224923,40.416666666666664,3
2020-02-22,923.0,68.0,1008.0,0.0,23.33277702331543,0.8411111235618591,0.0,0.0,2.0,35.38800048828125,2020,2,2020-02,1008.0,991.0,1999.0,1076.0,23.33277702331543,0.0,24.17388814687729,2.0,0.03510714334154886,0.03288847629022421,0.0,,97.2199042638143,0.0,3.5046296815077462,2.377807098223343,46.17308654327164,3.401700850425213,50.42521260630315,80.84544133959366,43.20102999281866,97.2199042638143,0.0,38.458333333333336,2
2020-02-23,927.0,107.0,1053.0,0.0,23.954999923706055,1.3372222185134888,0.0,0.0,3.0,37.97800064086914,2020,2,2020-02,1053.0,1034.0,2087.0,1160.0,23.954999923706055,0.0,25.292222142219543,3.0,0.03606647734175607,0.03273965572488719,0.0,,99.81249968210855,0.0,5.571759243806204,2.243456591182671,44.41782462865357,5.126976521322472,50.455198850023955,80.0166184188486,43.957420302804636,99.81249968210855,0.0,38.625,2
2020-02-24,900.0,151.0,1056.0,0.0,23.95722198486328,1.7227777242660522,0.0,0.0,4.0,38.6879997253418,2020,2,2020-02,1056.0,1051.0,2107.0,1207.0,23.95722198486328,0.0,25.679999709129333,4.0,0.03663636337627064,0.03205302379895758,0.0,,99.82175827026367,0.0,7.178240517775218,2.321831739323251,42.714760322733746,7.166587565258661,50.11865211200759,87.64914815945272,44.078566399192894,99.82175827026367,0.0,37.5,2
2020-02-25,970.0,43.0,1023.0,0.0,23.956666946411133,0.41999998688697815,0.0,0.0,1.0,33.87099838256836,2020,2,2020-02,1023.0,1013.0,2036.0,1066.0,23.956666946411133,0.0,24.37666693329811,1.0,0.03310948033486643,0.03177391968346,0.0,,99.81944561004639,0.0,1.7499999453624089,2.380952455289242,47.64243614931238,2.111984282907662,50.24557956777996,102.3809555774374,42.702100517086,99.81944561004639,0.0,40.416666666666664,2
2020-02-26,982.0,0.0,1001.0,0.0,23.954444885253906,0.0,0.0,0.0,0.0,32.12799835205078,2020,2,2020-02,1001.0,982.0,1983.0,1001.0,23.954444885253906,0.0,23.954444885253906,0.0,0.03209590244960118,0.03209590244960118,0.0,,99.81018702189127,0.0,0.0,,49.52092788703984,0.0,50.47907211296017,,41.7876517195439,99.81018702189127,0.0,40.916666666666664,1
2020-02-27,943.0,43.0,994.0,0.0,23.9516658782959,0.38999998569488525,0.0,0.0,1.0,33.08100128173828,2020,2,2020-02,994.0,986.0,1980.0,1037.0,23.9516658782959,0.0,24.341665863990784,1.0,0.0332806853941029,0.03190067626011406,0.0,,99.79860782623291,0.0,1.6249999403953552,2.5641026581532893,47.62626262626263,2.1717171717171717,50.2020202020202,110.25641430059143,41.500244912013635,99.79860782623291,0.0,39.291666666666664,2
2020-02-28,964.0,0.0,984.0,0.0,23.954444885253906,0.0,0.0,0.0,0.0,31.697999954223633,2020,2,2020-02,984.0,964.0,1948.0,984.0,23.954444885253906,0.0,23.954444885253906,0.0,0.032213414587625645,0.032213414587625645,0.0,,99.81018702189127,0.0,0.0,,49.48665297741273,0.0,50.513347022587276,,41.07797132071049,99.81018702189127,0.0,40.166666666666664,1
2020-02-29,848.0,212.0,1044.0,0.0,23.947221755981445,2.222222328186035,0.0,0.0,5.0,39.564998626708984,2020,2,2020-02,1044.0,1060.0,2104.0,1256.0,23.947221755981445,0.0,26.16944408416748,5.0,0.03789750826313121,0.031500795084959385,0.0,,99.7800906499227,0.0,9.259259700775146,2.2499998927116445,40.3041825095057,10.076045627376425,49.619771863117876,95.39999545097373,43.59587139745067,99.7800906499227,0.0,35.333333333333336,2
2020-03-01,908.0,68.0,996.0,0.0,0.0,0.0,0.0,0.0,0.0,0.0,2020,3,2020-03,996.0,976.0,1972.0,1064.0,0.0,0.0,0.0,0.0,0.0,0.0,0.0,,0.0,,0.0,,46.0446247464503,3.4482758620689653,50.50709939148072,,,0.0,,37.833333333333336,0
2020-03-02,938.0,67.0,992.0,0.0,0.0,0.0,0.0,0.0,0.0,0.0,2020,3,2020-03,992.0,1005.0,1997.0,1059.0,0.0,0.0,0.0,0.0,0.0,0.0,0.0,,0.0,,0.0,,46.97045568352529,3.355032548823235,49.674511767651474,,,0.0,,39.083333333333336,0
2020-03-03,884.0,129.0,1000.0,0.0,0.0,0.0,0.0,0.0,0.0,0.0,2020,3,2020-03,1000.0,1013.0,2013.0,1129.0,0.0,0.0,0.0,0.0,0.0,0.0,0.0,,0.0,,0.0,,43.91455538996523,6.4083457526080485,49.67709885742673,,,0.0,,36.833333333333336,0
2020-03-04,929.0,30.0,951.0,0.0,0.0,0.0,0.0,0.0,0.0,0.0,2020,3,2020-03,951.0,959.0,1910.0,981.0,0.0,0.0,0.0,0.0,0.0,0.0,0.0,,0.0,,0.0,,48.63874345549738,1.5706806282722512,49.79057591623037,,,0.0,,38.708333333333336,0
2020-03-05,1002.0,0.0,1014.0,0.0,0.0,0.0,0.0,0.0,0.0,0.0,2020,3,2020-03,1014.0,1002.0,2016.0,1014.0,0.0,0.0,0.0,0.0,0.0,0.0,0.0,,0.0,,0.0,,49.702380952380956,0.0,50.297619047619044,,,0.0,,41.75,0
2020-03-06,983.0,0.0,996.0,0.0,0.0,0.0,0.0,0.0,0.0,0.0,2020,3,2020-03,996.0,983.0,1979.0,996.0,0.0,0.0,0.0,0.0,0.0,0.0,0.0,,0.0,,0.0,,49.67155128852956,0.0,50.32844871147044,,,0.0,,40.958333333333336,0
2020-03-07,971.0,54.0,1017.0,0.0,0.0,0.0,0.0,0.0,0.0,0.0,2020,3,2020-03,1017.0,1025.0,2042.0,1071.0,0.0,0.0,0.0,0.0,0.0,0.0,0.0,,0.0,,0.0,,47.551420176297746,2.644466209598433,49.80411361410382,,,0.0,,40.458333333333336,0
2020-03-08,952.0,82.0,1032.0,0.0,0.0,0.0,0.0,0.0,0.0,0.0,2020,3,2020-03,1032.0,1034.0,2066.0,1114.0,0.0,0.0,0.0,0.0,0.0,0.0,0.0,,0.0,,0.0,,46.079380445304935,3.969022265246854,49.95159728944821,,,0.0,,39.666666666666664,0
2020-03-09,364.0,0.0,365.0,0.0,0.0,0.0,0.0,0.0,0.0,0.0,2020,3,2020-03,365.0,364.0,729.0,365.0,0.0,0.0,0.0,0.0,0.0,0.0,0.0,,0.0,,0.0,,49.93141289437586,0.0,50.06858710562414,,,0.0,,15.166666666666666,0
2020-03-10,999.0,0.0,1011.0,0.0,0.0,0.0,0.0,0.0,0.0,0.0,2020,3,2020-03,1011.0,999.0,2010.0,1011.0,0.0,0.0,0.0,0.0,0.0,0.0,0.0,,0.0,,0.0,,49.701492537313435,0.0,50.29850746268657,,,0.0,,41.625,0
2020-03-11,961.0,86.0,1042.0,0.0,0.0,0.0,0.0,0.0,0.0,0.0,2020,3,2020-03,1042.0,1047.0,2089.0,1128.0,0.0,0.0,0.0,0.0,0.0,0.0,0.0,,0.0,,0.0,,46.002872187649594,4.1168022977501195,49.88032551460029,,,0.0,,40.041666666666664,0
2020-03-12,887.0,200.0,1083.0,0.0,0.0,0.0,0.0,0.0,0.0,0.0,2020,3,2020-03,1083.0,1087.0,2170.0,1283.0,0.0,0.0,0.0,0.0,0.0,0.0,0.0,,0.0,,0.0,,40.875576036866356,9.216589861751153,49.907834101382484,,,0.0,,36.958333333333336,0
2020-03-13,949.0,102.0,1061.0,0.0,0.0,0.0,0.0,0.0,0.0,0.0,2020,3,2020-03,1061.0,1051.0,2112.0,1163.0,0.0,0.0,0.0,0.0,0.0,0.0,0.0,,0.0,,0.0,,44.933712121212125,4.829545454545454,50.23674242424242,,,0.0,,39.541666666666664,0
2020-03-14,845.0,267.0,1121.0,0.0,0.0,0.0,0.0,0.0,0.0,0.0,2020,3,2020-03,1121.0,1112.0,2233.0,1388.0,0.0,0.0,0.0,0.0,0.0,0.0,0.0,,0.0,,0.0,,37.841468875951634,11.957008508732647,50.20152261531572,,,0.0,,35.208333333333336,0
2020-03-15,857.0,239.0,1104.0,0.0,0.0,0.0,0.0,0.0,0.0,0.0,2020,3,2020-03,1104.0,1096.0,2200.0,1343.0,0.0,0.0,0.0,0.0,0.0,0.0,0.0,,0.0,,0.0,,38.95454545454545,10.863636363636363,50.18181818181818,,,0.0,,35.708333333333336,0
2020-03-16,1026.0,5.0,1044.0,0.0,0.0,0.0,0.0,0.0,0.0,0.0,2020,3,2020-03,1044.0,1031.0,2075.0,1049.0,0.0,0.0,0.0,0.0,0.0,0.0,0.0,,0.0,,0.0,,49.44578313253012,0.24096385542168677,50.3132530120482,,,0.0,,42.75,0
2020-03-17,848.0,275.0,1131.0,0.0,0.0,0.0,0.0,0.0,0.0,0.0,2020,3,2020-03,1131.0,1123.0,2254.0,1406.0,0.0,0.0,0.0,0.0,0.0,0.0,0.0,,0.0,,0.0,,37.62200532386868,12.20053238686779,50.17746228926353,,,0.0,,35.333333333333336,0
2020-03-18,827.0,293.0,1130.0,0.0,0.0,0.0,0.0,0.0,0.0,0.0,2020,3,2020-03,1130.0,1120.0,2250.0,1423.0,0.0,0.0,0.0,0.0,0.0,0.0,0.0,,0.0,,0.0,,36.75555555555556,13.02222222222222,50.22222222222222,,,0.0,,34.458333333333336,0
2020-03-19,879.0,256.0,1142.0,0.0,0.0,0.0,0.0,0.0,0.0,0.0,2020,3,2020-03,1142.0,1135.0,2277.0,1398.0,0.0,0.0,0.0,0.0,0.0,0.0,0.0,,0.0,,0.0,,38.6034255599473,11.24286341677646,50.15371102327624,,,0.0,,36.625,0
2020-03-20,826.0,308.0,1143.0,0.0,0.0,0.0,0.0,0.0,0.0,0.0,2020,3,2020-03,1143.0,1134.0,2277.0,1451.0,0.0,0.0,0.0,0.0,0.0,0.0,0.0,,0.0,,0.0,,36.2758014931928,13.526570048309178,50.19762845849802,,,0.0,,34.416666666666664,0
2020-03-21,824.0,316.0,1147.0,0.0,0.0,0.0,0.0,0.0,0.0,0.0,2020,3,2020-03,1147.0,1140.0,2287.0,1463.0,0.0,0.0,0.0,0.0,0.0,0.0,0.0,,0.0,,0.0,,36.0297332750328,13.817227809357234,50.15303891560997,,,0.0,,34.333333333333336,0
2020-03-22,921.0,142.0,1073.0,0.0,0.0,0.0,0.0,0.0,0.0,0.0,2020,3,2020-03,1073.0,1063.0,2136.0,1215.0,0.0,0.0,0.0,0.0,0.0,0.0,0.0,,0.0,,0.0,,43.11797752808989,6.647940074906367,50.234082397003746,,,0.0,,38.375,0
2020-03-23,1033.0,66.0,1111.0,0.0,0.0,0.0,0.0,0.0,0.0,0.0,2020,3,2020-03,1111.0,1099.0,2210.0,1177.0,0.0,0.0,0.0,0.0,0.0,0.0,0.0,,0.0,,0.0,,46.7420814479638,2.986425339366516,50.27149321266968,,,0.0,,43.041666666666664,0
2020-03-24,876.0,300.0,1183.0,0.0,0.0,0.0,0.0,0.0,0.0,0.0,2020,3,2020-03,1183.0,1176.0,2359.0,1483.0,0.0,0.0,0.0,0.0,0.0,0.0,0.0,,0.0,,0.0,,37.13437897414158,12.71725307333616,50.14836795252226,,,0.0,,36.5,0
2020-03-25,1007.0,170.0,1176.0,0.0,0.0,0.0,0.0,0.0,0.0,0.0,2020,3,2020-03,1176.0,1177.0,2353.0,1346.0,0.0,0.0,0.0,0.0,0.0,0.0,0.0,,0.0,,0.0,,42.796430089247764,7.2248193795155125,49.97875053123672,,,0.0,,41.958333333333336,0
2020-03-26,996.0,198.0,1201.0,0.0,23.939443588256836,2.4133334159851074,0.0,0.0,5.0,342.2799987792969,2020,3,2020-03,1201.0,1194.0,2395.0,1399.0,23.939443588256836,0.0,26.352777004241943,5.0,0.28499583578625887,0.24466047089299275,0.0,,99.74768161773682,0.0,10.055555899937946,2.0718231334641475,41.586638830897705,8.26722338204593,50.14613778705637,82.04419608518023,50.168250384446445,99.74768161773682,0.0,41.5,2
2020-03-27,994.0,180.0,1185.0,0.0,23.94444465637207,2.235555648803711,0.0,0.0,5.0,334.1520080566406,2020,3,2020-03,1185.0,1174.0,2359.0,1365.0,23.94444465637207,0.0,26.18000030517578,5.0,0.28198481692543514,0.24480000590230083,0.0,,99.7685194015503,0.0,9.314815203348797,2.2365804236077045,42.13649851632047,7.630351844001695,50.23314963967783,80.51689524987735,49.48955872671071,99.7685194015503,0.0,41.416666666666664,2
2020-03-28,905.0,337.0,1246.0,0.0,23.94499969482422,4.108889102935791,0.0,0.0,8.0,389.9200134277344,2020,3,2020-03,1246.0,1242.0,2488.0,1583.0,23.94499969482422,0.0,28.05388879776001,8.0,0.31293741045564555,0.24631712787601667,0.0,,99.77083206176758,0.0,17.12037126223246,1.946998276075161,36.37459807073955,13.545016077170418,50.08038585209004,82.01730237966616,52.03591630319906,99.77083206176758,0.0,37.708333333333336,2
2020-03-29,835.0,387.0,1226.0,0.0,22.94444465637207,4.769444465637207,0.0,0.0,9.0,396.88800048828125,2020,3,2020-03,1226.0,1222.0,2448.0,1613.0,22.94444465637207,0.0,27.713889122009277,9.0,0.32372593840805974,0.24605579695491708,0.0,,95.60185273488364,0.0,19.872685273488365,1.8870122222499937,34.10947712418301,15.808823529411764,50.08169934640523,81.14152555674973,53.433413550042864,95.60185273488364,0.0,34.791666666666664,2
2020-03-30,860.0,389.0,1258.0,0.0,23.943889617919922,4.836666584014893,0.0,0.0,9.0,408.8800048828125,2020,3,2020-03,1258.0,1249.0,2507.0,1647.0,23.943889617919922,0.0,28.780556201934814,9.0,0.32502385125819755,0.2482574407303051,0.0,,99.76620674133301,0.0,20.152777433395386,1.8607856968567689,34.303948942959714,15.516553649780615,50.179497407259674,80.42729289747591,52.53950047691902,99.76620674133301,0.0,35.833333333333336,2
2020-03-31,915.0,314.0,1220.0,0.0,23.94444465637207,3.6955554485321045,0.0,0.0,7.0,373.6239929199219,2020,3,2020-03,1220.0,1229.0,2449.0,1534.0,23.94444465637207,0.0,27.640000104904175,7.0,0.3062491745245261,0.24356192498039236,0.0,,99.7685194015503,0.0,15.398147702217102,1.8941672226242579,37.36218864842793,12.82155982033483,49.816251531237235,84.96692970057386,50.95127565112833,99.7685194015503,0.0,38.125,2
2020-04-01,811.0,376.0,1066.0,0.0,23.941110610961914,4.548333168029785,0.0,0.0,2.0,366.7919921875,2020,4,2020-04,1066.0,1187.0,2253.0,1442.0,23.941110610961914,0.0,28.4894437789917,2.0,0.3440825442659475,0.25436337877080445,0.0,,99.75462754567465,0.0,18.951388200124107,0.4397215256916515,35.996449178872616,16.688859298712828,47.314691522414556,82.66764683003049,44.52592101186445,99.75462754567465,0.0,33.791666666666664,2
2020-04-02,920.0,197.0,1120.0,0.0,23.94333267211914,2.36555552482605,0.0,0.0,5.0,328.4960021972656,2020,4,2020-04,1120.0,1117.0,2237.0,1317.0,23.94333267211914,0.0,26.30888819694519,5.0,0.2933000019618443,0.2494274883806117,0.0,,99.76388613382974,0.0,9.856481353441875,2.1136684163723753,41.12650871703174,8.806437192668753,50.067054090299514,83.2785356050716,46.77711391882326,99.76388613382974,0.0,38.333333333333336,2
2020-04-03,998.0,39.0,1040.0,0.0,23.94333267211914,0.38555556535720825,0.0,0.0,1.0,268.6400146484375,2020,4,2020-04,1040.0,1037.0,2077.0,1079.0,23.94333267211914,0.0,24.32888823747635,1.0,0.2583077063927284,0.24897128327009962,0.0,,99.76388613382974,0.0,1.606481522321701,2.593659876426692,48.050072219547424,1.8777082330284065,50.07221954742417,101.15273518064097,43.43589149605017,99.76388613382974,0.0,41.583333333333336,2
2020-04-04,1022.0,42.0,1070.0,0.0,23.94333267211914,0.42222222685813904,0.0,0.0,1.0,275.656005859375,2020,4,2020-04,1070.0,1064.0,2134.0,1112.0,23.94333267211914,0.0,24.36555489897728,1.0,0.25762243538259344,0.24789209160015738,0.0,,99.76388613382974,0.0,1.7592592785755794,2.3684210266267827,47.891283973758206,1.9681349578256795,50.140581068416125,99.47368311832487,44.68884990459008,99.76388613382974,0.0,42.583333333333336,2
2020-04-05,966.0,108.0,1083.0,0.0,23.94333267211914,1.3388888835906982,0.0,0.0,3.0,298.32000732421875,2020,4,2020-04,1083.0,1074.0,2157.0,1191.0,23.94333267211914,0.0,25.28222155570984,3.0,0.27545707047480955,0.25047859557029284,0.0,,99.76388613382974,0.0,5.578703681627909,2.240663909281592,44.78442280945758,5.006954102920723,50.208623087621696,80.6639007341373,45.231798548290705,99.76388613382974,0.0,40.25,2
2020-04-06,1066.0,0.0,1079.0,0.0,23.94333267211914,0.0,0.0,0.0,0.0,265.3919982910156,2020,4,2020-04,1079.0,1066.0,2145.0,1079.0,23.94333267211914,0.0,23.94333267211914,0.0,0.24596107348564933,0.24596107348564933,0.0,,99.76388613382974,0.0,0.0,,49.696969696969695,0.0,50.303030303030305,,45.06473742715205,99.76388613382974,0.0,44.416666666666664,1
2020-04-07,946.0,139.0,1095.0,0.0,23.94333267211914,1.7266666889190674,0.0,0.0,4.0,308.7439880371094,2020,4,2020-04,1095.0,1085.0,2180.0,1234.0,23.94333267211914,0.0,25.669999361038208,4.0,0.28195797994256566,0.25019772126183903,0.0,,99.76388613382974,0.0,7.194444537162781,2.316602286747126,43.39449541284404,6.376146788990826,50.22935779816514,80.50192946446263,45.73298191170667,99.76388613382974,0.0,39.416666666666664,2
2020-04-08,837.0,296.0,1142.0,0.0,23.94333267211914,3.67722225189209,0.0,0.0,8.0,362.12799072265625,2020,4,2020-04,1142.0,1133.0,2275.0,1438.0,23.94333267211914,0.0,27.62055492401123,8.0,0.31709981674488286,0.25182753179600575,0.0,,99.76388613382974,0.0,15.321759382883707,2.1755552022681397,36.79120879120879,13.010989010989011,50.1978021978022,80.49554248392117,47.69595008508586,99.76388613382974,0.0,34.875,2
2020-04-09,766.0,452.0,1226.0,0.0,23.939443588256836,5.625,0.0,0.0,10.0,424.0719909667969,2020,4,2020-04,1226.0,1218.0,2444.0,1678.0,23.939443588256836,0.0,29.564443588256836,10.0,0.34589885070701215,0.2527246668455285,0.0,,99.74768161773682,0.0,23.4375,1.7777777777777777,31.342062193126026,18.494271685761046,50.163666121112925,80.35555555555555,51.21255201609604,99.74768161773682,0.0,31.916666666666668,2
2020-04-10,765.0,462.0,1235.0,0.0,23.93722152709961,5.747777938842773,0.0,0.0,11.0,426.9599914550781,2020,4,2020-04,1235.0,1227.0,2462.0,1697.0,23.93722152709961,0.0,29.684999465942383,11.0,0.34571659227131835,0.25159693073369366,0.0,,99.7384230295817,0.0,23.949074745178223,1.9137830509531968,31.072298943948013,18.765231519090168,50.162469536961815,80.37888814003426,51.59328949693857,99.7384230295817,0.0,31.875,2
2020-04-11,749.0,529.0,1284.0,0.0,23.941110610961914,6.5916666984558105,0.0,0.0,11.0,455.87200927734375,2020,4,2020-04,1284.0,1278.0,2562.0,1813.0,23.941110610961914,0.0,30.532777309417725,11.0,0.3550405056677132,0.2514462268490589,0.0,,99.75462754567465,0.0,27.465277910232544,1.6687736961240627,29.23497267759563,20.647931303669008,50.11709601873536,80.25284411360265,53.63159716626075,99.75462754567465,0.0,31.208333333333332,2
2020-04-12,782.0,476.0,1267.0,0.0,23.939443588256836,5.935555458068848,0.0,0.0,10.0,438.47198486328125,2020,4,2020-04,1267.0,1258.0,2525.0,1743.0,23.939443588256836,0.0,29.874999046325684,10.0,0.34607102199154005,0.25156166658822793,0.0,,99.74768161773682,0.0,24.731481075286865,1.6847622889962066,30.97029702970297,18.85148514851485,50.17821782178218,80.19468495621943,52.92520669200137,99.74768161773682,0.0,32.583333333333336,2
2020-04-13,767.0,521.0,1297.0,0.0,23.938888549804688,6.494999885559082,0.0,0.0,11.0,454.864013671875,2020,4,2020-04,1297.0,1288.0,2585.0,1818.0,23.938888549804688,0.0,30.43388843536377,11.0,0.3507047137022938,0.2502002275422855,0.0,,99.74536895751953,0.0,27.062499523162842,1.6936104994331547,29.671179883945843,20.15473887814313,50.174081237911025,80.2155518367885,54.179624810132715,99.74536895751953,0.0,31.958333333333332,2
2020-04-14,799.0,450.0,1256.0,0.0,23.938888549804688,5.613333225250244,0.0,0.0,11.0,424.44000244140625,2020,4,2020-04,1256.0,1249.0,2505.0,1706.0,23.938888549804688,0.0,29.55222177505493,11.0,0.3379299382495273,0.24879249850023813,0.0,,99.74536895751953,0.0,23.388888438542686,1.9596199902259708,31.89620758483034,17.964071856287426,50.13972055888224,80.16627232742607,52.466930425232604,99.74536895751953,0.0,33.291666666666664,2
2020-04-15,798.0,466.0,1272.0,0.0,23.938888549804688,5.808333396911621,0.0,0.0,11.0,433.656005859375,2020,4,2020-04,1272.0,1264.0,2536.0,1738.0,23.938888549804688,0.0,29.74722194671631,11.0,0.3409245329083137,0.2495143877211594,0.0,,99.74536895751953,0.0,24.201389153798424,1.8938306822829534,31.46687697160883,18.37539432176656,50.1577287066246,80.2295543585324,53.13529896568143,99.74536895751953,0.0,33.25,2
2020-04-16,720.0,642.0,1372.0,0.0,23.933332443237305,8.006667137145996,0.0,0.0,12.0,504.0559997558594,2020,4,2020-04,1372.0,1362.0,2734.0,2014.0,23.933332443237305,0.0,31.9399995803833,12.0,0.36738775492409576,0.2502760674060871,0.0,,99.72221851348877,0.0,33.36111307144165,1.498750952731306,26.335040234089245,23.482077542062914,50.18288222384785,80.18317597112487,57.3259074244664,99.72221851348877,0.0,30.0,2
2020-04-17,821.0,526.0,1354.0,0.0,23.938888549804688,6.561110973358154,0.0,0.0,11.0,464.0159912109375,2020,4,2020-04,1354.0,1347.0,2701.0,1880.0,23.938888549804688,0.0,30.499999523162842,11.0,0.3427001412193039,0.2468170166015625,0.0,,99.74536895751953,0.0,27.33796238899231,1.676545335792408,30.396149574231767,19.47426878933728,50.129581636430956,80.16934969334606,56.56068773548164,99.74536895751953,0.0,34.208333333333336,2
2020-04-18,692.0,741.0,1438.0,0.0,23.37388801574707,9.256111145019531,0.0,1.0,12.0,539.0960083007812,2020,4,2020-04,1438.0,1433.0,2871.0,2179.0,23.37388801574707,1.0,32.6299991607666,13.0,0.3748929125874696,0.2474052355671323,0.0,,97.3912000656128,0.042782783905112254,38.56712977091472,1.2964407851192326,24.10309996516893,25.809822361546498,50.087077673284575,80.05521848111262,61.521643255551425,97.3912000656128,0.042782783905112254,28.833333333333332,2
2020-04-19,864.0,358.0,1232.0,0.0,23.939443588256836,4.456110954284668,0.0,0.0,9.0,393.11199951171875,2020,4,2020-04,1232.0,1222.0,2454.0,1590.0,23.939443588256836,0.0,28.395554542541504,9.0,0.3190844151880834,0.24724025126523191,0.0,,99.74768161773682,0.0,18.56712897618612,2.0196983630639322,35.2078239608802,14.588427057864712,50.20374898125509,80.33911266409864,51.46318440769194,99.74768161773682,0.0,36.0,2
2020-04-20,887.0,385.0,1280.0,0.0,23.942222595214844,4.804999828338623,0.0,0.0,9.0,408.9840087890625,2020,4,2020-04,1280.0,1272.0,2552.0,1665.0,23.942222595214844,0.0,28.747222423553467,9.0,0.3195187568664551,0.24563604131475225,0.0,,99.75926081339517,0.0,20.0208326180776,1.8730489743038847,34.75705329153605,15.086206896551724,50.15673981191222,80.12487278966618,53.4620374073301,99.75926081339517,0.0,36.958333333333336,2
2020-04-21,846.0,449.0,1303.0,0.0,23.942222595214844,5.589444637298584,0.0,0.0,10.0,432.3039855957031,2020,4,2020-04,1303.0,1295.0,2598.0,1752.0,23.942222595214844,0.0,29.531667232513428,10.0,0.33177589071043984,0.24674885022585794,0.0,,99.75926081339517,0.0,23.289352655410767,1.7890865101819966,32.5635103926097,17.282525019245572,50.15396458814473,80.32998430717166,54.42268339199307,99.75926081339517,0.0,35.25,2
2020-04-22,886.0,376.0,1270.0,0.0,23.942222595214844,4.693333148956299,0.0,0.0,9.0,404.5039978027344,2020,4,2020-04,1270.0,1262.0,2532.0,1646.0,23.942222595214844,0.0,28.635555744171143,9.0,0.31850708488404283,0.24574969489838056,0.0,,99.75926081339517,0.0,19.55555478731791,1.91761371169686,34.99210110584518,14.84992101105845,50.15797788309637,80.11363951089103,53.044365240085334,99.75926081339517,0.0,36.916666666666664,2
2020-04-23,989.0,181.0,1181.0,0.0,23.93666648864746,2.256666660308838,0.0,0.0,5.0,332.31201171875,2020,4,2020-04,1181.0,1170.0,2351.0,1362.0,23.93666648864746,0.0,26.1933331489563,5.0,0.28138188968564776,0.24398826117382524,0.0,,99.73611036936441,0.0,9.402777751286823,2.2156573179114196,42.067205444491705,7.698851552530837,50.233943002977455,80.20679490839338,49.338532604785115,99.73611036936441,0.0,41.208333333333336,2
2020-04-24,866.0,353.0,1228.0,0.0,23.93666648864746,4.402777671813965,0.0,0.0,9.0,391.87200927734375,2020,4,2020-04,1228.0,1219.0,2447.0,1581.0,23.93666648864746,0.0,28.339444160461426,9.0,0.3191140140694982,0.24786338347713077,0.0,,99.73611036936441,0.0,18.344906965891518,2.0441640870527897,35.39027380465877,14.425827543931344,50.18389865140988,80.17665808107053,51.302047450191466,99.73611036936441,0.0,36.083333333333336,2
2020-04-25,814.0,440.0,1263.0,0.0,23.93666648864746,5.489999771118164,0.0,0.0,10.0,423.9119873046875,2020,4,2020-04,1263.0,1254.0,2517.0,1703.0,23.93666648864746,0.0,29.426666259765625,10.0,0.3356389448176465,0.24892072067215942,0.0,,99.73611036936441,0.0,22.874999046325684,1.8214937007116252,32.34008740564164,17.481128327373856,50.17878426698451,80.1457228313115,52.76423935634513,99.73611036936441,0.0,33.916666666666664,2
2020-04-26,795.0,456.0,1260.0,0.0,23.93666648864746,5.681666851043701,0.0,0.0,10.0,429.1520080566406,2020,4,2020-04,1260.0,1251.0,2511.0,1716.0,23.93666648864746,0.0,29.618333339691162,10.0,0.3405968317909846,0.2500885827835901,0.0,,99.73611036936441,0.0,23.673611879348755,1.7600468774692477,31.660692951015534,18.16009557945042,50.179211469534046,80.2581376125977,52.63890862153196,99.73611036936441,0.0,33.125,2
2020-04-27,764.0,519.0,1289.0,0.0,23.939443588256836,6.475555419921875,0.0,0.0,12.0,451.4079895019531,2020,4,2020-04,1289.0,1283.0,2572.0,1808.0,23.939443588256836,0.0,30.41499900817871,12.0,0.35020014701470376,0.24967256056523957,0.0,,99.74768161773682,0.0,26.981480916341145,1.8531228939964466,29.704510108864696,20.178849144634526,50.11664074650077,80.14756516534632,53.84419212785301,99.74768161773682,0.0,31.833333333333332,2
2020-04-28,840.0,473.0,1320.0,0.0,23.942222595214844,5.901111125946045,0.0,0.0,10.0,443.447998046875,2020,4,2020-04,1320.0,1313.0,2633.0,1793.0,23.942222595214844,0.0,29.84333372116089,10.0,0.3359454530658144,0.24732180593802286,0.0,,99.75926081339517,0.0,24.587963024775185,1.6945961169976842,31.902772502848464,17.96429927838967,50.132928218761876,80.15439633399046,55.13272607630917,99.75926081339517,0.0,35.0,2
2020-04-29,928.0,272.0,1210.0,0.0,23.942222595214844,3.3983333110809326,0.0,0.0,7.0,366.9200134277344,2020,4,2020-04,1210.0,1200.0,2410.0,1482.0,23.942222595214844,0.0,27.340555906295776,7.0,0.30323968051878875,0.24758435453963185,0.0,,99.75926081339517,0.0,14.159722129503885,2.059833265081776,38.50622406639005,11.28630705394191,50.20746887966805,80.03923544317757,50.53833223661674,99.75926081339517,0.0,38.666666666666664,2
2020-04-30,845.0,435.0,1291.0,0.0,23.940000534057617,5.420000076293945,0.0,0.0,10.0,428.6159973144531,2020,4,2020-04,1291.0,1280.0,2571.0,1726.0,23.940000534057617,0.0,29.360000610351562,10.0,0.3320030962931473,0.24832908303270748,0.0,,99.75000222524008,0.0,22.58333365122477,1.8450184242133332,32.86658887592376,16.919486581096848,50.213924542979385,80.25830145327998,53.926481670850116,99.75000222524008,0.0,35.208333333333336,2
2020-05-01,806.0,561.0,1372.0,0.0,23.939443588256836,6.99833345413208,0.0,0.0,11.0,478.00799560546875,2020,5,2020-05,1372.0,1367.0,2739.0,1933.0,23.939443588256836,0.0,30.937777042388916,11.0,0.34840232915850494,0.2472881508564246,0.0,,99.74768161773682,0.0,29.159722725550335,1.5718027830618995,29.4267981014969,20.481927710843372,50.09127418765973,80.16194193615688,57.31127354492966,99.74768161773682,0.0,33.583333333333336,2
2020-05-02,860.0,414.0,1283.0,0.0,23.938888549804688,5.170000076293945,0.0,0.0,9.0,420.97601318359375,2020,5,2020-05,1283.0,1274.0,2557.0,1697.0,23.938888549804688,0.0,29.108888626098633,9.0,0.3281184826060746,0.24807072079174647,0.0,,99.74536895751953,0.0,21.541666984558105,1.7408123534209976,33.63316386390301,16.19084865076261,50.175987485334375,80.07736825736589,53.59480233724,99.74536895751953,0.0,35.833333333333336,2
2020-05-03,896.0,313.0,1219.0,0.0,23.941110610961914,3.9049999713897705,0.0,0.0,8.0,378.2560119628906,2020,5,2020-05,1219.0,1209.0,2428.0,1532.0,23.941110610961914,0.0,27.846110582351685,8.0,0.31030025591705546,0.24690340206455003,0.0,,99.75462754567465,0.0,16.270833214124046,2.048655584791935,36.902800658978585,12.891268533772651,50.20593080724877,80.15364975498446,50.91660198261047,99.75462754567465,0.0,37.333333333333336,2
2020-05-04,815.0,484.0,1311.0,6.749444484710693,17.126667022705078,6.043889045715332,13.0,6.0,11.0,444.47198486328125,2020,5,2020-05,1311.0,1299.0,2610.0,1795.0,23.87611150741577,19.0,29.920000553131104,30.0,0.33903278784384533,0.2476167046592096,28.122685352961224,1.9260844399044241,71.36111259460449,0.35033086075917225,25.182871023813885,1.8200201752211487,31.226053639846747,18.544061302681992,50.22988505747127,80.08088770973055,54.908438486426554,71.36111259460449,0.7957744708177761,33.958333333333336,3
2020-05-05,826.0,518.0,1354.0,11.998332977294922,11.943888664245605,6.460555553436279,2.0,3.0,11.0,469.5039978027344,2020,5,2020-05,1354.0,1344.0,2698.0,1872.0,23.942221641540527,5.0,30.402777194976807,16.0,0.34675332186317165,0.2508034176296658,49.99305407206218,0.16668982297663396,49.76620276769002,0.2511744779554578,26.918981472651165,1.7026399524030489,30.61527057079318,19.199406968124535,50.18532246108228,80.17886321316176,56.55281369757125,49.99305407206218,0.20883609194080965,34.416666666666664,3
2020-05-06,844.0,537.0,1390.0,12.008333206176758,11.934444427490234,6.703888893127441,3.0,3.0,10.0,480.343994140625,2020,5,2020-05,1390.0,1381.0,2771.0,1927.0,23.942777633666992,6.0,30.646666526794434,16.0,0.34557121880620506,0.24927036540769332,50.03472169240316,0.24982651201391398,49.726851781209305,0.25137324307193476,27.932870388031006,1.4916714998441576,30.45831829664381,19.379285456513895,50.1623962468423,80.10275954163126,58.05508539015373,50.03472169240316,0.2505974908927499,35.166666666666664,3
2020-05-07,825.0,470.0,1306.0,12.008333206176758,11.9350004196167,5.869444370269775,3.0,3.0,10.0,447.33599853515625,2020,5,2020-05,1306.0,1295.0,2601.0,1776.0,23.943333625793457,6.0,29.812777996063232,16.0,0.34252373547868015,0.25187837755357895,50.03472169240316,0.24982651201391398,49.72916841506958,0.2513615328466278,24.456018209457397,1.703738781587664,31.718569780853517,18.069973087274125,50.211457131872365,80.0757227346202,54.54545387919935,50.03472169240316,0.2505916717267964,34.375,3
2020-05-08,811.0,455.0,1276.0,12.008333206176758,11.9350004196167,5.68055534362793,3.0,3.0,10.0,436.5920104980469,2020,5,2020-05,1276.0,1266.0,2542.0,1731.0,23.943333625793457,6.0,29.623888969421387,16.0,0.3421567480392217,0.25221953235011374,50.03472169240316,0.24982651201391398,49.72916841506958,0.2513615328466278,23.668980598449707,1.7603912637198997,31.90401258851298,17.899291896144767,50.19669551534225,80.09780249925544,53.29249552056537,50.03472169240316,0.2505916717267964,33.791666666666664,3
2020-05-09,731.0,601.0,1343.0,12.008333206176758,11.932777404785156,7.510000228881836,3.0,3.0,11.0,494.6960144042969,2020,5,2020-05,1343.0,1332.0,2675.0,1944.0,23.941110610961914,6.0,31.45111083984375,17.0,0.3683514626986574,0.25447325843842433,50.03472169240316,0.24982651201391398,49.719905853271484,0.2514083602026274,31.291667620340984,1.4647136704066106,27.327102803738317,22.46728971962617,50.205607476635514,80.02662871948846,56.09597740988176,50.03472169240316,0.25061494002925583,30.458333333333332,3
2020-05-10,786.0,586.0,1382.0,12.008333206176758,11.933333396911621,7.315555572509766,3.0,3.0,11.0,493.7359924316406,2020,5,2020-05,1382.0,1372.0,2754.0,1968.0,23.94166660308838,6.0,31.257222175598145,17.0,0.35726193374214227,0.25088210997542715,50.03472169240316,0.24982651201391398,49.72222248713176,0.2513966467053043,30.481481552124023,1.5036451970012448,28.540305010893245,21.278140885984023,50.18155410312273,80.10328049479358,57.7236339855191,50.03472169240316,0.2506091200529049,32.75,3
2020-05-11,746.0,703.0,1460.0,12.008333206176758,11.933333396911621,8.784444808959961,3.0,3.0,10.0,543.7999877929688,2020,5,2020-05,1460.0,1449.0,2909.0,2163.0,23.94166660308838,6.0,32.72611141204834,16.0,0.37246574506367724,0.25141007295097956,50.03472169240316,0.24982651201391398,49.72222248713176,0.2513966467053043,36.601853370666504,1.1383758697874904,25.64455139223101,24.16638019938123,50.18906840838776,80.02782364606057,60.98155254620686,50.03472169240316,0.2506091200529049,31.083333333333332,3
2020-05-12,735.0,737.0,1480.0,12.008333206176758,11.93388843536377,9.213889122009277,3.0,3.0,12.0,554.4959716796875,2020,5,2020-05,1480.0,1472.0,2952.0,2217.0,23.942221641540527,6.0,33.156110763549805,18.0,0.3746594403241132,0.2501109479836209,50.03472169240316,0.24982651201391398,49.724535147349044,0.2513849543883853,38.39120467503865,1.3023816372323735,24.898373983739837,24.966124661246614,50.135501355013545,79.98793888668828,61.815483214479656,50.03472169240316,0.2506033103289716,30.625,3
2020-05-13,698.0,728.0,1424.0,11.774999618530273,12.1627779006958,9.097222328186035,4.0,4.0,13.0,543.6160278320312,2020,5,2020-05,1424.0,1426.0,2850.0,2152.0,23.937777519226074,8.0,33.03499984741211,21.0,0.3817528285337298,0.2526096783606093,49.0624984105428,0.3397027710901336,50.67824125289917,0.32887223894560885,37.905093034108475,1.4290076169428048,24.49122807017544,25.54385964912281,49.96491228070175,80.02442654879707,59.487560984151,50.67824125289917,0.3341997808098371,29.083333333333332,3
2020-05-14,636.0,900.0,1539.0,11.929444313049316,12.010000228881836,11.266111373901367,3.0,3.0,10.0,620.0239868164062,2020,5,2020-05,1539.0,1536.0,3075.0,2439.0,23.939444541931152,6.0,35.20555591583252,16.0,0.4028745853258,0.2542123767184937,49.70601797103882,0.25147860380373094,50.04166762034098,0.24979183537278818,46.942130724589035,0.8876177119254838,20.682926829268293,29.268292682926827,50.048780487804876,79.88559407329355,64.287205883343,50.04166762034098,0.2506323816114737,26.5,3
2020-05-15,656.0,883.0,1554.0,12.166666984558105,11.770000457763672,11.043889045715332,3.0,3.0,12.0,613.7839965820312,2020,5,2020-05,1554.0,1539.0,3093.0,2437.0,23.936667442321777,6.0,34.98055648803711,18.0,0.3949703967709339,0.2518604827993563,50.694445768992104,0.2465753360232174,49.041668574015304,0.2548852917011702,46.01620435714722,1.0865737558868003,21.209182023924992,28.54833494988684,50.24248302618817,79.9537188706704,64.92131804665567,50.694445768992104,0.2506614596395972,27.333333333333332,3
2020-05-16,603.0,971.0,1580.0,11.93055534362793,12.010000228881836,12.167222023010254,3.0,3.0,11.0,642.7999877929688,2020,5,2020-05,1580.0,1574.0,3154.0,2551.0,23.940555572509766,6.0,36.10777759552002,17.0,0.40683543531200556,0.25197961105173217,49.71064726511638,0.2514551849090822,50.04166762034098,0.24979183537278818,50.69675842920939,0.9040683221853895,19.11857958148383,30.7863031071655,50.09511731135067,79.80457644018301,65.99679757700642,50.04166762034098,0.2506207502924294,25.125,3
2020-05-17,692.0,843.0,1558.0,13.37833309173584,10.559444427490234,10.5600004196167,3.0,3.0,8.0,611.1840209960938,2020,5,2020-05,1558.0,1535.0,3093.0,2401.0,23.937777519226074,6.0,34.49777793884277,14.0,0.39228756161495104,0.2545539446047871,55.74305454889933,0.22424318331954088,43.99768511454265,0.28410585619351936,44.00000174840291,0.7575757274724029,22.37310054962819,27.255092143549952,50.37180730682186,79.82954228240445,65.08540731271577,55.74305454889933,0.2506498356073778,28.833333333333332,3
2020-05-18,758.0,864.0,1628.0,11.932777404785156,12.010000228881836,10.827777862548828,3.0,3.0,9.0,626.7760009765625,2020,5,2020-05,1628.0,1622.0,3250.0,2492.0,23.942777633666992,6.0,34.77055549621582,15.0,0.38499754359739713,0.2515152491880267,49.719905853271484,0.2514083602026274,50.04166762034098,0.24979183537278818,45.115741093953446,0.8311954783565744,23.323076923076925,26.584615384615383,50.09230769230769,79.79476592223115,67.99545252889948,50.04166762034098,0.2505974908927499,31.583333333333332,3
2020-05-19,766.0,814.0,1584.0,11.93055534362793,12.010000228881836,10.131111145019531,3.0,3.0,10.0,599.1680297851562,2020,5,2020-05,1584.0,1580.0,3164.0,2398.0,23.940555572509766,6.0,34.0716667175293,16.0,0.3782626450663865,0.24986156371357643,49.71064726511638,0.2514551849090822,50.04166762034098,0.24979183537278818,42.21296310424805,0.9870585621712397,24.209860935524652,25.726927939317317,50.06321112515803,80.34656696073891,66.16387807720137,50.04166762034098,0.2506207502924294,31.916666666666668,3
2020-05-20,990.0,365.0,1369.0,12.039443969726562,11.902777671813965,4.566111087799072,3.0,4.0,9.0,423.78399658203125,2020,5,2020-05,1369.0,1355.0,2724.0,1734.0,23.942221641540527,7.0,28.5083327293396,16.0,0.3095573386282186,0.24439676850174813,50.16434987386068,0.24918094286941853,49.594906965891525,0.336056012326609,19.025462865829468,1.9710427159883495,36.34361233480176,13.399412628487518,50.25697503671071,79.93673237063861,57.179321973393684,50.16434987386068,0.2923705287171335,41.25,3
2020-05-21,1219.0,0.0,1234.0,12.008333206176758,11.931666374206543,0.0,3.0,3.0,0.0,294.2799987792969,2020,5,2020-05,1234.0,1219.0,2453.0,1234.0,23.9399995803833,6.0,23.9399995803833,6.0,0.23847649820040265,0.23847649820040265,50.03472169240316,0.24982651201391398,49.715276559193924,0.2514317703757871,0.0,,49.694251936404406,0.0,50.3057480635956,,51.54553139638119,50.03472169240316,0.2506265708089847,50.791666666666664,2
2020-05-22,1067.0,198.0,1280.0,12.008333206176758,11.932222366333008,2.475555658340454,3.0,3.0,5.0,362.4960021972656,2020,5,2020-05,1280.0,1265.0,2545.0,1478.0,23.940555572509766,6.0,26.41611123085022,11.0,0.28320000171661375,0.24526116522142463,50.03472169240316,0.24982651201391398,49.7175931930542,0.25142005469698225,10.314815243085224,2.019748569641074,41.925343811394896,7.779960707269155,50.29469548133595,79.98204335778654,53.465760062384945,50.03472169240316,0.2506207502924294,44.458333333333336,3
2020-05-23,940.0,441.0,1395.0,12.008333206176758,11.932222366333008,5.512777805328369,3.0,3.0,9.0,455.135986328125,2020,5,2020-05,1395.0,1381.0,2776.0,1836.0,23.940555572509766,6.0,29.453333377838135,15.0,0.3262623557907706,0.2478954173900463,50.03472169240316,0.24982651201391398,49.7175931930542,0.25142005469698225,22.969907522201538,1.6325707869635269,33.861671469740635,15.886167146974065,50.2521613832853,79.99596856121282,58.26932444298984,50.03472169240316,0.2506207502924294,39.166666666666664,3
2020-05-24,887.0,555.0,1454.0,12.008333206176758,11.932777404785156,6.9438886642456055,3.0,3.0,10.0,496.2879943847656,2020,5,2020-05,1454.0,1442.0,2896.0,2009.0,23.941110610961914,6.0,30.88499927520752,16.0,0.3413259933870465,0.2470323516101372,50.03472169240316,0.24982651201391398,49.719905853271484,0.2514083602026274,28.93286943435669,1.440115255806224,30.62845303867403,19.164364640883978,50.20718232044199,79.92639669724544,60.73235380042299,50.03472169240316,0.25061494002925583,36.958333333333336,3
2020-05-25,976.0,374.0,1362.0,12.008333206176758,11.933333396911621,4.669444561004639,3.0,3.0,8.0,425.447998046875,2020,5,2020-05,1362.0,1350.0,2712.0,1736.0,23.94166660308838,6.0,28.611111164093018,14.0,0.31237004261885093,0.245073731593822,50.03472169240316,0.24982651201391398,49.72222248713176,0.2513966467053043,19.456019004185997,1.7132658703798354,35.9882005899705,13.790560471976402,50.22123893805309,80.0951794402573,56.88827025200942,50.03472169240316,0.2506091200529049,40.666666666666664,3
2020-05-26,1107.0,132.0,1253.0,12.008333206176758,11.930000305175781,1.653333306312561,3.0,3.0,3.0,334.4960021972656,2020,5,2020-05,1253.0,1239.0,2492.0,1385.0,23.93833351135254,6.0,25.5916668176651,9.0,0.26695610710077067,0.2415133589871954,50.03472169240316,0.24982651201391398,49.70833460489909,0.2514668837601339,6.888888776302338,1.814516158687275,44.422150882825036,5.296950240770466,50.28089887640449,79.8387109822401,52.342824925794275,50.03472169240316,0.25064401401018804,46.125,3
2020-05-27,1206.0,0.0,1222.0,12.008333206176758,11.931111335754395,0.0,3.0,3.0,0.0,293.24798583984375,2020,5,2020-05,1222.0,1206.0,2428.0,1222.0,23.939444541931152,6.0,23.939444541931152,6.0,0.23997380183293268,0.23997380183293268,50.03472169240316,0.24982651201391398,49.71296389897664,0.2514434670481861,0.0,,49.67051070840198,0.0,50.32948929159803,,51.04546172153681,50.03472169240316,0.2506323816114737,50.25,2
2020-05-28,815.0,535.0,1360.0,15.228333473205566,8.71166706085205,6.682222366333008,4.0,3.0,11.0,476.1199951171875,2020,5,2020-05,1360.0,1350.0,2710.0,1895.0,23.940000534057617,7.0,30.622222900390625,18.0,0.3500882317038143,0.2512506570539248,63.45138947168986,0.26266826944905347,36.298612753550216,0.3443657774160372,27.8425931930542,1.646158926919466,30.073800738007378,19.74169741697417,50.184501845018445,80.0631841729013,56.808687120337844,63.45138947168986,0.2923976542958565,33.958333333333336,3
2020-05-29,1041.0,308.0,1364.0,11.925555229187012,12.010000228881836,3.844444513320923,3.0,3.0,7.0,403.1199951171875,2020,5,2020-05,1364.0,1349.0,2713.0,1672.0,23.935555458068848,6.0,27.77999997138977,13.0,0.29554251841436036,0.24110047554855712,49.68981345494588,0.2515606143567804,50.04166762034098,0.24979183537278818,16.018518805503845,1.820809215933574,38.37080722447475,11.352746037596756,50.276446737928495,80.11560550107725,56.98635247423037,50.04166762034098,0.25067310472535353,43.375,3
2020-05-30,926.0,456.0,1397.0,12.968889236450195,10.958333015441895,5.698888778686523,3.0,4.0,10.0,455.1759948730469,2020,5,2020-05,1397.0,1382.0,2779.0,1853.0,23.92722225189209,7.0,29.626111030578613,17.0,0.32582390470511585,0.2456427387334306,54.037038485209145,0.23132281765258955,45.65972089767456,0.3650190219957191,23.745369911193848,1.7547280510894256,33.32133861101115,16.408780136739836,50.269881252249014,80.01559912967781,58.38538152457416,54.037038485209145,0.292553808641388,38.583333333333336,3
2020-05-31,1063.0,230.0,1306.0,12.006667137145996,11.931666374206543,2.8722221851348877,3.0,3.0,5.0,373.656005859375,2020,5,2020-05,1306.0,1293.0,2599.0,1536.0,23.93833351135254,6.0,26.810555696487427,11.0,0.2861072020362749,0.24326562881469727,50.027779738108315,0.24986117843799113,49.715276559193924,0.2514317703757871,11.96759243806203,1.7408124015883493,40.90034628703347,8.849557522123893,50.25009619084263,80.07737047306406,54.55684704955093,50.027779738108315,0.25064401401018804,44.291666666666664,3
2020-06-01,1056.0,273.0,1344.0,12.050000190734863,11.888333320617676,3.407222270965576,3.0,3.0,6.0,392.4800109863281,2020,6,2020-06,1344.0,1329.0,2673.0,1617.0,23.93833351135254,6.0,27.345555782318115,12.0,0.2920238176981608,0.24272109522964014,50.20833412806193,0.2489626516609247,49.53472216924031,0.25234824084189883,14.196759462356567,1.7609652446594433,39.50617283950617,10.21324354657688,50.28058361391695,80.12391863200467,56.14425913828212,50.20833412806193,0.25064401401018804,44.0,3
2020-06-02,906.0,537.0,1458.0,12.008333206176758,11.932222366333008,6.710000038146973,3.0,3.0,8.0,493.21600341796875,2020,6,2020-06,1458.0,1443.0,2901.0,1995.0,23.940555572509766,6.0,30.65055561065674,14.0,0.3382825812194573,0.24722606687617482,50.03472169240316,0.24982651201391398,49.7175931930542,0.25142005469698225,27.958333492279053,1.1922503658001875,31.230610134436404,18.510858324715613,50.25853154084798,80.02980580433758,60.90084232106035,50.03472169240316,0.2506207502924294,37.75,3
2020-06-03,830.0,687.0,1523.0,12.008333206176758,11.930000305175781,8.584444046020508,3.0,3.0,12.0,546.176025390625,2020,6,2020-06,1523.0,1517.0,3040.0,2210.0,23.93833351135254,6.0,32.52277755737305,18.0,0.3586185327581254,0.24713847302743214,50.03472169240316,0.24982651201391398,49.70833460489909,0.2514668837601339,35.76851685841878,1.3978773623159488,27.302631578947366,22.598684210526315,50.098684210526315,80.02847899258808,63.62180555625273,50.03472169240316,0.25064401401018804,34.583333333333336,3
2020-06-04,803.0,686.0,1502.0,12.008333206176758,11.93055534362793,8.575555801391602,3.0,3.0,12.0,541.5040283203125,2020,6,2020-06,1502.0,1489.0,2991.0,2188.0,23.938888549804688,6.0,32.51444435119629,18.0,0.36052198956079395,0.24748812994529823,50.03472169240316,0.24982651201391398,49.71064726511638,0.2514551849090822,35.73148250579834,1.3993262102093367,26.847208291541293,22.93547308592444,50.217318622534265,79.99481501696708,62.74309673463326,50.03472169240316,0.2506382026683086,33.458333333333336,3
2020-06-05,837.0,638.0,1486.0,12.008333206176758,11.93055534362793,7.973333358764648,3.0,3.0,10.0,523.3920288085938,2020,6,2020-06,1486.0,1475.0,2961.0,2124.0,23.938888549804688,6.0,31.912221908569336,16.0,0.3522153625899016,0.24641809265941325,50.03472169240316,0.24982651201391398,49.71064726511638,0.2514551849090822,33.222222328186035,1.254180598006422,28.267477203647417,21.546774738264098,50.185748058088485,80.01672215280972,62.07472819418444,50.03472169240316,0.2506382026683086,34.875,3
2020-06-06,1175.0,134.0,1321.0,12.008333206176758,11.931111335754395,1.496666669845581,3.0,3.0,4.0,346.7919921875,2020,6,2020-06,1321.0,1309.0,2630.0,1455.0,23.939444541931152,6.0,25.436111211776733,10.0,0.26252232565291445,0.23834501181271478,50.03472169240316,0.24982651201391398,49.71296389897664,0.2514434670481861,6.236111124356588,2.6726057849692753,44.67680608365019,5.095057034220532,50.228136882129284,89.53229379647071,55.18089601812613,50.03472169240316,0.2506323816114737,48.958333333333336,3
2020-06-07,1198.0,88.0,1304.0,12.008333206176758,11.928333282470703,1.1027777194976807,3.0,3.0,2.0,332.4880065917969,2020,6,2020-06,1304.0,1286.0,2590.0,1392.0,23.93666648864746,6.0,25.03944420814514,8.0,0.2549754651777583,0.2388563265745667,50.03472169240316,0.24982651201391398,49.70138867696126,0.2515020270609519,4.594907164573669,1.813602110959412,46.254826254826256,3.397683397683398,50.34749034749034,79.79849288221413,54.47709273212514,50.03472169240316,0.25066146962634267,49.916666666666664,3
2020-06-08,1152.0,121.0,1290.0,12.008333206176758,11.929444313049316,1.5149999856948853,3.0,3.0,3.0,340.1600036621094,2020,6,2020-06,1290.0,1273.0,2563.0,1411.0,23.937777519226074,6.0,25.45277750492096,9.0,0.2636899253194646,0.2410772527725793,50.03472169240316,0.24982651201391398,49.70601797103882,0.25147860380373094,6.312499940395355,1.9801980384996436,44.94732735076083,4.721030042918455,50.33164260632071,79.86798755281896,53.88971465558623,50.03472169240316,0.2506498356073778,48.0,3
2020-06-09,1067.0,249.0,1331.0,12.008333206176758,11.932222366333008,3.105555534362793,3.0,3.0,6.0,385.6159973144531,2020,6,2020-06,1331.0,1316.0,2647.0,1580.0,23.940555572509766,6.0,27.04611110687256,12.0,0.2897190062467717,0.24406075779395767,50.03472169240316,0.24982651201391398,49.7175931930542,0.25142005469698225,12.939814726511637,1.9320214800895832,40.30978466188137,9.406875708349075,50.28333962976955,80.1788914237177,55.596036439870595,50.03472169240316,0.2506207502924294,44.458333333333336,3
2020-06-10,1127.0,230.0,1373.0,12.008333206176758,11.929444313049316,2.869999885559082,3.0,3.0,4.0,388.7279968261719,2020,6,2020-06,1373.0,1357.0,2730.0,1603.0,23.937777519226074,6.0,26.807777404785156,10.0,0.28312308581658546,0.24250030993522886,50.03472169240316,0.24982651201391398,49.70601797103882,0.25147860380373094,11.958332856496174,1.3937282785712695,41.28205128205128,8.424908424908425,50.29304029304029,80.139376017848,57.35703738148829,50.03472169240316,0.2506498356073778,46.958333333333336,3
2020-06-11,1016.0,332.0,1362.0,12.008333206176758,11.931111335754395,4.143333435058594,3.0,3.0,8.0,413.4880065917969,2020,6,2020-06,1362.0,1348.0,2710.0,1694.0,23.939444541931152,6.0,28.082777976989746,14.0,0.30358884478105497,0.24408973234462625,50.03472169240316,0.24982651201391398,49.71296389897664,0.2514434670481861,17.26388931274414,1.9308125028771348,37.49077490774908,12.250922509225093,50.258302583025824,80.1287188694011,56.89355062580453,50.03472169240316,0.2506323816114737,42.333333333333336,3
2020-06-12,942.0,437.0,1394.0,12.008333206176758,11.931666374206543,5.462222099304199,3.0,3.0,9.0,450.52801513671875,2020,6,2020-06,1394.0,1379.0,2773.0,1831.0,23.9399995803833,6.0,29.4022216796875,15.0,0.32319082864900917,0.24605571553070385,50.03472169240316,0.24982651201391398,49.715276559193924,0.2514317703757871,22.75925874710083,1.647681078575413,33.97042913811757,15.75910566173819,50.270465200144244,80.00407014860617,58.22890661795412,50.03472169240316,0.2506265708089847,39.25,3
2020-06-13,776.0,731.0,1515.0,12.008333206176758,11.928889274597168,9.133889198303223,3.0,3.0,11.0,560.9359741210938,2020,6,2020-06,1515.0,1507.0,3022.0,2246.0,23.937222480773926,6.0,33.07111167907715,17.0,0.3702547683967615,0.24974887538784227,50.03472169240316,0.24982651201391398,49.70370531082153,0.251490304834044,38.057871659596756,1.204306266605844,25.6783587028458,24.189278623428194,50.13236267372601,80.031625535352,63.29055099090251,50.03472169240316,0.2506556474887228,32.333333333333336,3
2020-06-14,816.0,634.0,1462.0,12.008333206176758,11.929444313049316,7.923333168029785,3.0,3.0,10.0,522.9439697265625,2020,6,2020-06,1462.0,1450.0,2912.0,2096.0,23.937777519226074,6.0,31.86111068725586,16.0,0.3576908137664586,0.24949616876267294,50.03472169240316,0.24982651201391398,49.70601797103882,0.25147860380373094,33.0138882001241,1.2620951041601345,28.021978021978022,21.771978021978022,50.206043956043956,80.01682960375253,61.07500994299773,50.03472169240316,0.2506498356073778,34.0,3
2020-06-15,240.0,235.0,489.0,4.002777576446533,3.7816667556762695,2.9377777576446533,1.0,1.0,4.0,155.07200622558594,2020,6,2020-06,489.0,475.0,964.0,724.0,7.784444332122803,2.0,10.722222089767456,6.0,0.3171206671279876,0.214187853902743,16.678239901860557,0.24982652193423904,15.75694481531779,0.26443366499679094,12.240740656852722,1.3615733830073578,24.896265560165975,24.37759336099585,50.72614107883817,79.99243625168226,62.81758583359933,16.678239901860557,0.256922641446214,10.0,3
2020-06-16,853.0,592.0,1454.0,12.008333206176758,11.968889236450195,7.400000095367432,3.0,3.0,10.0,507.10400390625,2020,6,2020-06,1454.0,1445.0,2899.0,2046.0,23.977222442626953,6.0,31.377222537994385,16.0,0.3487647894816025,0.2478514193090176,50.03472169240316,0.24982651201391398,49.87037181854248,0.25064982562155935,30.833333730697632,1.3513513339358236,29.42393928941014,20.420834770610554,50.155225939979296,79.99999896900076,60.64088546866312,50.03472169240316,0.25023749161759196,35.541666666666664,3
2020-06-17,1002.0,446.0,1460.0,12.008333206176758,11.973889350891113,5.570000171661377,3.0,3.0,8.0,462.44000244140625,2020,6,2020-06,1460.0,1448.0,2908.0,1906.0,23.98222255706787,6.0,29.552222728729248,14.0,0.3167397276995933,0.24262329613924777,50.03472169240316,0.24982651201391398,49.89120562871297,0.25054515805900074,23.208334048589073,1.436265664892039,34.45667125171939,15.337001375515818,50.20632737276479,80.07181081773119,60.87842761553053,50.03472169240316,0.2501853189679337,41.75,3
2020-06-18,817.0,665.0,1493.0,12.008333206176758,11.973889350891113,8.314444541931152,3.0,3.0,11.0,535.4719848632812,2020,6,2020-06,1493.0,1482.0,2975.0,2158.0,23.98222255706787,6.0,32.29666709899902,17.0,0.3586550467938923,0.24813344989030642,50.03472169240316,0.24982651201391398,49.89120562871297,0.25054515805900074,34.643518924713135,1.3229987817616844,27.46218487394958,22.35294117647059,50.18487394957983,79.98128998832,62.25444686985417,50.03472169240316,0.2501853189679337,34.041666666666664,3
2020-06-19,816.0,698.0,1527.0,12.008333206176758,11.956110954284668,8.735555648803711,3.0,3.0,10.0,552.9119873046875,2020,6,2020-06,1527.0,1514.0,3041.0,2225.0,23.964444160461426,6.0,32.69999980926514,16.0,0.3620903649670514,0.24849976957514044,50.03472169240316,0.24982651201391398,49.81712897618611,0.2509177115761795,36.39814853668213,1.1447468715249325,26.8332785268004,22.952975994738573,50.213745478461036,79.90333163244028,63.719399864878746,50.03472169240316,0.2503709228482465,34.0,3
2020-06-20,761.0,800.0,1572.0,12.008333206176758,11.973333358764648,10.018888473510742,3.0,3.0,10.0,589.9920043945312,2020,6,2020-06,1572.0,1561.0,3133.0,2372.0,23.981666564941406,6.0,34.00055503845215,16.0,0.37531297989474,0.24873187369078045,50.03472169240316,0.24982651201391398,49.88888899485271,0.2505567923408695,41.7453686396281,0.9981147136670219,24.289818065751675,25.534631343759973,50.17555059048835,79.84917709336175,65.5500732504593,50.03472169240316,0.25019111927656223,31.708333333333332,3
2020-06-21,819.0,714.0,1544.0,12.008333206176758,11.972777366638184,8.930000305175781,3.0,3.0,11.0,557.0239868164062,2020,6,2020-06,1544.0,1533.0,3077.0,2258.0,23.98111057281494,6.0,32.91111087799072,17.0,0.36076683083964134,0.24668909956439602,50.03472169240316,0.24982651201391398,49.88657236099243,0.25056842770328447,37.20833460489909,1.2318028694382528,26.616834579135524,23.204419889502763,50.17874553136171,79.95520443444659,64.38400737580031,50.03472169240316,0.25019691985414627,34.125,3
2020-06-22,994.0,441.0,1440.0,12.008333206176758,11.96500015258789,5.437777996063232,3.0,3.0,10.0,458.2560119628906,2020,6,2020-06,1440.0,1435.0,2875.0,1881.0,23.97333335876465,6.0,29.41111135482788,16.0,0.3182333416408963,0.24362361082556652,50.03472169240316,0.24982651201391398,49.85416730244954,0.2507312964263636,22.657408316930137,1.838986440277566,34.573913043478264,15.339130434782607,50.08695652173913,81.09930201624066,60.06674075941701,50.03472169240316,0.2502780864975709,41.416666666666664,3
2020-06-23,772.0,683.0,1464.0,12.008333206176758,11.975000381469727,8.540555953979492,3.0,3.0,13.0,532.72802734375,2020,6,2020-06,1464.0,1455.0,2919.0,2147.0,23.983333587646484,6.0,32.52388954162598,19.0,0.3638852645790642,0.2481267011382161,50.03472169240316,0.24982651201391398,49.89583492279053,0.2505219126875553,35.58564980824788,1.5221491516536017,26.44741349777321,23.398424117848577,50.15416238437821,79.9713746599546,61.04238990171442,50.03472169240316,0.250173729105387,32.166666666666664,3
2020-06-24,821.0,686.0,1526.0,12.008333206176758,11.97166633605957,8.579999923706055,3.0,3.0,9.0,547.6480102539062,2020,6,2020-06,1526.0,1507.0,3033.0,2212.0,23.979999542236328,6.0,32.55999946594238,15.0,0.35887811943244186,0.24758047479833012,50.03472169240316,0.24982651201391398,49.88194306691487,0.25059168170798174,35.749999682108566,1.0489510582783934,27.06890867128256,22.617870095614904,50.31322123310253,79.95338066433087,63.636364851143284,50.03472169240316,0.2502085118655699,34.208333333333336,3
2020-06-25,748.0,793.0,1548.0,12.008333206176758,11.977777481079102,9.931111335754395,3.0,3.0,10.0,585.7520141601562,2020,6,2020-06,1548.0,1541.0,3089.0,2341.0,23.98611068725586,6.0,33.917222023010254,16.0,0.3783927740052689,0.25021444432300566,50.03472169240316,0.24982651201391398,49.90740617116292,0.2504638280965731,41.37963056564331,1.0069366520942715,24.214956296536098,25.6717384266753,50.1133052767886,79.85007651107574,64.53734914274672,50.03472169240316,0.25014476411917336,31.166666666666668,3
2020-06-26,707.0,858.0,1566.0,12.008333206176758,11.968889236450195,10.740555763244629,3.0,3.0,11.0,609.3200073242188,2020,6,2020-06,1566.0,1565.0,3131.0,2424.0,23.977222442626953,6.0,34.71777820587158,17.0,0.3890932358392201,0.25136963998523876,50.03472169240316,0.24982651201391398,49.87037181854248,0.25064982562155935,44.75231568018596,1.0241555690854673,22.58064516129032,27.403385499840304,50.01596933886937,79.88413438866645,65.3119853121915,50.03472169240316,0.25023749161759196,29.458333333333332,3
2020-06-27,691.0,942.0,1652.0,12.008333206176758,11.97611141204834,11.803333282470703,3.0,3.0,11.0,652.47998046875,2020,6,2020-06,1652.0,1633.0,3285.0,2594.0,23.984444618225098,6.0,35.7877779006958,17.0,0.3949636685646186,0.25153430241663455,50.03472169240316,0.24982651201391398,49.90046421686809,0.2504986716290821,49.18055534362793,0.9319401339226993,21.035007610350075,28.67579908675799,50.28919330289193,79.80796419592569,68.87797596716882,50.03472169240316,0.2501621403165938,28.791666666666668,3
2020-06-28,680.0,944.0,1630.0,12.008333206176758,11.97166633605957,11.811111450195312,3.0,3.0,11.0,643.4559936523438,2020,6,2020-06,1630.0,1624.0,3254.0,2574.0,23.979999542236328,6.0,35.79111099243164,17.0,0.3947582783143213,0.24998290351683905,50.03472169240316,0.24982651201391398,49.88194306691487,0.25059168170798174,49.2129643758138,0.9313264078816308,20.897357098955133,29.010448678549476,50.09219422249539,79.92473900365995,67.9733123901465,50.03472169240316,0.2502085118655699,28.333333333333332,3
2020-06-29,695.0,948.0,1624.0,15.375,8.598333358764648,11.810555458068848,4.0,2.0,11.0,637.9359741210938,2020,6,2020-06,1624.0,1643.0,3267.0,2572.0,23.97333335876465,6.0,35.783888816833496,17.0,0.3928177180548607,0.24803109413728372,64.0625,0.2601626016260163,35.82638899485271,0.23260321698987335,49.21064774195354,0.931370250878837,21.273339455157636,29.017447199265384,49.70921334557698,80.26718162119431,67.74193541200918,64.0625,0.2502780864975709,28.958333333333332,3
2020-06-30,706.0,963.0,1633.0,11.967222213745117,12.010555267333984,11.971111297607422,3.0,3.0,10.0,643.8079833984375,2020,6,2020-06,1633.0,1669.0,3302.0,2596.0,23.9777774810791,6.0,35.94888877868652,16.0,0.39424861200149264,0.2479999936049451,49.86342589060466,0.2506847409045609,50.043980280558266,0.24978029185372694,49.879630406697586,0.8353443344895328,21.380981223500907,29.1641429436705,49.454875832828584,80.44365941134201,68.10472744142373,50.043980280558266,0.2502316991111711,29.416666666666668,3
2020-07-01,829.0,785.0,1594.0,12.711111068725586,11.273333549499512,9.748888969421387,3.0,4.0,11.0,590.1920166015625,2020,7,2020-07,1594.0,1614.0,3208.0,2379.0,23.984444618225098,7.0,33.733333587646484,18.0,0.3702584796747569,0.24808407591490647,52.962962786356606,0.23601398680098068,46.97222312291463,0.3548196265493788,40.62037070592244,1.1283337039228654,25.841645885286784,24.47007481296758,49.68827930174564,80.5219961435863,66.45974194410842,52.962962786356606,0.2918558303693594,34.541666666666664,3
2020-07-02,698.0,937.0,1649.0,9.910555839538574,14.0600004196167,11.73888874053955,3.0,3.0,11.0,647.7440185546875,2020,7,2020-07,1649.0,1635.0,3284.0,2586.0,23.970556259155273,6.0,35.709444999694824,17.0,0.3928101992448075,0.2504810589925319,41.293982664744064,0.30270754219772167,58.583335081736244,0.2133712596348404,48.912036418914795,0.9370563298732151,21.254567600487213,28.53227771010962,50.21315468940317,79.82016191738205,68.79272980451523,58.583335081736244,0.25030708236937016,29.083333333333332,3
2020-07-03,655.0,936.0,1599.0,12.008333206176758,11.972222328186035,11.718889236450195,3.0,3.0,12.0,632.0239868164062,2020,7,2020-07,1599.0,1591.0,3190.0,2535.0,23.980555534362793,6.0,35.69944477081299,18.0,0.39526203052933473,0.2493191269492727,50.03472169240316,0.24982651201391398,49.88425970077515,0.250580044185877,48.82870515187581,1.02398783347789,20.532915360501566,29.341692789968654,50.12539184952978,79.87105101127543,66.67902241500296,50.03472169240316,0.2502027107504802,27.291666666666668,3
2020-07-04,652.0,968.0,1621.0,12.008333206176758,11.977222442626953,12.124444007873535,3.0,3.0,11.0,653.1519775390625,2020,7,2020-07,1621.0,1620.0,3241.0,2589.0,23.98555564880371,6.0,36.109999656677246,17.0,0.4029315098945481,0.2522796359749179,50.03472169240316,0.24982651201391398,49.90509351094563,0.250475434882381,50.51851669947306,0.9072580971842231,20.1172477630361,29.86732489972231,50.01542733724159,79.83871255221163,67.58234096114626,50.03472169240316,0.250150552601405,27.166666666666668,3
2020-07-05,797.0,648.0,1460.0,12.253889083862305,11.719444274902344,7.972222328186035,4.0,3.0,13.0,521.2880249023438,2020,7,2020-07,1460.0,1445.0,2905.0,2108.0,23.97333335876465,7.0,31.945555686950684,20.0,0.3570465923988656,0.24729033439390122,51.057871182759605,0.32642697943690213,48.831017812093094,0.2559848342318261,33.217593034108475,1.6306619992317706,27.435456110154906,22.306368330464714,50.25817555938038,81.28222888478363,60.90100104774225,51.057871182759605,0.2919911009138327,33.208333333333336,3
2020-07-06,1049.0,311.0,1372.0,11.793333053588867,12.171111106872559,3.8855555057525635,3.0,4.0,7.0,408.4320068359375,2020,7,2020-07,1372.0,1360.0,2732.0,1683.0,23.964444160461426,7.0,27.84999966621399,14.0,0.2976909670815871,0.24268093097797833,49.13888772328694,0.25438101225226234,50.71296294530233,0.32864706967808005,16.189814607302345,1.8015442038175757,38.396778916544655,11.383601756954612,50.219619326500734,80.040035341038,57.25148435796571,50.71296294530233,0.292099409989621,43.708333333333336,3
2020-07-07,963.0,407.0,1384.0,11.967222213745117,12.010000228881836,5.073888778686523,3.0,3.0,9.0,438.31201171875,2020,7,2020-07,1384.0,1370.0,2754.0,1791.0,23.977222442626953,6.0,29.051111221313477,15.0,0.31669943043262283,0.24473032480108878,49.86342589060466,0.2506847409045609,50.04166762034098,0.24979183537278818,21.141203244527183,1.7737874030281422,34.967320261437905,14.778503994190267,50.25417574437182,80.2146081147171,57.72144806645788,50.04166762034098,0.25023749161759196,40.125,3
2020-07-08,875.0,615.0,1502.0,11.973889350891113,12.010000228881836,7.679999828338623,3.0,3.0,10.0,521.9760131835938,2020,7,2020-07,1502.0,1490.0,2992.0,2117.0,23.98388957977295,6.0,31.663889408111572,16.0,0.3475206479251623,0.24656401189588745,49.89120562871297,0.25054515805900074,50.04166762034098,0.24979183537278818,31.999999284744263,1.3020833624371644,29.24465240641711,20.5548128342246,50.200534759358284,80.07812678988562,62.62537171063056,50.04166762034098,0.2501679296030515,36.458333333333336,3
2020-07-09,792.0,772.0,1573.0,11.966666221618652,12.010000228881836,9.652222633361816,3.0,3.0,10.0,581.6480102539062,2020,7,2020-07,1573.0,1564.0,3137.0,2345.0,23.97666645050049,6.0,33.628889083862305,16.0,0.3697698730158336,0.24803753102511994,49.861109256744385,0.25069638815364315,50.04166762034098,0.24979183537278818,40.21759430567424,1.0360308065663686,25.24705132291999,24.60949952183615,50.14344915524387,79.98157826692365,65.60545033428386,50.04166762034098,0.2502432943456473,33.0,3
2020-07-10,725.0,918.0,1650.0,11.978888511657715,12.010000228881836,11.47611141204834,3.0,3.0,10.0,642.8480224609375,2020,7,2020-07,1650.0,1643.0,3293.0,2568.0,23.98888874053955,6.0,35.46500015258789,16.0,0.38960486209753786,0.25033022681500683,49.91203546524048,0.2504405978134311,50.04166762034098,0.24979183537278818,47.817130883534745,0.8713752978645166,22.016398420892802,27.877315517764956,50.106286061342246,79.99225234396262,68.78184387139264,50.04166762034098,0.2501157958959732,30.208333333333332,3
2020-07-11,732.0,849.0,1593.0,11.963889122009277,12.010000228881836,10.618888854980469,3.0,3.0,10.0,609.8560180664062,2020,7,2020-07,1593.0,1581.0,3174.0,2442.0,23.973889350891113,6.0,34.59277820587158,16.0,0.3828349140404308,0.24973628913448248,49.849538008371994,0.2507545806723562,50.04166762034098,0.24979183537278818,44.24537022908528,0.941718115385472,23.062381852551987,26.748582230623818,50.189035916824196,79.95186799622658,66.4472909123854,50.04166762034098,0.25027228215587716,30.5,3
2020-07-12,685.0,986.0,1678.0,11.977222442626953,12.010000228881836,12.334444046020508,3.0,3.0,11.0,666.2239990234375,2020,7,2020-07,1678.0,1671.0,3349.0,2664.0,23.98722267150879,6.0,36.3216667175293,17.0,0.39703456437630363,0.25008408371750657,49.90509351094563,0.250475434882381,50.04166762034098,0.24979183537278818,51.393516858418785,0.8918115773162032,20.453866825918183,29.441624365482234,50.104508808599576,79.93874683943422,69.95390933661827,50.04166762034098,0.25013316806895686,28.541666666666668,3
2020-07-13,727.0,938.0,1674.0,11.936111450195312,12.010000228881836,11.740555763244629,3.0,3.0,10.0,647.7919921875,2020,7,2020-07,1674.0,1665.0,3339.0,2612.0,23.94611167907715,6.0,35.68666744232178,16.0,0.3869725162410394,0.2480061225832695,49.73379770914714,0.2513381357503084,50.04166762034098,0.24979183537278818,48.918982346852616,0.8517484352236825,21.77298592392932,28.09224318658281,50.13477088948787,79.89400322398141,69.9069653743682,50.04166762034098,0.25056259990812974,30.291666666666668,3
2020-07-14,707.0,911.0,1623.0,11.960000038146973,12.010000228881836,11.394444465637207,3.0,3.0,10.0,629.7760009765625,2020,7,2020-07,1623.0,1618.0,3241.0,2534.0,23.97000026702881,6.0,35.364444732666016,16.0,0.3880320400348506,0.24853038712571526,49.83333349227905,0.2508361196012844,50.04166762034098,0.24979183537278818,47.47685194015503,0.877620671210211,21.814254859611232,28.108608454180807,50.07713668620796,79.95124314725022,67.70963629201404,50.04166762034098,0.25031288832537535,29.458333333333332,3
2020-07-15,642.0,1090.0,1730.0,12.891666412353516,10.617777824401855,13.632222175598145,4.0,5.0,11.0,699.135986328125,2020,7,2020-07,1730.0,1732.0,3462.0,2820.0,23.50944423675537,9.0,37.141666412353516,20.0,0.4041248475885116,0.2479205625277039,53.71527671813965,0.31027796345761605,44.240740935007736,0.47090832777730224,56.800925731658936,0.8069117315069985,18.544194107452338,31.484690930098207,49.971114962449455,79.95761703114803,73.5874477753611,53.71527671813965,0.38282487281979766,26.75,3
2020-07-16,674.0,983.0,1673.0,12.008333206176758,11.973889350891113,12.292222023010254,3.0,3.0,11.0,658.5599975585938,2020,7,2020-07,1673.0,1657.0,3330.0,2656.0,23.98222255706787,6.0,36.274444580078125,17.0,0.39364016590471834,0.2479518063097115,50.03472169240316,0.24982651201391398,49.89120562871297,0.25054515805900074,51.217591762542725,0.8948748224209344,20.24024024024024,29.51951951951952,50.24024024024024,79.96926822179805,69.76000643889218,50.03472169240316,0.2501853189679337,28.083333333333332,3
2020-07-17,690.0,928.0,1620.0,12.008333206176758,11.97166633605957,11.611666679382324,3.0,3.0,11.0,637.2479858398438,2020,7,2020-07,1620.0,1618.0,3238.0,2548.0,23.979999542236328,6.0,35.59166622161865,17.0,0.39336295422212575,0.2500973256828272,50.03472169240316,0.24982651201391398,49.88194306691487,0.25059168170798174,48.381944497426346,0.9473230935513849,21.309450277949352,28.65966646077826,50.030883261272386,79.9196209832441,67.55629820370389,50.03472169240316,0.2502085118655699,28.75,3
2020-07-18,684.0,971.0,1664.0,12.008333206176758,11.972777366638184,12.150555610656738,3.0,3.0,11.0,657.2479858398438,2020,7,2020-07,1664.0,1655.0,3319.0,2635.0,23.98111057281494,6.0,36.13166618347168,17.0,0.3949807607210599,0.24942997565079458,50.03472169240316,0.24982651201391398,49.88657236099243,0.25056842770328447,50.627315044403076,0.9053083951446933,20.60861705332932,29.255799939740886,50.13558300692979,79.91404106231792,69.38794577288324,50.03472169240316,0.25019691985414627,28.5,3
2020-07-19,721.0,890.0,1627.0,12.008333206176758,11.973333358764648,11.121110916137695,3.0,3.0,10.0,624.5919799804688,2020,7,2020-07,1627.0,1611.0,3238.0,2517.0,23.981666564941406,6.0,35.1027774810791,16.0,0.38389181314103793,0.24814937623379768,50.03472169240316,0.24982651201391398,49.88888899485271,0.2505567923408695,46.33796215057373,0.8991907441089482,22.266831377393455,27.486102532427424,50.247066090179125,80.02797622569638,67.84349184382779,50.03472169240316,0.25019111927656223,30.041666666666668,3
2020-07-20,771.0,805.0,1587.0,12.008333206176758,11.973333358764648,10.068888664245605,3.0,3.0,10.0,591.4879760742188,2020,7,2020-07,1587.0,1576.0,3163.0,2392.0,23.981666564941406,6.0,34.05055522918701,16.0,0.37270823949226134,0.24727758197082725,50.03472169240316,0.24982651201391398,49.88888899485271,0.2505567923408695,41.95370276769002,0.9931582653714082,24.375592791653496,25.450521656655074,50.173885551691434,79.94924036239836,66.17555104865072,50.03472169240316,0.25019111927656223,32.125,3
2020-07-21,721.0,934.0,1660.0,12.008333206176758,11.970000267028809,11.682222366333008,3.0,3.0,10.0,648.7839965820312,2020,7,2020-07,1660.0,1655.0,3315.0,2594.0,23.978333473205566,6.0,35.660555839538574,16.0,0.3908337328807417,0.25010948210564043,50.03472169240316,0.24982651201391398,49.87500111262004,0.2506265608250199,48.67592652638753,0.8560015112209297,21.749622926093515,28.17496229260935,50.075414781297134,79.95054114803483,69.22916481476732,50.03472169240316,0.2502258969208457,30.041666666666668,3
2020-07-22,683.0,1032.0,1721.0,12.008333206176758,11.972777366638184,12.920555114746094,3.0,3.0,9.0,687.9199829101562,2020,7,2020-07,1721.0,1715.0,3436.0,2753.0,23.98111057281494,6.0,36.901665687561035,15.0,0.3997210824579641,0.24988012455872002,50.03472169240316,0.24982651201391398,49.88657236099243,0.25056842770328447,53.835646311442055,0.6965644989763942,19.877764842840513,30.034924330616995,50.087310826542485,79.87272921595986,71.76481651149763,50.03472169240316,0.25019691985414627,28.458333333333332,3
2020-07-23,665.0,1066.0,1743.0,12.008333206176758,11.973889350891113,13.352222442626953,3.0,3.0,11.0,698.9119873046875,2020,7,2020-07,1743.0,1731.0,3474.0,2809.0,23.98222255706787,6.0,37.334444999694824,17.0,0.4009822072889773,0.2488116722337798,50.03472169240316,0.24982651201391398,49.89120562871297,0.25054515805900074,55.634260177612305,0.8238328897878838,19.142199194012665,30.68508923431203,50.1727115716753,79.8368964103531,72.67883516018475,50.03472169240316,0.2501853189679337,27.708333333333332,3
2020-07-24,578.0,1168.0,1748.0,12.008333206176758,11.974444389343262,14.623888969421387,3.0,3.0,9.0,734.2880249023438,2020,7,2020-07,1748.0,1746.0,3494.0,2916.0,23.98277759552002,6.0,38.606666564941406,15.0,0.4200732407908145,0.2518134516126007,50.03472169240316,0.24982651201391398,49.89351828893025,0.2505335448106361,60.93287070592245,0.6154313684149981,16.542644533485976,33.42873497424156,50.028620492272466,79.86931536763531,72.88563607938916,50.03472169240316,0.2501795288766218,24.083333333333332,3
2020-07-25,626.0,1117.0,1756.0,12.008333206176758,11.972777366638184,13.984999656677246,3.0,3.0,10.0,718.3519897460938,2020,7,2020-07,1756.0,1743.0,3499.0,2873.0,23.98111057281494,6.0,37.96611022949219,16.0,0.40908427662078234,0.25003549938952097,50.03472169240316,0.24982651201391398,49.88657236099243,0.25056842770328447,58.27083190282186,0.7150518588125544,17.890825950271505,31.923406687625032,50.18576736210346,79.87129262936233,73.22429854398014,50.03472169240316,0.25019691985414627,26.083333333333332,3
2020-07-26,606.0,1176.0,1778.0,12.008333206176758,11.975000381469727,14.713333129882812,3.0,3.0,8.0,742.3040161132812,2020,7,2020-07,1778.0,1782.0,3560.0,2954.0,23.983333587646484,6.0,38.6966667175293,14.0,0.4174938223359287,0.2512877508846585,50.03472169240316,0.24982651201391398,49.89583492279053,0.2505219126875553,61.305554707845054,0.5437245204318784,17.022471910112362,33.03370786516854,49.9438202247191,79.92750450348612,74.13481505822968,50.03472169240316,0.250173729105387,25.25,3
2020-07-27,529.0,1286.0,1830.0,12.008333206176758,11.975000381469727,16.106111526489258,3.0,3.0,7.0,784.1439819335938,2020,7,2020-07,1830.0,1815.0,3645.0,3116.0,23.983333587646484,6.0,40.08944511413574,13.0,0.4284939791986851,0.25165082860513277,50.03472169240316,0.24982651201391398,49.89583492279053,0.2505219126875553,67.10879802703857,0.4346176287483979,14.513031550068586,35.281207133058984,50.20576131687243,79.84546722434852,76.30298737714303,50.03472169240316,0.250173729105387,22.041666666666668,3
2020-07-28,567.0,1281.0,1857.0,14.01388931274414,9.966666221618652,15.970000267028809,4.0,3.0,8.0,789.135986328125,2020,7,2020-07,1857.0,1848.0,3705.0,3138.0,23.980555534362793,7.0,39.9505558013916,15.0,0.4249520658740576,0.2514773697667702,58.39120546976725,0.28543111128774407,41.527775923411056,0.30100335792250305,66.54166777928671,0.5009392527385591,15.303643724696355,34.5748987854251,50.12145748987854,80.21289784476177,77.43773897727361,58.39120546976725,0.29190316254222687,23.625,3
2020-07-29,479.0,1407.0,1880.0,11.96833324432373,12.010000228881836,17.614999771118164,3.0,3.0,9.0,827.8720092773438,2020,7,2020-07,1880.0,1886.0,3766.0,3287.0,23.978333473205566,6.0,41.59333324432373,15.0,0.44035745174326796,0.2518624914138557,49.868055184682206,0.25066146962634267,50.04166762034098,0.24979183537278818,73.39583237965903,0.5109281928437232,12.719065321295805,37.36059479553903,49.92033988316516,79.87510748123537,78.40411436853165,50.04166762034098,0.2502258969208457,19.958333333333332,3
2020-07-30,527.0,1278.0,1812.0,11.971111297607422,12.010000228881836,16.008888244628906,3.0,3.0,7.0,778.8800048828125,2020,7,2020-07,1812.0,1805.0,3617.0,3090.0,23.981111526489258,6.0,39.989999771118164,13.0,0.4298454773083954,0.25206472649929207,49.879630406697586,0.25060330034685985,50.04166762034098,0.24979183537278818,66.70370101928711,0.4372570969972602,14.570085706386507,35.33314901852364,50.09676527508985,79.8306528517855,75.55946679112375,50.04166762034098,0.25019690990438326,21.958333333333332,3
2020-07-31,582.0,1214.0,1800.0,12.282777786254883,11.695555686950684,15.203888893127441,3.0,3.0,9.0,756.89599609375,2020,7,2020-07,1800.0,1796.0,3596.0,3014.0,23.978333473205566,6.0,39.18222236633301,15.0,0.4204977756076389,0.25112674057523227,51.17824077606201,0.2442444251785755,48.73148202896118,0.2565076923490904,63.34953705469767,0.5919538128214181,16.18464961067853,33.75973303670745,50.055617352614014,79.84799208502241,75.06776907625371,51.17824077606201,0.2502258969208457,24.25,3
2020-08-01,559.0,1194.0,1773.0,14.072221755981445,9.904444694519043,14.940555572509766,3.0,4.0,12.0,735.6959838867188,2020,8,2020-08,1773.0,1753.0,3526.0,2967.0,23.97666645050049,7.0,38.917222023010254,19.0,0.4149441533484031,0.24795954967533493,58.634257316589355,0.21318595258242287,41.26851956049602,0.40385908785108715,62.25231488545736,0.8031829835083033,15.853658536585366,33.862733976176976,50.28360748723766,79.91670685907617,73.94689347913878,58.634257316589355,0.29195051006992184,23.291666666666668,3
2020-08-02,677.0,869.0,1551.0,12.008333206176758,11.970555305480957,10.853888511657715,3.0,3.0,13.0,525.7760009765625,2020,8,2020-08,1551.0,1546.0,3097.0,2420.0,23.978888511657715,6.0,34.83277702331543,19.0,0.33899161894040136,0.2172628103208936,50.03472169240316,0.24982651201391398,49.877313772837326,0.25061494002925583,45.22453546524048,1.1977274306841492,21.859864384888603,28.059412334517276,50.08072328059412,80.06347209727122,64.68189712988394,50.03472169240316,0.2502201049511951,28.208333333333332,3
2020-08-03,1370.0,1869.0,3254.0,24.016666412353516,23.96555519104004,23.372222900390625,6.0,6.0,23.0,1177.135986328125,2020,8,2020-08,3254.0,3239.0,6493.0,5123.0,47.982221603393555,12.0,71.35444450378418,35.0,0.36175045676955286,0.22977473869375853,100.06944338480632,0.24982651201391398,99.85647996266684,0.25035931578347953,97.38426208496094,0.9840741335568726,21.099645772370245,28.784845217926996,50.115509009702755,79.96671980946934,67.8167848687077,100.06944338480632,0.2500926301243062,57.083333333333336,3
2020-08-04,558.0,1262.0,1818.0,12.008333206176758,11.974444389343262,15.805000305175781,3.0,3.0,7.0,771.968017578125,2020,8,2020-08,1818.0,1820.0,3638.0,3080.0,23.98277759552002,6.0,39.7877779006958,13.0,0.42462487215518424,0.2506389667461445,50.03472169240316,0.24982651201391398,49.89351828893025,0.2505335448106361,65.85416793823242,0.4428978085946419,15.338097855964817,34.68938977460143,49.97251236943375,79.84814777806258,75.80439724961641,50.03472169240316,0.2501795288766218,23.25,3
2020-08-05,640.0,1094.0,1743.0,12.008333206176758,11.974444389343262,13.682777404785156,3.0,3.0,10.0,704.5599975585938,2020,8,2020-08,1743.0,1734.0,3477.0,2837.0,23.98277759552002,6.0,37.665555000305176,16.0,0.40422260330384036,0.24834684439851737,50.03472169240316,0.24982651201391398,49.89351828893025,0.2505335448106361,57.01157251993815,0.7308457708668701,18.4066724187518,31.463905665803853,50.12942191544435,79.9545273328356,72.67715313865864,50.03472169240316,0.2501795288766218,26.666666666666668,3
2020-08-06,727.0,986.0,1723.0,12.008333206176758,11.974444389343262,12.335000038146973,3.0,3.0,10.0,670.2080078125,2020,8,2020-08,1723.0,1713.0,3436.0,2709.0,23.98277759552002,6.0,36.31777763366699,16.0,0.3889773695951828,0.24740051967977114,50.03472169240316,0.24982651201391398,49.89351828893025,0.2505335448106361,51.39583349227905,0.8107012540797893,21.158323632130386,28.696158323632133,50.14551804423748,79.93514365226723,71.84322137573658,50.03472169240316,0.2501795288766218,30.291666666666668,3
2020-08-07,644.0,1034.0,1696.0,12.008333206176758,11.968889236450195,12.928889274597168,3.0,3.0,9.0,678.0640258789062,2020,8,2020-08,1696.0,1678.0,3374.0,2730.0,23.977222442626953,6.0,36.90611171722412,15.0,0.3998019020512419,0.2483751010545444,50.03472169240316,0.24982651201391398,49.87037181854248,0.25064982562155935,53.8703719774882,0.6961154828422349,19.08713692946058,30.64611736810907,50.26674570243035,79.97593436209677,70.73379763057267,50.03472169240316,0.25023749161759196,26.833333333333332,3
2020-08-08,754.0,847.0,1610.0,12.140555381774902,10.821666717529297,10.513333320617676,4.0,5.0,12.0,595.9039916992188,2020,8,2020-08,1610.0,1601.0,3211.0,2457.0,22.9622220993042,9.0,33.475555419921875,21.0,0.3701267029187694,0.24253316715474918,50.585647424062095,0.3294742187828326,45.0902779897054,0.4620360366394239,43.805555502573654,1.1414077375884988,23.481781376518217,26.378075365929615,50.14014325755216,80.56436281145487,70.11516538065304,50.585647424062095,0.3919481294570667,31.416666666666668,3
2020-08-09,794.0,758.0,1562.0,12.034444808959961,11.940555572509766,9.45555591583252,3.0,3.0,12.0,570.1599731445312,2020,8,2020-08,1562.0,1552.0,3114.0,2320.0,23.975000381469727,6.0,33.430556297302246,18.0,0.3650191889529649,0.2457586091140221,50.14352003733317,0.24928445371791652,49.75231488545735,0.25124459090553314,39.39814964930217,1.2690951337834115,25.497752087347465,24.341682723185613,50.16056518946692,80.1645092839855,65.15119812916748,50.14352003733317,0.2502606842349583,33.083333333333336,3
2020-08-10,764.0,796.0,1570.0,12.006667137145996,11.970000267028809,9.936666488647461,3.0,3.0,12.0,584.47998046875,2020,8,2020-08,1570.0,1560.0,3130.0,2366.0,23.976667404174805,6.0,33.913333892822266,18.0,0.3722802423367834,0.24703295877800086,50.027779738108315,0.24986117843799113,49.87500111262004,0.2506265608250199,41.40277703603108,1.2076484617562515,24.40894568690096,25.431309904153355,50.159744408945684,80.10734796316468,65.4803260826245,50.027779738108315,0.2502432843921955,31.833333333333332,3
2020-08-11,702.0,930.0,1621.0,12.006667137145996,11.970000267028809,11.619999885559082,3.0,3.0,11.0,634.5280151367188,2020,8,2020-08,1621.0,1632.0,3253.0,2551.0,23.976667404174805,6.0,35.59666728973389,17.0,0.39144232889371916,0.24873697182936838,50.027779738108315,0.24986117843799113,49.87500111262004,0.2506265608250199,48.41666618982951,0.9466437270511856,21.58007992622195,28.588994774054722,49.83092529972333,80.0344241961457,67.60739399995816,50.027779738108315,0.2502432843921955,29.25,3
2020-08-12,643.0,1027.0,1692.0,12.006667137145996,11.973333358764648,12.841666221618652,3.0,3.0,10.0,679.0399780273438,2020,8,2020-08,1692.0,1670.0,3362.0,2719.0,23.980000495910645,6.0,36.8216667175293,16.0,0.4013238640823545,0.24973886650509147,50.027779738108315,0.24986117843799113,49.88888899485271,0.2505567923408695,53.50694259007772,0.778715147039504,19.12552052349792,30.547293277810827,50.32718619869125,79.97404560095706,70.55879753999756,50.027779738108315,0.2502085019148849,26.791666666666668,3
2020-08-13,639.0,1097.0,1737.0,12.006667137145996,11.973889350891113,13.721111297607422,3.0,3.0,9.0,703.0399780273438,2020,8,2020-08,1737.0,1736.0,3473.0,2834.0,23.98055648803711,6.0,37.70166778564453,15.0,0.4047437985189083,0.248073386742182,50.027779738108315,0.24986117843799113,49.89120562871297,0.25054515805900074,57.17129707336426,0.655923547648021,18.39907860639217,31.586524618485463,50.01439677512237,79.94979241887543,72.43368188167427,50.027779738108315,0.25020270080025653,26.625,3
2020-08-14,639.0,1082.0,1730.0,13.62166690826416,10.356111526489258,13.529444694519043,4.0,3.0,11.0,699.4719848632812,2020,8,2020-08,1730.0,1721.0,3451.0,2812.0,23.977778434753418,7.0,37.50722312927246,18.0,0.40431906639496024,0.24874537157300186,56.75694545110067,0.29364981737831447,43.150464693705246,0.28968401820765305,56.37268622716268,0.8130414993644377,18.516372066067806,31.353230947551435,50.13039698638075,79.97371839202924,72.1501370407417,56.75694545110067,0.291936970685082,26.625,3
2020-08-15,774.0,782.0,1594.0,14.484999656677246,9.491110801696777,9.737222671508789,3.0,4.0,11.0,583.6160278320312,2020,8,2020-08,1594.0,1556.0,3150.0,2376.0,23.976110458374023,7.0,33.71333312988281,18.0,0.36613301620579125,0.2456296413434475,60.35416523615519,0.20711080918922012,39.5462950070699,0.4214469816625572,40.57176113128662,1.1296855757634165,24.571428571428573,24.825396825396826,50.60317460317461,80.31037456790834,66.48284352741089,60.35416523615519,0.29195728023329753,32.25,3
2020-08-16,698.0,1005.0,1690.0,12.006667137145996,11.975000381469727,12.554444313049316,3.0,3.0,12.0,672.4959716796875,2020,8,2020-08,1690.0,1703.0,3393.0,2695.0,23.981667518615723,6.0,36.53611183166504,18.0,0.3979266104613535,0.24953468336908627,50.027779738108315,0.24986117843799113,49.89583492279053,0.2505219126875553,52.31018463770548,0.9558368097206009,20.57176539935161,29.619805481874444,49.808429118773944,80.05133281410033,70.47049579384506,50.027779738108315,0.2501911093272606,29.083333333333332,3
2020-08-17,649.0,1099.0,1756.0,12.006667137145996,11.972777366638184,13.6899995803833,3.0,3.0,9.0,711.9199829101562,2020,8,2020-08,1756.0,1748.0,3504.0,2855.0,23.97944450378418,6.0,37.66944408416748,15.0,0.4054214025684261,0.24935901327851356,50.027779738108315,0.24986117843799113,49.88657236099243,0.25056842770328447,57.041664918263756,0.6574141910783033,18.521689497716896,31.36415525114155,50.114155251141554,80.27757733278393,73.22938609870161,50.027779738108315,0.2502143032985249,27.041666666666668,3
2020-08-18,701.0,994.0,1694.0,12.006667137145996,11.972222328186035,12.437222480773926,3.0,3.0,11.0,668.416015625,2020,8,2020-08,1694.0,1695.0,3389.0,2688.0,23.97888946533203,6.0,36.41611194610596,17.0,0.394578521620425,0.2486666724795387,50.027779738108315,0.24986117843799113,49.88425970077515,0.250580044185877,51.82176033655802,0.8844418451952873,20.684567719091177,29.330185895544407,49.98524638536441,79.92138128401051,70.64547348821701,50.027779738108315,0.25022009499958797,29.208333333333332,3
2020-08-19,677.0,1019.0,1703.0,12.006667137145996,11.973333358764648,12.74222183227539,3.0,3.0,10.0,677.135986328125,2020,8,2020-08,1703.0,1696.0,3399.0,2722.0,23.980000495910645,6.0,36.722222328186035,16.0,0.397613614990091,0.2487641389890246,50.027779738108315,0.24986117843799113,49.88888899485271,0.2505567923408695,53.092590967814125,0.784792490009122,19.917622830244188,29.979405707561046,50.102971462194766,79.97035473192953,71.01751312684151,50.027779738108315,0.2502085019148849,28.208333333333332,3
2020-08-20,690.0,1013.0,1713.0,12.006667137145996,11.973333358764648,12.674444198608398,3.0,3.0,11.0,679.10400390625,2020,8,2020-08,1713.0,1703.0,3416.0,2726.0,23.980000495910645,6.0,36.65444469451904,17.0,0.3964413332786048,0.24912105792599046,50.027779738108315,0.24986117843799113,49.88888899485271,0.2505567923408695,52.810184160868324,0.8678881556958336,20.19906323185012,29.65456674473068,50.14637002341921,79.92460924726176,71.43452729669964,50.027779738108315,0.2502085019148849,28.75,3
2020-08-21,661.0,1038.0,1716.0,12.006667137145996,11.971111297607422,12.98277759552002,3.0,3.0,10.0,688.3679809570312,2020,8,2020-08,1716.0,1699.0,3415.0,2754.0,23.977778434753418,6.0,36.96055603027344,16.0,0.40114684204955203,0.24995206280211738,50.027779738108315,0.24986117843799113,49.879630406697586,0.25060330034685985,54.094906648000084,0.7702511982836947,19.355783308931183,30.395314787701317,50.248901903367496,79.95207438184751,71.56626309937153,50.027779738108315,0.2502316891586417,27.541666666666668,3
2020-08-22,639.0,1094.0,1728.0,12.006667137145996,11.974444389343262,13.682222366333008,3.0,3.0,10.0,704.7520141601562,2020,8,2020-08,1728.0,1733.0,3461.0,2822.0,23.981111526489258,6.0,37.663333892822266,16.0,0.4078426007871275,0.24973494477680944,50.027779738108315,0.24986117843799113,49.89351828893025,0.2505335448106361,57.00925985972086,0.7308754186459049,18.46287200231147,31.609361456226527,49.927766541462006,79.95777079986199,72.05671005246238,50.027779738108315,0.25019690990438326,26.625,3
2020-08-23,624.0,1068.0,1704.0,12.006667137145996,11.97166633605957,13.364999771118164,3.0,3.0,8.0,695.52001953125,2020,8,2020-08,1704.0,1692.0,3396.0,2772.0,23.978333473205566,6.0,37.34333324432373,14.0,0.4081690255465082,0.2509090979549964,50.027779738108315,0.24986117843799113,49.88194306691487,0.25059168170798174,55.687499046325684,0.5985783866070872,18.374558303886925,31.448763250883395,50.17667844522968,79.91021461204613,71.06415472552018,50.027779738108315,0.2502258969208457,26.0,3
2020-08-24,660.0,1063.0,1744.0,12.006667137145996,11.97166633605957,13.305000305175781,3.0,3.0,9.0,701.8560180664062,2020,8,2020-08,1744.0,1723.0,3467.0,2807.0,23.978333473205566,6.0,37.28333377838135,15.0,0.40244037733165494,0.25003776917221454,50.027779738108315,0.24986117843799113,49.88194306691487,0.25059168170798174,55.43750127156576,0.6764374140223738,19.036631093164118,30.66051341217191,50.30285549466398,79.89477456730927,72.73232737165915,50.027779738108315,0.2502258969208457,27.5,3
2020-08-25,606.0,1170.0,1783.0,12.167778015136719,11.808333396911621,14.645000457763672,3.0,3.0,10.0,738.89599609375,2020,8,2020-08,1783.0,1776.0,3559.0,2953.0,23.97611141204834,6.0,38.62111186981201,16.0,0.41441166354108244,0.2502187592596512,50.699075063069664,0.246552821416367,49.20138915379842,0.2540578673688725,61.02083524068197,0.6828268820366445,17.0272548468671,32.874402922169146,50.09834223096375,79.8907451982874,74.36568713573865,50.699075063069664,0.25024908738891305,25.25,3
2020-08-26,651.0,1134.0,1775.0,12.006667137145996,11.972777366638184,14.202777862548828,3.0,3.0,8.0,727.52001953125,2020,8,2020-08,1775.0,1785.0,3560.0,2909.0,23.97944450378418,6.0,38.18222236633301,14.0,0.40987043353873237,0.25009282211455824,50.027779738108315,0.24986117843799113,49.88657236099243,0.25056842770328447,59.17824109395345,0.5632700924722005,18.286516853932586,31.85393258426966,49.859550561797754,79.84353560793441,74.02173139248028,50.027779738108315,0.2502143032985249,27.125,3
2020-08-27,678.0,1034.0,1730.0,12.006667137145996,11.973333358764648,12.933333396911621,3.0,3.0,9.0,690.447998046875,2020,8,2020-08,1730.0,1712.0,3442.0,2764.0,23.980000495910645,6.0,36.913333892822266,15.0,0.3991028890444364,0.2498002887289707,50.027779738108315,0.24986117843799113,49.88888899485271,0.2505567923408695,53.888889153798424,0.6958762852389725,19.697850087158628,30.04067402672865,50.26147588611273,79.94845321523306,72.14345138545849,50.027779738108315,0.2502085019148849,28.25,3
2020-08-28,697.0,1030.0,1743.0,12.006667137145996,11.971111297607422,12.870555877685547,3.0,3.0,10.0,693.52001953125,2020,8,2020-08,1743.0,1727.0,3470.0,2773.0,23.977778434753418,6.0,36.848334312438965,16.0,0.3978887088532702,0.2500973745154165,50.027779738108315,0.24986117843799113,49.879630406697586,0.25060330034685985,53.62731615702311,0.7769672184351881,20.086455331412104,29.68299711815562,50.23054755043228,80.02762349882437,72.69230570058542,50.027779738108315,0.2502316891586417,29.041666666666668,3
2020-08-29,640.0,1165.0,1808.0,12.006667137145996,11.972222328186035,14.585000038146973,3.0,3.0,7.0,745.8720092773438,2020,8,2020-08,1808.0,1805.0,3613.0,2973.0,23.97888946533203,6.0,38.563889503479004,13.0,0.41253982814012374,0.2508819405574651,50.027779738108315,0.24986117843799113,49.88425970077515,0.250580044185877,60.77083349227905,0.4799451478705208,17.713811237199003,32.24467201771381,50.041516745087186,79.87658532416525,75.39965529320918,50.027779738108315,0.25022009499958797,26.666666666666668,3
2020-08-30,631.0,1172.0,1800.0,12.006667137145996,11.967222213745117,14.659444808959961,3.0,3.0,9.0,742.3519897460938,2020,8,2020-08,1800.0,1803.0,3603.0,2972.0,23.973889350891113,6.0,38.633334159851074,15.0,0.4124177720811632,0.24978196155655913,50.027779738108315,0.24986117843799113,49.86342589060466,0.2506847409045609,61.08102003733317,0.6139386666607684,17.513183458229253,32.528448515126286,49.958368026644465,79.94845748071339,75.08168464676315,50.027779738108315,0.25027228215587716,26.291666666666668,3
2020-08-31,756.0,989.0,1757.0,12.006667137145996,11.970000267028809,12.296667098999023,3.0,3.0,11.0,681.2639770507812,2020,8,2020-08,1757.0,1745.0,3502.0,2746.0,23.976667404174805,6.0,36.27333450317383,17.0,0.3877427302508715,0.24809321815396257,50.027779738108315,0.24986117843799113,49.87500111262004,0.2506265608250199,51.23611291249593,0.8945513374835873,21.587664191890347,28.241005139920045,50.171330668189604,80.42829752466072,73.27957511284792,50.027779738108315,0.2502432843921955,31.5,3
2020-09-01,703.0,971.0,1671.0,12.006667137145996,11.97166633605957,12.149444580078125,3.0,3.0,11.0,655.4400024414062,2020,9,2020-09,1671.0,1674.0,3345.0,2642.0,23.978333473205566,6.0,36.12777805328369,17.0,0.3922441666316016,0.2480847851784278,50.027779738108315,0.24986117843799113,49.88194306691487,0.25059168170798174,50.62268575032552,0.905391182905356,21.01644245142003,29.02840059790732,49.955156950672645,79.92134896373642,69.68791229245552,50.027779738108315,0.2502258969208457,29.291666666666668,3
2020-09-02,715.0,1013.0,1743.0,12.006667137145996,11.967222213745117,12.670000076293945,3.0,3.0,10.0,687.10400390625,2020,9,2020-09,1743.0,1728.0,3471.0,2756.0,23.973889350891113,6.0,36.64388942718506,16.0,0.3942076901355422,0.24931204786148403,50.027779738108315,0.24986117843799113,49.86342589060466,0.2506847409045609,52.791666984558105,0.7892659778834873,20.59925093632959,29.184673004897725,50.216076058772686,79.95264355959726,72.70409796628232,50.027779738108315,0.25027228215587716,29.791666666666668,3
2020-09-03,718.0,1002.0,1736.0,12.006667137145996,11.970000267028809,12.513333320617676,3.0,3.0,8.0,680.9920043945312,2020,9,2020-09,1736.0,1720.0,3456.0,2738.0,23.976667404174805,6.0,36.49000072479248,14.0,0.39227650022726457,0.248718774431896,50.027779738108315,0.24986117843799113,49.87500111262004,0.2506265608250199,52.13888883590698,0.6393180613848708,20.775462962962962,28.993055555555557,50.231481481481474,80.07458718845507,72.40372361747524,50.027779738108315,0.2502432843921955,29.916666666666668,3
2020-09-04,755.0,923.0,1673.0,12.006667137145996,11.970555305480957,11.494444847106934,3.0,3.0,11.0,645.2000122070312,2020,9,2020-09,1673.0,1678.0,3351.0,2596.0,23.977222442626953,6.0,35.47166728973389,17.0,0.38565452014765766,0.24853621425540495,50.027779738108315,0.24986117843799113,49.877313772837326,0.25061494002925583,47.893520196278885,0.9569840167416713,22.530587884213666,27.544016711429425,49.92539540435691,80.29965885932388,69.77455391270523,50.027779738108315,0.25023749161759196,31.458333333333332,3
2020-09-05,720.0,958.0,1700.0,12.006667137145996,11.971111297607422,11.977222442626953,3.0,3.0,9.0,662.27197265625,2020,9,2020-09,1700.0,1678.0,3378.0,2658.0,23.977778434753418,6.0,35.95500087738037,15.0,0.38957174862132354,0.24916176548391647,50.027779738108315,0.24986117843799113,49.879630406697586,0.25060330034685985,49.90509351094563,0.7514263046471431,21.314387211367674,28.35997631734754,50.32563647128478,79.98515553910701,70.89897859494849,50.027779738108315,0.2502316891586417,30.0,3
2020-09-06,683.0,1010.0,1694.0,12.006667137145996,11.971111297607422,12.61111068725586,3.0,3.0,10.0,674.7999877929688,2020,9,2020-09,1694.0,1693.0,3387.0,2704.0,23.977778434753418,6.0,36.58888912200928,16.0,0.39834710023197684,0.24955620850331683,50.027779738108315,0.24986117843799113,49.879630406697586,0.25060330034685985,52.54629453023275,0.7929515685010589,20.165338057277825,29.81989961617951,50.01476232654266,80.08810841860695,70.64874690578985,50.027779738108315,0.2502316891586417,28.458333333333332,3
2020-09-07,826.0,777.0,1616.0,9.728333473205566,12.69111156463623,9.602777481079102,5.0,4.0,11.0,573.4559936523438,2020,9,2020-09,1616.0,1603.0,3219.0,2393.0,22.419445037841797,9.0,32.0222225189209,20.0,0.35486138221060876,0.2396389442759481,40.53472280502319,0.5139626446576218,52.87963151931763,0.31518121794358783,40.01157283782959,1.1455019156357549,25.66014290152221,24.137931034482758,50.20192606399503,80.91408985899832,72.08028554107172,52.87963151931763,0.4014372338302261,34.416666666666664,3
2020-09-08,777.0,882.0,1666.0,11.96500015258789,12.010000228881836,11.026110649108887,3.0,3.0,11.0,630.2559814453125,2020,9,2020-09,1666.0,1659.0,3325.0,2548.0,23.975000381469727,6.0,35.00111103057861,17.0,0.3783049108315201,0.24735321092830162,49.85416730244954,0.2507312964263636,50.04166762034098,0.24979183537278818,45.94212770462036,0.9976319257134431,23.36842105263158,26.526315789473685,50.10526315789474,79.99194167993244,69.48904998924009,50.04166762034098,0.2502606842349583,32.375,3
2020-09-09,784.0,902.0,1686.0,9.119444847106934,14.157221794128418,11.216111183166504,5.0,6.0,12.0,639.9039916992188,2020,9,2020-09,1686.0,1686.0,3372.0,2588.0,23.27666664123535,11.0,34.492777824401855,23.0,0.3795397341039257,0.24725811116662239,37.99768686294556,0.5482789888889132,58.988424142201744,0.42381196588220765,46.7337965965271,1.0698895369377206,23.250296559905102,26.7497034400949,50.0,80.420030193152,72.43305177611633,58.988424142201744,0.472576257139549,32.666666666666664,3
2020-09-10,668.0,951.0,1637.0,11.967222213745117,12.010000228881836,3.88611102104187,3.0,3.0,5.0,683.5040283203125,2020,9,2020-09,1637.0,1619.0,3256.0,2588.0,23.977222442626953,6.0,27.863333463668823,11.0,0.41753453165565824,0.26410511140661225,49.86342589060466,0.2506847409045609,50.04166762034098,0.24979183537278818,16.192129254341125,1.2866333393273708,20.515970515970515,29.207616707616708,50.27641277641277,244.71766114006593,68.27312896299968,50.04166762034098,0.25023749161759196,27.833333333333332,3
2020-09-11,711.0,988.0,1690.0,11.967222213745117,12.010000228881836,5.150000095367432,3.0,3.0,6.0,703.135986328125,2020,9,2020-09,1690.0,1699.0,3389.0,2678.0,23.977222442626953,6.0,29.127222537994385,12.0,0.41605679664386097,0.2625601143869025,49.86342589060466,0.2506847409045609,50.04166762034098,0.24979183537278818,21.458333730697632,1.1650485221150126,20.979640011802893,29.15314251991738,49.867217468279726,191.8446566416054,70.48356013895507,50.04166762034098,0.25023749161759196,29.625,3
2020-09-12,679.0,1047.0,1749.0,11.967778205871582,12.010000228881836,1.9600000381469727,3.0,3.0,2.0,746.416015625,2020,9,2020-09,1749.0,1726.0,3475.0,2796.0,23.977778434753418,6.0,25.93777847290039,8.0,0.4267673045311607,0.2669585177485694,49.86574252446492,0.2506730947376809,50.04166762034098,0.24979183537278818,8.166666825612385,1.0204081434053665,19.53956834532374,30.1294964028777,50.33093525179856,534.1836630727094,72.94253738974406,50.04166762034098,0.2502316891586417,28.291666666666668,3
2020-09-13,706.0,1114.0,1816.0,11.803889274597168,12.172222137451172,5.978333473205566,3.0,4.0,3.0,777.7919921875,2020,9,2020-09,1816.0,1820.0,3636.0,2930.0,23.97611141204834,7.0,29.954444885253906,10.0,0.4282995551693282,0.26545801781143347,49.182871977488205,0.2541535192520163,50.71759223937988,0.32861707211971636,24.909722805023193,0.5018120875066221,19.416941694169417,30.63806380638064,49.94499449944995,186.33955516079234,75.74205711637768,50.71759223937988,0.29195726862039856,29.416666666666668,3
2020-09-14,678.0,1096.0,1789.0,11.963889122009277,12.010555267333984,12.961111068725586,3.0,3.0,10.0,717.3759765625,2020,9,2020-09,1789.0,1774.0,3563.0,2885.0,23.97444438934326,6.0,36.93555545806885,16.0,0.40099272026970373,0.2486571842504333,49.849538008371994,0.2507545806723562,50.043980280558266,0.24978029185372694,54.00462945302328,0.7715387937789858,19.02890822340724,30.760595004209932,50.210496772382825,84.56065179817685,74.62112451687172,50.043980280558266,0.2502664880386978,28.25,3
2020-09-15,736.0,1040.0,1775.0,11.967222213745117,12.010555267333984,7.627777576446533,3.0,3.0,9.0,726.0,2020,9,2020-09,1775.0,1776.0,3551.0,2815.0,23.9777774810791,6.0,31.605555057525635,15.0,0.40901408450704224,0.2579040852575488,49.86342589060466,0.2506847409045609,50.043980280558266,0.24978029185372694,31.78240656852722,1.179898064646076,20.72655589974655,29.28752464094621,49.98591945930724,136.3437763591021,74.02687765372146,50.043980280558266,0.2502316991111711,30.666666666666668,3
2020-09-16,673.0,1105.0,1784.0,11.96500015258789,12.010000228881836,6.609444618225098,3.0,3.0,5.0,751.8880004882812,2020,9,2020-09,1784.0,1778.0,3562.0,2889.0,23.975000381469727,6.0,30.584444999694824,11.0,0.421461883681772,0.26025891328774015,49.85416730244954,0.2507312964263636,50.04166762034098,0.24979183537278818,27.539352575937908,0.7564932136979917,18.89387984278495,31.02189781021898,50.084222346996064,167.18500022725615,74.41084344586093,50.04166762034098,0.2502606842349583,28.041666666666668,3
2020-09-17,692.0,955.0,1672.0,11.96500015258789,12.010555267333984,3.7472221851348877,3.0,3.0,5.0,683.0079956054688,2020,9,2020-09,1672.0,1647.0,3319.0,2627.0,23.975555419921875,6.0,27.722777605056763,11.0,0.40849760502719423,0.25999543037893746,49.85416730244954,0.2507312964263636,50.043980280558266,0.24978029185372694,15.613425771395365,1.3343217329986043,20.849653510093404,28.773727026212715,50.376619463693885,254.85545100273342,69.73769619579676,50.043980280558266,0.250254890654773,28.833333333333332,3
2020-09-18,1032.0,519.0,1561.0,11.96500015258789,12.010000228881836,6.470555782318115,3.0,3.0,10.0,499.87200927734375,2020,9,2020-09,1561.0,1551.0,3112.0,2080.0,23.975000381469727,6.0,30.445556163787842,16.0,0.320225502419823,0.24032308138333836,49.85416730244954,0.2507312964263636,50.04166762034098,0.24979183537278818,26.960649092992146,1.5454622966587641,33.16195372750643,16.677377892030847,50.160668380462724,80.20949319658985,65.10948801512832,50.04166762034098,0.2502606842349583,43.0,3
2020-09-19,846.0,810.0,1656.0,11.965555191040039,12.010555267333984,10.107222557067871,3.0,3.0,12.0,607.2319946289062,2020,9,2020-09,1656.0,1656.0,3312.0,2466.0,23.976110458374023,6.0,34.083333015441895,18.0,0.36668598709475014,0.24624168476435776,49.856479962666825,0.2507196659162492,50.043980280558266,0.24978029185372694,42.113427321116134,1.187269789721661,25.543478260869566,24.456521739130434,50.0,80.14071080621211,69.06875086662009,50.043980280558266,0.25024909734282647,35.25,3
2020-09-20,844.0,797.0,1645.0,11.965555191040039,12.010000228881836,9.937777519226074,3.0,3.0,12.0,598.9600219726562,2020,9,2020-09,1645.0,1641.0,3286.0,2442.0,23.975555419921875,6.0,33.91333293914795,18.0,0.36410943584963906,0.24527437427217702,49.856479962666825,0.2507196659162492,50.04166762034098,0.24979183537278818,41.40740633010864,1.2075134482316854,25.684723067559347,24.254412659768715,50.06086427267194,80.19901818672109,68.61154918785027,50.04166762034098,0.250254890654773,35.166666666666664,3
2020-09-21,836.0,762.0,1624.0,11.966666221618652,12.010000228881836,9.510000228881836,3.0,3.0,12.0,584.719970703125,2020,9,2020-09,1624.0,1598.0,3222.0,2386.0,23.97666645050049,6.0,33.486666679382324,18.0,0.3600492430437962,0.24506285444389145,49.861109256744385,0.25069638815364315,50.04166762034098,0.24979183537278818,39.625000953674316,1.2618296226277728,25.946617008069524,23.649906890130353,50.40347610180012,80.12618103686357,67.73251833622187,50.04166762034098,0.2502432943456473,34.833333333333336,3
2020-09-22,809.0,779.0,1596.0,11.963889122009277,12.010000228881836,6.443333148956299,3.0,3.0,9.0,597.10400390625,2020,9,2020-09,1596.0,1588.0,3184.0,2375.0,23.973889350891113,6.0,30.417222499847412,15.0,0.3741253157307331,0.25141221217105264,49.849538008371994,0.2507545806723562,50.04166762034098,0.24979183537278818,26.847221453984577,1.396792590409179,25.40829145728643,24.46608040201005,50.12562814070351,120.90015865875003,66.57242705346333,50.04166762034098,0.25027228215587716,33.708333333333336,3
2020-09-23,916.0,616.0,1543.0,13.893888473510742,9.990555763244629,5.862222194671631,4.0,4.0,11.0,530.0640258789062,2020,9,2020-09,1543.0,1532.0,3075.0,2159.0,23.88444423675537,8.0,29.746666431427002,19.0,0.34352820860590166,0.24551367571973426,57.891201972961426,0.2878963659184512,41.62731568018596,0.40037812658191113,24.425925811131798,1.8764215402818178,29.788617886178866,20.03252032520325,50.17886178861789,105.0796062557818,64.60271734627608,57.891201972961426,0.3349460393844515,38.166666666666664,3
2020-09-24,818.0,778.0,1592.0,10.146111488342285,13.82611083984375,6.024444580078125,3.0,3.0,11.0,596.9439697265625,2020,9,2020-09,1592.0,1596.0,3188.0,2370.0,23.972222328186035,6.0,29.99666690826416,17.0,0.3749648051046247,0.2518750927116297,42.27546453475952,0.2956797787454781,57.608795166015625,0.21698075726072388,25.101852416992188,1.8258944627651221,25.65872020075282,24.40401505646173,49.937264742785445,129.14053563920592,66.41019669370243,57.608795166015625,0.25028968603154184,34.083333333333336,3
2020-09-25,815.0,744.0,1579.0,12.006667137145996,11.968889236450195,5.974444389343262,3.0,3.0,9.0,585.4719848632812,2020,9,2020-09,1579.0,1559.0,3138.0,2323.0,23.97555637359619,6.0,29.950000762939453,15.0,0.370786564194605,0.25203270979908793,50.027779738108315,0.24986117843799113,49.87037181854248,0.25064982562155935,24.89351828893026,1.5064162311148939,25.971956660293184,23.709369024856596,50.31867431485022,124.53040843883123,65.85874277098827,50.027779738108315,0.25025488070039875,33.958333333333336,3
2020-09-26,896.0,545.0,1449.0,11.90666675567627,9.537221908569336,6.801666736602783,4.0,3.0,11.0,470.0,2020,9,2020-09,1449.0,1441.0,2890.0,1994.0,21.443888664245605,7.0,28.24555540084839,18.0,0.3243616287094548,0.23570712136409228,49.61111148198445,0.3359462460888207,39.738424619038895,0.31455700923813623,28.340278069178265,1.617250657225548,31.003460207612456,18.858131487889274,50.13840830449827,80.12741892617488,67.57169945654424,49.61111148198445,0.32643333070794317,37.333333333333336,3
2020-09-27,804.0,712.0,1524.0,11.966666221618652,12.010000228881836,5.02055549621582,3.0,3.0,8.0,567.0560302734375,2020,9,2020-09,1524.0,1516.0,3040.0,2236.0,23.97666645050049,6.0,28.99722194671631,14.0,0.3720840093657726,0.25360287579312946,49.861109256744385,0.25069638815364315,50.04166762034098,0.24979183537278818,20.918981234232582,1.5934491723136808,26.44736842105263,23.42105263157895,50.13157894736842,141.8169763359176,63.56179676379441,50.04166762034098,0.2502432943456473,33.5,3
2020-09-28,816.0,686.0,1511.0,11.966111183166504,12.010000228881836,3.529444456100464,3.0,3.0,7.0,557.2960205078125,2020,9,2020-09,1511.0,1502.0,3013.0,2197.0,23.97611141204834,6.0,27.505555868148804,13.0,0.3688259566563948,0.25366227606181724,49.8587965965271,0.2507080165041666,50.04166762034098,0.24979183537278818,14.706018567085266,1.9833149627559257,27.08264188516429,22.768005310321936,50.14935280451377,194.36486635008072,63.0210618407746,50.04166762034098,0.25024908738891305,34.0,3
2020-09-29,1019.0,475.0,1506.0,11.967222213745117,12.010000228881836,5.924444675445557,3.0,3.0,10.0,477.8399963378906,2020,9,2020-09,1506.0,1494.0,3000.0,1981.0,23.977222442626953,6.0,29.90166711807251,16.0,0.3172908342217069,0.24121150749010128,49.86342589060466,0.2506847409045609,50.04166762034098,0.24979183537278818,24.68518614768982,1.6879219146810474,33.96666666666667,15.833333333333332,50.2,80.17629094734974,62.80961039601558,50.04166762034098,0.25023749161759196,42.458333333333336,3
2020-09-30,894.0,628.0,1533.0,11.966111183166504,12.010000228881836,7.84499979019165,3.0,3.0,12.0,528.8800048828125,2020,9,2020-09,1533.0,1522.0,3055.0,2161.0,23.97611141204834,6.0,31.82111120223999,18.0,0.3449967416065313,0.2447385492285111,49.8587965965271,0.2507080165041666,50.04166762034098,0.24979183537278818,32.68749912579854,1.5296367521900016,29.26350245499182,20.55646481178396,50.18003273322422,80.05099003127675,63.93864182786728,50.04166762034098,0.25024908738891305,37.25,3
2020-10-01,979.0,421.0,1409.0,11.96500015258789,12.010000228881836,5.246666431427002,3.0,3.0,10.0,442.3999938964844,2020,10,2020-10,1409.0,1400.0,2809.0,1830.0,23.975000381469727,6.0,29.22166681289673,16.0,0.31398154286478663,0.24174863054452697,49.85416730244954,0.2507312964263636,50.04166762034098,0.24979183537278818,21.86111013094584,1.9059721311995386,34.852260590957634,14.9875400498398,50.160199359202565,80.24142672350057,58.76955068117604,50.04166762034098,0.2502606842349583,40.791666666666664,3
2020-10-02,966.0,437.0,1413.0,11.96500015258789,12.010000228881836,2.167222261428833,3.0,3.0,7.0,464.11199951171875,2020,10,2020-10,1413.0,1403.0,2816.0,1850.0,23.975000381469727,6.0,26.14222264289856,13.0,0.32845859838055114,0.25087135108741554,49.85416730244954,0.2507312964263636,50.04166762034098,0.24979183537278818,9.030092755953472,3.2299409823268213,34.30397727272727,15.518465909090908,50.17755681818182,201.64060132526012,58.93639113733268,50.04166762034098,0.2502606842349583,40.25,3
2020-10-03,790.0,675.0,1476.0,11.962778091430664,12.010000228881836,1.2161110639572144,3.0,3.0,4.0,562.5440063476562,2020,10,2020-10,1476.0,1465.0,2941.0,2151.0,23.9727783203125,6.0,25.188889384269714,10.0,0.3811273755742928,0.26152673470369886,49.844908714294434,0.25077786924334905,50.04166762034098,0.24979183537278818,5.06712943315506,3.289173265954868,26.861611696701804,22.95137708262496,50.18701122067324,555.047988629884,61.56983476334751,50.04166762034098,0.25028388115181915,32.916666666666664,3
2020-10-04,972.0,454.0,1436.0,11.965555191040039,12.010000228881836,5.669444561004639,3.0,3.0,10.0,461.135986328125,2020,10,2020-10,1436.0,1426.0,2862.0,1890.0,23.975555419921875,6.0,29.644999980926514,16.0,0.3211253386686107,0.2439872943535053,49.856479962666825,0.2507196659162492,50.04166762034098,0.24979183537278818,23.62268567085266,1.7638412180236536,33.9622641509434,15.86303284416492,50.17470300489168,80.07839129827387,59.89433716337568,50.04166762034098,0.250254890654773,40.5,3
2020-10-05,1019.0,420.0,1451.0,12.41333293914795,11.559444427490234,5.24833345413208,3.0,4.0,9.0,452.97601318359375,2020,10,2020-10,1451.0,1439.0,2890.0,1871.0,23.972777366638184,7.0,29.221110820770264,16.0,0.3121819525731177,0.24210369491373263,51.72222057978312,0.2416756252898764,48.164351781209305,0.3460373917700881,21.868056058883667,1.7148300653256292,35.259515570934255,14.53287197231834,50.207612456747405,80.02540304852936,60.52698766640574,51.72222057978312,0.2919978729599174,42.458333333333336,3
2020-10-06,910.0,508.0,1428.0,12.006667137145996,11.96833324432373,2.8922221660614014,3.0,3.0,7.0,488.9119873046875,2020,10,2020-10,1428.0,1418.0,2846.0,1936.0,23.975000381469727,6.0,26.867222547531128,13.0,0.34237534124978114,0.2525371835251485,50.027779738108315,0.24986117843799113,49.868055184682206,0.25066146962634267,12.050925691922505,2.4202843343575258,31.974701335207307,17.849613492621224,50.17568517217147,175.64349169337473,59.562042847920075,50.027779738108315,0.2502606842349583,37.916666666666664,3
2020-10-07,1048.0,288.0,1346.0,12.006667137145996,11.966111183166504,3.5905556678771973,3.0,3.0,7.0,397.20001220703125,2020,10,2020-10,1346.0,1336.0,2682.0,1634.0,23.9727783203125,6.0,27.563333988189697,13.0,0.29509659153568446,0.24308446279500076,50.027779738108315,0.24986117843799113,49.8587965965271,0.2507080165041666,14.96064861615499,1.9495589673278981,39.075316927665924,10.738255033557047,50.18642803877703,80.2104260843478,56.14701733839142,50.027779738108315,0.25028388115181915,43.666666666666664,3
2020-10-08,1151.0,93.0,1260.0,10.347222328186035,13.623332977294922,0.6772222518920898,3.0,4.0,2.0,328.8320007324219,2020,10,2020-10,1260.0,1244.0,2504.0,1353.0,23.970555305480957,7.0,24.647777557373047,9.0,0.260977778359065,0.24303917275123568,43.11342636744182,0.2899328829368962,56.76388740539551,0.2936139053979321,2.821759382883708,2.953240231566822,45.966453674121404,3.7140575079872202,50.319488817891376,137.32567076785722,52.56448938885852,56.76388740539551,0.292024941049214,47.958333333333336,3
2020-10-09,1093.0,213.0,1320.0,12.008333206176758,11.966666221618652,2.658888816833496,3.0,3.0,5.0,372.3840026855469,2020,10,2020-10,1320.0,1306.0,2626.0,1533.0,23.97499942779541,6.0,26.633888244628906,11.0,0.2821090929435961,0.24291193912951525,50.03472169240316,0.24982651201391398,49.861109256744385,0.25069638815364315,11.0787034034729,1.88048479814006,41.622239146991625,8.11119573495811,50.266565118050266,80.10865240076656,55.05735272175474,50.03472169240316,0.2502606941897943,45.541666666666664,3
2020-10-10,1003.0,379.0,1393.0,12.008333206176758,11.966666221618652,4.733333110809326,3.0,3.0,8.0,435.67999267578125,2020,10,2020-10,1393.0,1382.0,2775.0,1772.0,23.97499942779541,6.0,28.708332538604736,14.0,0.3127638138376032,0.24586907035879302,50.03472169240316,0.24982651201391398,49.861109256744385,0.25069638815364315,19.722221295038857,1.6901409245275207,36.14414414414415,13.657657657657657,50.1981981981982,80.07042629949129,58.102191167730574,50.03472169240316,0.2502606941897943,41.791666666666664,3
2020-10-11,960.0,408.0,1379.0,12.008333206176758,11.967222213745117,5.090555667877197,3.0,3.0,9.0,440.4320068359375,2020,10,2020-10,1379.0,1368.0,2747.0,1787.0,23.975555419921875,6.0,29.066111087799072,15.0,0.31938506659603877,0.24646446941014968,50.03472169240316,0.24982651201391398,49.86342589060466,0.2506847409045609,21.21064861615499,1.7679798802304567,34.94721514379323,14.852566436112122,50.20021842009464,80.14842123711404,57.51691570215534,50.03472169240316,0.250254890654773,40.0,3
2020-10-12,1188.0,131.0,1334.0,13.434444427490234,10.525555610656738,1.6377778053283691,4.0,3.0,4.0,351.0880126953125,2020,10,2020-10,1334.0,1319.0,2653.0,1465.0,23.960000038146973,7.0,25.597777843475342,11.0,0.26318441731282793,0.23965052061113482,55.97685178120931,0.29774212261543165,43.85648171106975,0.28502058332793473,6.824074188868205,2.442333744532588,44.77949491142103,4.937806257067471,50.282698831511496,79.98643013344225,55.67612678948766,55.97685178120931,0.292153588850385,49.5,3
2020-10-13,1334.0,0.0,1351.0,11.967222213745117,12.010000228881836,0.0,3.0,3.0,0.0,315.6319885253906,2020,10,2020-10,1351.0,1334.0,2685.0,1351.0,23.977222442626953,6.0,23.977222442626953,6.0,0.2336284148966622,0.2336284148966622,49.86342589060466,0.2506847409045609,50.04166762034098,0.24979183537278818,0.0,,49.683426443202976,0.0,50.31657355679702,,56.34514186256112,50.04166762034098,0.25023749161759196,55.583333333333336,2
2020-10-14,1348.0,0.0,1366.0,11.96500015258789,12.010000228881836,0.0,3.0,3.0,0.0,319.3599853515625,2020,10,2020-10,1366.0,1348.0,2714.0,1366.0,23.975000381469727,6.0,23.975000381469727,6.0,0.23379208298064605,0.23379208298064605,49.85416730244954,0.2507312964263636,50.04166762034098,0.24979183537278818,0.0,,49.6683861459101,0.0,50.33161385408991,,56.97601577749217,50.04166762034098,0.2502606842349583,56.166666666666664,2
2020-10-15,1309.0,0.0,1325.0,11.962778091430664,12.010000228881836,0.0,3.0,3.0,0.0,310.57598876953125,2020,10,2020-10,1325.0,1309.0,2634.0,1325.0,23.9727783203125,6.0,23.9727783203125,6.0,0.23439697265625,0.23439697265625,49.844908714294434,0.25077786924334905,50.04166762034098,0.24979183537278818,0.0,,49.69627942293091,0.0,50.3037205770691,,55.27102375436006,50.04166762034098,0.25028388115181915,54.541666666666664,2
2020-10-16,1330.0,0.0,1349.0,11.965555191040039,12.010000228881836,0.0,3.0,3.0,0.0,317.7120056152344,2020,10,2020-10,1349.0,1330.0,2679.0,1349.0,23.975555419921875,6.0,23.975555419921875,6.0,0.23551668318401361,0.23551668318401361,49.856479962666825,0.2507196659162492,50.04166762034098,0.24979183537278818,0.0,,49.645390070921984,0.0,50.35460992907801,,56.26564124888147,50.04166762034098,0.250254890654773,55.416666666666664,2
2020-10-17,1244.0,195.0,1456.0,11.963333129882812,12.010000228881836,2.433333396911621,3.0,3.0,4.0,394.76800537109375,2020,10,2020-10,1456.0,1439.0,2895.0,1651.0,23.97333335876465,6.0,26.40666675567627,10.0,0.27113187182080617,0.2391084223931519,49.84722137451172,0.2507662344122475,50.04166762034098,0.24979183537278818,10.13888915379842,1.643835573488116,42.9706390328152,6.7357512953367875,50.29360967184802,80.13698420754565,60.7341489900772,50.04166762034098,0.2502780864975709,51.833333333333336,3
2020-10-18,1344.0,88.0,1447.0,11.963333129882812,12.010000228881836,1.1011110544204712,3.0,3.0,2.0,359.66400146484375,2020,10,2020-10,1447.0,1432.0,2879.0,1535.0,23.97333335876465,6.0,25.07444441318512,8.0,0.24855839769512353,0.23430879574256921,49.84722137451172,0.2507662344122475,50.04166762034098,0.24979183537278818,4.587962726751963,1.8163472176315818,46.682875998610626,3.05661688086141,50.26050712052796,79.9192775757896,60.35873186033084,50.04166762034098,0.2502780864975709,56.0,3
2020-10-19,1317.0,44.0,1377.0,11.9622220993042,12.010000228881836,0.5561110973358154,3.0,3.0,1.0,334.0159912109375,2020,10,2020-10,1377.0,1361.0,2738.0,1421.0,23.972222328186035,6.0,24.52833342552185,7.0,0.24256789485180646,0.23505699592606438,49.84259208043416,0.2507895251480492,50.04166762034098,0.24979183537278818,2.317129572232564,1.7982018427446271,48.10080350620891,1.6070124178232286,50.29218407596786,79.1208810807636,57.44148294423886,50.04166762034098,0.25028968603154184,54.875,3
2020-10-20,1307.0,91.0,1416.0,11.964444160461426,12.010000228881836,1.1355555057525635,3.0,3.0,2.0,357.2799987792969,2020,10,2020-10,1416.0,1398.0,2814.0,1507.0,23.97444438934326,6.0,25.109999895095825,8.0,0.2523163833187125,0.23708029116078094,49.85185066858928,0.25074294800204916,50.04166762034098,0.24979183537278818,4.731481273969015,1.7612525234286507,46.44633972992182,3.233830845771144,50.31982942430704,80.1369898160036,59.06289117713267,50.04166762034098,0.2502664880386978,54.458333333333336,3
2020-10-21,1362.0,43.0,1422.0,11.964444160461426,12.010000228881836,0.5344444513320923,3.0,3.0,1.0,342.864013671875,2020,10,2020-10,1422.0,1405.0,2827.0,1465.0,23.97444438934326,6.0,24.508888840675354,7.0,0.24111393366517228,0.23403686940059726,49.85185066858928,0.25074294800204916,50.04166762034098,0.24979183537278818,2.2268518805503845,1.8711018469880634,48.17828086310577,1.5210470463388752,50.30067209055535,80.45737942048672,59.31315766517137,50.04166762034098,0.2502664880386978,56.75,3
2020-10-22,1340.0,47.0,1405.0,11.96500015258789,12.010000228881836,0.5883333086967468,3.0,3.0,1.0,343.3919982910156,2020,10,2020-10,1405.0,1387.0,2792.0,1452.0,23.975000381469727,6.0,24.563333690166473,7.0,0.24440711622136344,0.23649586659160857,49.85416730244954,0.2507312964263636,50.04166762034098,0.24979183537278818,2.4513887862364454,1.6997167850570305,47.99426934097421,1.683381088825215,50.32234957020057,79.88668889768043,58.6027102250194,50.04166762034098,0.2502606842349583,55.833333333333336,3
2020-10-23,1313.0,84.0,1410.0,11.962778091430664,12.010000228881836,1.0444444417953491,3.0,3.0,2.0,354.0639953613281,2020,10,2020-10,1410.0,1397.0,2807.0,1494.0,23.9727783203125,6.0,25.01722276210785,8.0,0.2511092165683178,0.23699062607853288,49.844908714294434,0.25077786924334905,50.04166762034098,0.24979183537278818,4.351851840813955,1.9148936218781512,46.775917349483436,2.9925187032418954,50.23156394727467,80.42553211888236,58.8167120706775,50.04166762034098,0.25028388115181915,54.708333333333336,3
2020-10-24,1296.0,81.0,1394.0,14.698333740234375,9.275555610656738,1.0144444704055786,3.0,3.0,2.0,350.7040100097656,2020,10,2020-10,1394.0,1377.0,2771.0,1475.0,23.973889350891113,6.0,24.988333821296692,8.0,0.2515810688735765,0.23776543051509533,61.24305725097656,0.2041047681335451,38.648148377736405,0.3234307599377964,4.226851960023245,1.9715224029959892,46.77011909058102,2.9231324431613137,50.306748466257666,79.84665732133756,58.146593554215464,61.24305725097656,0.25027228215587716,54.0,3
2020-10-25,1381.0,0.0,1397.0,12.131111145019531,12.84333324432373,0.0,3.0,4.0,0.0,326.7040100097656,2020,10,2020-10,1397.0,1381.0,2778.0,1397.0,24.97444438934326,7.0,24.97444438934326,7.0,0.2338611381601758,0.2338611381601758,50.54629643758138,0.2472980392428158,53.51388851801554,0.3114456289427707,0.0,,49.71202303815695,0.0,50.28797696184305,,55.937180352092554,53.51388851801554,0.2802865157227257,57.541666666666664,2
2020-10-26,1367.0,0.0,1385.0,12.008333206176758,11.966111183166504,0.0,3.0,3.0,0.0,323.67999267578125,2020,10,2020-10,1385.0,1367.0,2752.0,1385.0,23.97444438934326,6.0,23.97444438934326,6.0,0.23370396583088898,0.23370396583088898,50.03472169240316,0.24982651201391398,49.8587965965271,0.2507080165041666,0.0,,49.67296511627907,0.0,50.327034883720934,,57.7698476555994,50.03472169240316,0.2502664880386978,56.958333333333336,2
2020-10-27,1330.0,0.0,1344.0,12.008333206176758,11.963889122009277,0.0,3.0,3.0,0.0,316.0320129394531,2020,10,2020-10,1344.0,1330.0,2674.0,1344.0,23.972222328186035,6.0,23.972222328186035,6.0,0.23514286677042642,0.23514286677042642,50.03472169240316,0.24982651201391398,49.849538008371994,0.2507545806723562,0.0,,49.73821989528796,0.0,50.26178010471204,,56.06488967106537,50.03472169240316,0.25028968603154184,55.416666666666664,2
2020-10-28,1236.0,0.0,1251.0,12.008333206176758,11.963889122009277,0.0,3.0,3.0,0.0,300.33599853515625,2020,10,2020-10,1251.0,1236.0,2487.0,1251.0,23.972222328186035,6.0,23.972222328186035,6.0,0.24007673743817445,0.24007673743817445,50.03472169240316,0.24982651201391398,49.849538008371994,0.2507545806723562,0.0,,49.698431845597106,0.0,50.3015681544029,,52.18539953757648,50.03472169240316,0.25028968603154184,51.5,2
2020-10-29,1309.0,0.0,1325.0,12.008333206176758,11.964444160461426,0.0,3.0,3.0,0.0,314.0159912109375,2020,10,2020-10,1325.0,1309.0,2634.0,1325.0,23.972777366638184,6.0,23.972777366638184,6.0,0.2369932009139151,0.2369932009139151,50.03472169240316,0.24982651201391398,49.85185066858928,0.25074294800204916,0.0,,49.69627942293091,0.0,50.3037205770691,,55.27102595312723,50.03472169240316,0.25028389110850063,54.541666666666664,2
2020-10-30,1300.0,0.0,1315.0,12.008333206176758,11.966666221618652,0.0,3.0,3.0,0.0,311.21600341796875,2020,10,2020-10,1315.0,1300.0,2615.0,1315.0,23.97499942779541,6.0,23.97499942779541,6.0,0.23666616229503326,0.23666616229503326,50.03472169240316,0.24982651201391398,49.861109256744385,0.25069638815364315,0.0,,49.7131931166348,0.0,50.2868068833652,,54.84880214326325,50.03472169240316,0.2502606941897943,54.166666666666664,2
2020-10-31,1290.0,45.0,1349.0,12.008333206176758,11.96500015258789,0.5594444274902344,3.0,3.0,1.0,332.7200012207031,2020,10,2020-10,1349.0,1335.0,2684.0,1394.0,23.97333335876465,6.0,24.532777786254883,7.0,0.24664195791008386,0.23868005826449293,50.03472169240316,0.24982651201391398,49.85416730244954,0.2507312964263636,2.3310184478759766,1.7874876410623572,48.06259314456035,1.6766020864381521,50.26080476900149,80.43694384780608,56.270856447537184,50.03472169240316,0.2502780864975709,53.75,3
2020-11-01,1294.0,0.0,1310.0,12.008333206176758,11.96500015258789,0.0,3.0,3.0,0.0,312.9599914550781,2020,11,2020-11,1310.0,1294.0,2604.0,1310.0,23.97333335876465,6.0,23.97333335876465,6.0,0.2389007568359375,0.2389007568359375,50.03472169240316,0.24982651201391398,49.85416730244954,0.2507312964263636,0.0,,49.69278033794163,0.0,50.307219662058365,,54.64404888530297,50.03472169240316,0.2502780864975709,53.916666666666664,2
2020-11-02,1325.0,0.0,1342.0,12.008333206176758,11.937777519226074,0.0,3.0,3.0,0.0,317.7919921875,2020,11,2020-11,1342.0,1325.0,2667.0,1342.0,23.946110725402832,6.0,23.946110725402832,6.0,0.2368047631799553,0.2368047631799553,50.03472169240316,0.24982651201391398,49.74073966344197,0.25130305830950767,0.0,,49.681289838770155,0.0,50.31871016122985,,56.042503744725515,50.03472169240316,0.2505626098869993,55.208333333333336,2
2020-11-03,1289.0,0.0,1303.0,12.008333206176758,11.963889122009277,0.0,3.0,3.0,0.0,308.68798828125,2020,11,2020-11,1303.0,1289.0,2592.0,1303.0,23.972222328186035,6.0,23.972222328186035,6.0,0.2369055934622026,0.2369055934622026,50.03472169240316,0.24982651201391398,49.849538008371994,0.2507545806723562,0.0,,49.72993827160494,0.0,50.27006172839506,,54.354576816516506,50.03472169240316,0.25028968603154184,53.708333333333336,2
2020-11-04,1275.0,0.0,1291.0,11.470555305480957,12.497777938842773,0.0,4.0,3.0,0.0,309.64801025390625,2020,11,2020-11,1291.0,1275.0,2566.0,1291.0,23.96833324432373,7.0,23.96833324432373,7.0,0.23985128602161598,0.23985128602161598,47.79398043950398,0.3487189498217829,52.07407474517822,0.24004267115965286,0.0,,49.68823070927514,0.0,50.31176929072486,,53.862735753882234,52.07407474517822,0.2920520141573785,53.125,2
2020-11-05,1246.0,0.0,1262.0,11.961111068725586,12.010000228881836,0.0,3.0,3.0,0.0,302.5119934082031,2020,11,2020-11,1262.0,1246.0,2508.0,1262.0,23.971111297607422,6.0,23.971111297607422,6.0,0.2397083941427917,0.2397083941427917,49.83796278635661,0.25081282021065954,50.04166762034098,0.24979183537278818,0.0,,49.68102073365232,0.0,50.31897926634768,,52.64670395677322,50.04166762034098,0.2503012866407602,51.916666666666664,2
2020-11-06,1258.0,0.0,1274.0,11.95888900756836,12.010000228881836,0.0,3.0,3.0,0.0,305.2959899902344,2020,11,2020-11,1274.0,1258.0,2532.0,1274.0,23.968889236450195,6.0,23.968889236450195,6.0,0.23963578492169102,0.23963578492169102,49.82870419820149,0.25085942332113004,50.04166762034098,0.24979183537278818,0.0,,49.68404423380727,0.0,50.31595576619273,,53.15223360716235,50.04166762034098,0.25032449108553695,52.416666666666664,2
2020-11-07,1155.0,156.0,1326.0,10.243332862854004,12.010000228881836,1.0527777671813965,4.0,3.0,3.0,348.9599914550781,2020,11,2020-11,1326.0,1311.0,2637.0,1482.0,22.25333309173584,7.0,23.306110858917236,10.0,0.2631674143703455,0.23546558127873018,42.68055359522502,0.39049790273880813,50.04166762034098,0.24979183537278818,4.386574029922485,2.849604250317619,43.79977246871445,5.915813424345847,50.2844141069397,148.1794210165162,59.58657943660732,50.04166762034098,0.314559619951924,48.125,3
2020-11-08,1200.0,154.0,1368.0,11.962778091430664,12.010000228881836,1.9311110973358154,3.0,3.0,3.0,368.68798828125,2020,11,2020-11,1368.0,1354.0,2722.0,1522.0,23.9727783203125,6.0,25.903889417648315,9.0,0.26950876336348684,0.24223915130174112,49.844908714294434,0.25077786924334905,50.04166762034098,0.24979183537278818,8.046296238899231,1.553509792439615,44.0852314474651,5.657604702424688,50.25716385011021,79.74683601190024,57.06472490261476,50.04166762034098,0.25028388115181915,50.0,3
2020-11-09,1225.0,81.0,1320.0,11.962778091430664,12.010000228881836,1.0177778005599976,3.0,3.0,2.0,339.02398681640625,2020,11,2020-11,1320.0,1306.0,2626.0,1401.0,23.9727783203125,6.0,24.990556120872498,8.0,0.2568363536487926,0.2419871426241301,49.844908714294434,0.25077786924334905,50.04166762034098,0.24979183537278818,4.2407408356666565,1.9650654581968363,46.64889565879665,3.0845392231530844,50.266565118050266,79.58515105697188,55.06245385340021,50.04166762034098,0.25028388115181915,51.041666666666664,3
2020-11-10,1222.0,0.0,1238.0,11.957221984863281,12.010000228881836,0.0,3.0,3.0,0.0,300.12799072265625,2020,11,2020-11,1238.0,1222.0,2460.0,1238.0,23.967222213745117,6.0,23.967222213745117,6.0,0.24242971786967388,0.24242971786967388,49.82175827026367,0.25089439702614186,50.04166762034098,0.24979183537278818,0.0,,49.674796747967484,0.0,50.32520325203252,,51.653879158762564,50.04166762034098,0.25034190222340497,50.916666666666664,2
2020-11-11,1250.0,44.0,1310.0,11.961111068725586,12.010000228881836,0.5583333373069763,3.0,3.0,1.0,326.99200439453125,2020,11,2020-11,1310.0,1294.0,2604.0,1354.0,23.971111297607422,6.0,24.529444634914398,7.0,0.249612217095062,0.241500741798029,49.83796278635661,0.25081282021065954,50.04166762034098,0.24979183537278818,2.326388905445735,1.7910447633725866,48.003072196620586,1.6897081413210446,50.307219662058365,78.80596958839381,54.649114249899306,50.04166762034098,0.2503012866407602,52.083333333333336,3
2020-11-12,1242.0,39.0,1296.0,10.64555549621582,12.012222290039062,0.49166667461395264,4.0,4.0,1.0,309.21600341796875,2020,11,2020-11,1296.0,1281.0,2577.0,1335.0,22.657777786254883,8.0,23.149444460868835,9.0,0.23859259522991416,0.23162247447038858,44.35648123423259,0.3757436614201938,50.050926208496094,0.3329941707220099,2.048611144224803,2.033898272208872,48.19557625145518,1.5133876600698486,50.291036088474975,79.32203261614602,57.19890150861156,50.050926208496094,0.3530796389420467,51.75,3
2020-11-13,1242.0,44.0,1301.0,11.9622220993042,12.010000228881836,0.5450000166893005,3.0,3.0,1.0,323.552001953125,2020,11,2020-11,1301.0,1286.0,2587.0,1345.0,23.972222328186035,6.0,24.517222344875336,7.0,0.24869485161654498,0.240559109258829,49.84259208043416,0.2507895251480492,50.04166762034098,0.24979183537278818,2.2708334028720856,1.8348623291329011,48.0092771550058,1.7008117510630072,50.289911093931195,80.73394248184765,54.27114692117266,50.04166762034098,0.25028968603154184,51.75,3
2020-11-14,1226.0,96.0,1338.0,11.962778091430664,12.010000228881836,1.2072222232818604,3.0,3.0,2.0,348.1600036621094,2020,11,2020-11,1338.0,1322.0,2660.0,1434.0,23.9727783203125,6.0,25.18000054359436,8.0,0.26020927030053015,0.24278940283271225,49.844908714294434,0.25077786924334905,50.04166762034098,0.24979183537278818,5.0300925970077515,1.6566958107869783,46.090225563909776,3.6090225563909777,50.30075187969925,79.52139891777495,55.81330549685567,50.04166762034098,0.25028388115181915,51.083333333333336,3
2020-11-15,1284.0,44.0,1345.0,11.961111068725586,12.010000228881836,0.5533333420753479,3.0,3.0,1.0,332.11199951171875,2020,11,2020-11,1345.0,1328.0,2673.0,1389.0,23.971111297607422,6.0,24.52444463968277,7.0,0.24692341971131507,0.2391015115275153,49.83796278635661,0.25081282021065954,50.04166762034098,0.24979183537278818,2.3055555919806165,1.807228887110564,48.035914702581366,1.646090534979424,50.31799476243921,79.51807103286481,56.109205088637076,50.04166762034098,0.2503012866407602,53.5,3
2020-11-16,1270.0,0.0,1285.0,11.96166706085205,12.010000228881836,0.0,3.0,3.0,0.0,304.6080017089844,2020,11,2020-11,1285.0,1270.0,2555.0,1285.0,23.971667289733887,6.0,23.971667289733887,6.0,0.237049028567303,0.237049028567303,49.84027942021687,0.2508011621405474,50.04166762034098,0.24979183537278818,0.0,,49.706457925636,0.0,50.293542074364,,53.60494889524495,50.04166762034098,0.2502954812229336,52.916666666666664,2
2020-11-17,1214.0,0.0,1231.0,11.96166706085205,12.010000228881836,0.0,3.0,3.0,0.0,296.6400146484375,2020,11,2020-11,1231.0,1214.0,2445.0,1231.0,23.971667289733887,6.0,23.971667289733887,6.0,0.2409748291213952,0.2409748291213952,49.84027942021687,0.2508011621405474,50.04166762034098,0.24979183537278818,0.0,,49.65235173824131,0.0,50.34764826175869,,51.352289564238546,50.04166762034098,0.2502954812229336,50.583333333333336,2
2020-11-18,1195.0,12.0,1222.0,11.9622220993042,12.010000228881836,0.15166667103767395,3.0,3.0,1.0,298.97601318359375,2020,11,2020-11,1222.0,1207.0,2429.0,1234.0,23.972222328186035,6.0,24.12388899922371,7.0,0.2446612219178345,0.24228202040809865,49.84259208043416,0.2507895251480492,50.04166762034098,0.24979183537278818,0.6319444626569748,6.593406403385753,49.19720049403046,0.49403046521202143,50.30876904075752,79.12087684062904,50.97566605509069,50.04166762034098,0.25028968603154184,49.791666666666664,3
2020-11-19,1198.0,77.0,1291.0,11.959444046020508,12.010000228881836,0.9694444537162781,3.0,3.0,2.0,331.7919921875,2020,11,2020-11,1291.0,1275.0,2566.0,1368.0,23.969444274902344,6.0,24.938888728618622,8.0,0.257003866915182,0.24253800598501463,49.83101685841878,0.2508477809215761,50.04166762034098,0.24979183537278818,4.039351890484491,2.063037229552637,46.68745128604833,3.0007794232268123,50.31176929072486,79.42693333777653,53.860239110831856,50.04166762034098,0.250318694550729,49.916666666666664,3
2020-11-20,1219.0,78.0,1313.0,11.960000038146973,12.010000228881836,0.9766666889190674,3.0,3.0,2.0,335.7760009765625,2020,11,2020-11,1313.0,1297.0,2610.0,1391.0,23.97000026702881,6.0,24.946666955947876,8.0,0.25573191239646803,0.24139180515928288,49.83333349227905,0.2508361196012844,50.04166762034098,0.24979183537278818,4.069444537162781,2.0477815233091587,46.70498084291187,2.9885057471264367,50.30651340996168,79.86347940905719,54.77680372853631,50.04166762034098,0.25031288832537535,50.791666666666664,3
2020-11-21,1256.0,0.0,1273.0,11.960556030273438,12.010000228881836,0.0,3.0,3.0,0.0,305.3280029296875,2020,11,2020-11,1273.0,1256.0,2529.0,1273.0,23.970556259155273,6.0,23.970556259155273,6.0,0.23984917747815201,0.23984917747815201,49.83565012613933,0.25082445936515674,50.04166762034098,0.24979183537278818,0.0,,49.66389877421906,0.0,50.336101225780936,,53.10681930936803,50.04166762034098,0.25030708236937016,52.333333333333336,2
2020-11-22,1117.0,46.0,1179.0,10.975555419921875,8.307222366333008,0.5838888883590698,7.0,5.0,1.0,260.57598876953125,2020,11,2020-11,1179.0,1163.0,2342.0,1225.0,19.282777786254883,12.0,19.866666674613953,13.0,0.22101440947373305,0.21271509287308674,45.73148091634114,0.6377809351947882,34.61342652638753,0.6018858987407979,2.4328703681627912,1.7126546162067695,47.694278394534585,1.964133219470538,50.341588385994875,78.7821123455114,61.142643091619966,45.73148091634114,0.6223169780317553,46.541666666666664,3
2020-11-24,1284.0,43.0,1346.0,11.957221984863281,12.010000228881836,0.5388888716697693,3.0,3.0,1.0,332.76800537109375,2020,11,2020-11,1346.0,1327.0,2673.0,1389.0,23.967222213745117,6.0,24.506111085414886,7.0,0.24722734425787055,0.23957379796335043,49.82175827026367,0.25089439702614186,50.04166762034098,0.24979183537278818,2.2453702986240387,1.8556701623870222,48.035914702581366,1.6086793864571642,50.35540591096147,79.79381698264196,56.16003339878385,50.04166762034098,0.25034190222340497,53.5,3
2020-11-25,1226.0,289.0,1530.0,11.957777976989746,12.010000228881836,3.612222194671631,3.0,3.0,6.0,435.9360046386719,2020,11,2020-11,1530.0,1515.0,3045.0,1819.0,23.967778205871582,6.0,27.580000400543213,12.0,0.2849254932278901,0.23965695692065522,49.82407490412395,0.2508827313714032,50.04166762034098,0.24979183537278818,15.050925811131796,1.6610273888606761,40.262725779967155,9.49096880131363,50.24630541871922,80.0061525634559,63.83570420495561,50.04166762034098,0.2503360949213946,51.083333333333336,3
2020-11-26,1218.0,204.0,1435.0,11.922222137451172,12.010000228881836,2.5544445514678955,3.0,3.0,4.0,391.7279968261719,2020,11,2020-11,1435.0,1422.0,2857.0,1639.0,23.932222366333008,6.0,26.486666917800903,10.0,0.2729811824572626,0.23900426896044655,49.67592557271321,0.2516309430752952,50.04166762034098,0.24979183537278818,10.643518964449566,1.5658981510095513,42.63213160658033,7.140357017850893,50.22751137556878,79.86080570148711,59.96100061391317,50.04166762034098,0.2507080165041666,50.75,3
2020-11-27,1143.0,128.0,1286.0,10.179444313049316,12.010000228881836,1.600000023841858,4.0,3.0,3.0,331.2959899902344,2020,11,2020-11,1286.0,1271.0,2557.0,1414.0,22.189444541931152,7.0,23.78944456577301,10.0,0.2576174105678339,0.23429702262392813,42.41435130437215,0.39294875800561013,50.04166762034098,0.24979183537278818,6.666666766007741,1.8749999720603232,44.70082127493156,5.005866249511145,50.29331247555729,79.99999880790712,57.95548408478003,50.04166762034098,0.31546530994825833,47.625,3
2020-11-28,1266.0,45.0,1328.0,11.952777862548828,12.010000228881836,0.5588889122009277,3.0,3.0,1.0,329.02398681640625,2020,11,2020-11,1328.0,1311.0,2639.0,1373.0,23.962778091430664,6.0,24.521667003631592,7.0,0.24775902621717338,0.23963873766671978,49.803241093953446,0.2509876812318066,50.04166762034098,0.24979183537278818,2.328703800837199,1.7892643388861633,47.97271693823418,1.7051913603637743,50.32209170140205,80.51689524987735,55.41928381312793,50.04166762034098,0.2503883304809997,52.75,3
2020-11-29,1268.0,0.0,1285.0,11.959444046020508,12.010000228881836,0.0,3.0,3.0,0.0,305.7279968261719,2020,11,2020-11,1285.0,1268.0,2553.0,1285.0,23.969444274902344,6.0,23.969444274902344,6.0,0.23792062009818823,0.23792062009818823,49.83101685841878,0.2508477809215761,50.04166762034098,0.24979183537278818,0.0,,49.667058362710534,0.0,50.332941637289466,,53.60992041628113,50.04166762034098,0.250318694550729,52.833333333333336,2
2020-11-30,1253.0,0.0,1270.0,11.960000038146973,12.010000228881836,0.0,3.0,3.0,0.0,303.47198486328125,2020,11,2020-11,1270.0,1253.0,2523.0,1270.0,23.97000026702881,6.0,23.97000026702881,6.0,0.23895431878998524,0.23895431878998524,49.83333349227905,0.2508361196012844,50.04166762034098,0.24979183537278818,0.0,,49.663099484740385,0.0,50.33690051525961,,52.98289469553779,50.04166762034098,0.25031288832537535,52.208333333333336,2
2020-12-01,1248.0,0.0,1265.0,11.957221984863281,12.010000228881836,0.0,3.0,3.0,0.0,303.31201171875,2020,12,2020-12,1265.0,1248.0,2513.0,1265.0,23.967222213745117,6.0,23.967222213745117,6.0,0.23977234127964428,0.23977234127964428,49.82175827026367,0.25089439702614186,50.04166762034098,0.24979183537278818,0.0,,49.66175885395941,0.0,50.33824114604059,,52.780417718767886,50.04166762034098,0.25034190222340497,52.0,2
2020-12-02,1249.0,0.0,1267.0,11.960556030273438,12.010000228881836,0.0,3.0,3.0,0.0,302.99200439453125,2020,12,2020-12,1267.0,1249.0,2516.0,1267.0,23.970556259155273,6.0,23.970556259155273,6.0,0.2391412820793459,0.2391412820793459,49.83565012613933,0.25082445936515674,50.04166762034098,0.24979183537278818,0.0,,49.6422893481717,0.0,50.3577106518283,,52.85651222699866,50.04166762034098,0.25030708236937016,52.041666666666664,2
2020-12-03,1243.0,0.0,1261.0,11.959444046020508,12.010000228881836,0.0,3.0,3.0,0.0,299.8240051269531,2020,12,2020-12,1261.0,1243.0,2504.0,1261.0,23.969444274902344,6.0,23.969444274902344,6.0,0.23776685577077963,0.23776685577077963,49.83101685841878,0.2508477809215761,50.04166762034098,0.24979183537278818,0.0,,49.64057507987221,0.0,50.35942492012779,,52.608645638078215,50.04166762034098,0.250318694550729,51.791666666666664,2
2020-12-04,1244.0,0.0,1262.0,11.959444046020508,12.010000228881836,0.0,3.0,3.0,0.0,302.2560119628906,2020,12,2020-12,1262.0,1244.0,2506.0,1262.0,23.969444274902344,6.0,23.969444274902344,6.0,0.2395055562304997,0.2395055562304997,49.83101685841878,0.2508477809215761,50.04166762034098,0.24979183537278818,0.0,,49.640861931364725,0.0,50.359138068635275,,52.650365420503334,50.04166762034098,0.250318694550729,51.833333333333336,2
2020-12-05,1312.0,0.0,1330.0,11.960000038146973,12.010000228881836,0.0,3.0,3.0,0.0,315.64801025390625,2020,12,2020-12,1330.0,1312.0,2642.0,1330.0,23.97000026702881,6.0,23.97000026702881,6.0,0.23732933101797463,0.23732933101797463,49.83333349227905,0.2508361196012844,50.04166762034098,0.24979183537278818,0.0,,49.659348978046935,0.0,50.340651021953065,,55.48602357879154,50.04166762034098,0.25031288832537535,54.666666666666664,2
2020-12-06,1176.0,0.0,1193.0,9.335556030273438,11.104999542236328,0.0,2.0,3.0,0.0,255.07200622558594,2020,12,2020-12,1193.0,1176.0,2369.0,1193.0,20.440555572509766,5.0,20.440555572509766,5.0,0.21380721393594798,0.21380721393594798,38.89815012613933,0.21423469512842935,46.270831425984696,0.2701485928558498,0.0,,49.6411988180667,0.0,50.35880118193331,,58.364362737989865,46.270831425984696,0.24461174659677226,49.0,2
2020-12-07,1256.0,0.0,1275.0,12.008333206176758,11.957777976989746,0.0,3.0,3.0,0.0,305.135986328125,2020,12,2020-12,1275.0,1256.0,2531.0,1275.0,23.966111183166504,6.0,23.966111183166504,6.0,0.23932234221813725,0.23932234221813725,50.03472169240316,0.24982651201391398,49.82407490412395,0.2508827313714032,0.0,,49.624654286843146,0.0,50.37534571315686,,53.20012038062913,50.03472169240316,0.25035350767354886,52.333333333333336,2
2020-12-08,1262.0,0.0,1280.0,12.008333206176758,11.960556030273438,0.0,3.0,3.0,0.0,305.6319885253906,2020,12,2020-12,1280.0,1262.0,2542.0,1280.0,23.968889236450195,6.0,23.968889236450195,6.0,0.23877499103546143,0.23877499103546143,50.03472169240316,0.24982651201391398,49.83565012613933,0.25082445936515674,0.0,,49.64594807238395,0.0,50.35405192761605,,53.40255809824789,50.03472169240316,0.25032449108553695,52.583333333333336,2
2020-12-09,1234.0,0.0,1252.0,10.98277759552002,12.98611068725586,0.0,4.0,3.0,0.0,301.9840087890625,2020,12,2020-12,1252.0,1234.0,2486.0,1252.0,23.96888828277588,7.0,23.96888828277588,7.0,0.24120128497528953,0.24120128497528953,45.76157331466675,0.3642065921130588,54.10879453023275,0.23101605032090947,0.0,,49.637972646822206,0.0,50.362027353177794,,52.23437921815052,54.10879453023275,0.29204525121969144,51.416666666666664,2
2020-12-10,1233.0,0.0,1252.0,11.957221984863281,12.010000228881836,0.0,3.0,3.0,0.0,299.1839904785156,2020,12,2020-12,1252.0,1233.0,2485.0,1252.0,23.967222213745117,6.0,23.967222213745117,6.0,0.2389648486250125,0.2389648486250125,49.82175827026367,0.25089439702614186,50.04166762034098,0.24979183537278818,0.0,,49.61770623742455,0.0,50.38229376257545,,52.23801026395051,50.04166762034098,0.25034190222340497,51.375,2
2020-12-11,1243.0,0.0,1262.0,11.957777976989746,12.010000228881836,0.0,3.0,3.0,0.0,301.02398681640625,2020,12,2020-12,1262.0,1243.0,2505.0,1262.0,23.967778205871582,6.0,23.967778205871582,6.0,0.23852930809540906,0.23852930809540906,49.82407490412395,0.2508827313714032,50.04166762034098,0.24979183537278818,0.0,,49.62075848303393,0.0,50.37924151696607,,52.65402529846666,50.04166762034098,0.2503360949213946,51.791666666666664,2
2020-12-12,1271.0,0.0,1292.0,11.954999923706055,12.010000228881836,0.0,3.0,3.0,0.0,306.4800109863281,2020,12,2020-12,1292.0,1271.0,2563.0,1292.0,23.96500015258789,6.0,23.96500015258789,6.0,0.2372136307943716,0.2372136307943716,49.812499682108566,0.2509410304596638,50.04166762034098,0.24979183537278818,0.0,,49.59032383925088,0.0,50.409676160749115,,53.911954591015586,50.04166762034098,0.2503651141997628,52.958333333333336,2
2020-12-13,1268.0,0.0,1286.0,11.95555591583252,12.010000228881836,0.0,3.0,3.0,0.0,305.760009765625,2020,12,2020-12,1286.0,1268.0,2554.0,1286.0,23.965556144714355,6.0,23.965556144714355,6.0,0.23776050526098366,0.23776050526098366,49.81481631596883,0.2509293604680612,50.04166762034098,0.24979183537278818,0.0,,49.64761158966327,0.0,50.35238841033672,,53.660344547590626,50.04166762034098,0.2503593058207961,52.833333333333336,2
2020-12-14,1287.0,0.0,1307.0,11.95555591583252,12.010000228881836,0.0,3.0,3.0,0.0,310.1759948730469,2020,12,2020-12,1307.0,1287.0,2594.0,1307.0,23.965556144714355,6.0,23.965556144714355,6.0,0.23731904733974513,0.23731904733974513,49.81481631596883,0.2509293604680612,50.04166762034098,0.24979183537278818,0.0,,49.61449498843485,0.0,50.385505011565144,,54.53660211796341,50.04166762034098,0.2503593058207961,53.625,2
2020-12-15,1278.0,0.0,1298.0,11.956110954284668,12.010000228881836,0.0,3.0,3.0,0.0,307.5679931640625,2020,12,2020-12,1298.0,1278.0,2576.0,1298.0,23.966111183166504,6.0,23.966111183166504,6.0,0.2369553106040543,0.2369553106040543,49.81712897618611,0.2509177115761795,50.04166762034098,0.24979183537278818,0.0,,49.61180124223603,0.0,50.38819875776398,,54.159808826711064,50.04166762034098,0.25035350767354886,53.25,2
2020-12-16,1285.0,0.0,1305.0,11.946110725402832,12.010000228881836,0.0,3.0,3.0,0.0,308.7359924316406,2020,12,2020-12,1305.0,1285.0,2590.0,1305.0,23.956110954284668,6.0,23.956110954284668,6.0,0.23657930454531848,0.23657930454531848,49.77546135584514,0.25112775772458257,50.04166762034098,0.24979183537278818,0.0,,49.61389961389961,0.0,50.38610038610039,,54.47461829218963,50.04166762034098,0.25045801513650406,53.541666666666664,2
2020-12-17,1274.0,0.0,1292.0,11.956666946411133,12.010000228881836,0.0,3.0,3.0,0.0,306.3999938964844,2020,12,2020-12,1292.0,1274.0,2566.0,1292.0,23.96666717529297,6.0,23.96666717529297,6.0,0.2371516980622944,0.2371516980622944,49.81944561004639,0.25090604375331105,50.04166762034098,0.24979183537278818,0.0,,49.64925954793453,0.0,50.350740452065466,,53.90820469739371,50.04166762034098,0.25034769983309774,53.083333333333336,2
2020-12-18,1296.0,0.0,1316.0,11.957221984863281,12.010000228881836,0.0,3.0,3.0,0.0,310.99200439453125,2020,12,2020-12,1316.0,1296.0,2612.0,1316.0,23.967222213745117,6.0,23.967222213745117,6.0,0.23631611276180187,0.23631611276180187,49.82175827026367,0.25089439702614186,50.04166762034098,0.24979183537278818,0.0,,49.617151607963244,0.0,50.38284839203675,,54.908323887666825,50.04166762034098,0.25034190222340497,54.0,2
2020-12-19,1314.0,0.0,1333.0,11.954444885253906,12.010000228881836,0.0,3.0,3.0,0.0,314.57598876953125,2020,12,2020-12,1333.0,1314.0,2647.0,1333.0,23.964445114135742,6.0,23.964445114135742,6.0,0.23599098932447957,0.23599098932447957,49.81018702189128,0.25095268151686173,50.04166762034098,0.24979183537278818,0.0,,49.64110313562524,0.0,50.35889686437477,,55.6240711458707,50.04166762034098,0.2503709128846393,54.75,2
2020-12-20,1274.0,0.0,1293.0,9.688888549804688,13.687222480773926,0.0,4.0,4.0,0.0,299.9360046386719,2020,12,2020-12,1293.0,1274.0,2567.0,1293.0,23.376111030578613,8.0,23.376111030578613,8.0,0.2319690677793286,0.2319690677793286,40.37036895751953,0.4128440511456429,57.03009366989136,0.2922433682669141,0.0,,49.62991819244254,0.0,50.37008180755747,,55.31287896043139,57.03009366989136,0.34222972287969927,53.083333333333336,2
2020-12-21,1278.0,0.0,1298.0,12.006667137145996,11.957221984863281,0.0,3.0,3.0,0.0,308.0320129394531,2020,12,2020-12,1298.0,1278.0,2576.0,1298.0,23.963889122009277,6.0,23.963889122009277,6.0,0.23731279887477127,0.23731279887477127,50.027779738108315,0.24986117843799113,49.82175827026367,0.25089439702614186,0.0,,49.61180124223603,0.0,50.38819875776398,,54.164830816541844,50.027779738108315,0.2503767218021965,53.25,2
2020-12-22,1301.0,0.0,1320.0,12.006667137145996,11.95888900756836,0.0,3.0,3.0,0.0,312.5920104980469,2020,12,2020-12,1320.0,1301.0,2621.0,1320.0,23.965556144714355,6.0,23.965556144714355,6.0,0.236812129165187,0.236812129165187,50.027779738108315,0.24986117843799113,49.82870419820149,0.25085942332113004,0.0,,49.63754292254865,0.0,50.36245707745135,,55.07904728057514,50.027779738108315,0.2503593058207961,54.208333333333336,2
2020-12-23,1268.0,0.0,1286.0,12.006667137145996,11.959444046020508,0.0,3.0,3.0,0.0,305.31201171875,2020,12,2020-12,1286.0,1268.0,2554.0,1286.0,23.966111183166504,6.0,23.966111183166504,6.0,0.2374121397501944,0.2374121397501944,50.027779738108315,0.24986117843799113,49.83101685841878,0.2508477809215761,0.0,,49.64761158966327,0.0,50.35238841033672,,53.65910181136397,50.027779738108315,0.25035350767354886,52.833333333333336,2
2020-12-24,1260.0,39.0,1319.0,12.006667137145996,11.938888549804688,0.4838888943195343,3.0,3.0,1.0,326.1440124511719,2020,12,2020-12,1319.0,1299.0,2618.0,1358.0,23.945555686950684,6.0,24.429444581270218,7.0,0.24726612012977398,0.24016495762236514,50.027779738108315,0.24986117843799113,49.74536895751953,0.25127967209720525,2.016203726331393,2.0665901030984473,48.1283422459893,1.489686783804431,50.38197097020627,80.59701402083944,55.08329049631533,50.027779738108315,0.25056841772395144,52.5,3
2020-12-25,1261.0,0.0,1278.0,12.006667137145996,11.960000038146973,0.0,3.0,3.0,0.0,303.4880065917969,2020,12,2020-12,1278.0,1261.0,2539.0,1278.0,23.96666717529297,6.0,23.96666717529297,6.0,0.23747105367120255,0.23747105367120255,50.027779738108315,0.24986117843799113,49.83333349227905,0.2508361196012844,0.0,,49.66522252855455,0.0,50.33477747144545,,53.32406006444981,50.027779738108315,0.25034769983309774,52.541666666666664,2
2020-12-26,1152.0,0.0,1170.0,12.006667137145996,11.957221984863281,0.0,3.0,3.0,0.0,286.2080078125,2020,12,2020-12,1170.0,1152.0,2322.0,1170.0,23.963889122009277,6.0,23.963889122009277,6.0,0.24462222889957264,0.24462222889957264,50.027779738108315,0.24986117843799113,49.82175827026367,0.25089439702614186,0.0,,49.6124031007752,0.0,50.3875968992248,,48.82346075142832,50.027779738108315,0.2503767218021965,48.0,2
2020-12-27,1251.0,0.0,1272.0,12.006667137145996,11.952221870422363,0.0,3.0,3.0,0.0,305.47198486328125,2020,12,2020-12,1272.0,1251.0,2523.0,1272.0,23.95888900756836,6.0,23.95888900756836,6.0,0.2401509314962903,0.2401509314962903,50.027779738108315,0.24986117843799113,49.800924460093185,0.25099935664882256,0.0,,49.58382877526754,0.0,50.416171224732466,,53.09094255573323,50.027779738108315,0.25042897431949634,52.125,2
2020-12-28,1274.0,0.0,1293.0,10.052778244018555,13.557777404785156,0.0,4.0,4.0,0.0,303.6960144042969,2020,12,2020-12,1293.0,1274.0,2567.0,1293.0,23.61055564880371,8.0,23.61055564880371,8.0,0.23487704130262713,0.23487704130262713,41.88657601674397,0.3978999539137369,56.49073918660482,0.29503360916577803,0.0,,49.62991819244254,0.0,50.37008180755747,,54.763641281162016,56.49073918660482,0.33883150057950207,53.083333333333336,2
2020-12-29,1272.0,0.0,1292.0,11.908888816833496,12.010000228881836,0.0,3.0,3.0,0.0,306.7359924316406,2020,12,2020-12,1292.0,1272.0,2564.0,1292.0,23.918889045715332,6.0,23.918889045715332,6.0,0.23741175884801907,0.23741175884801907,49.62037007013957,0.2519126717985165,50.04166762034098,0.24979183537278818,0.0,,49.609984399375975,0.0,50.390015600624025,,54.015886671435524,50.04166762034098,0.25084777091997923,53.0,2
2020-12-30,1303.0,0.0,1324.0,11.95555591583252,12.010000228881836,0.0,3.0,3.0,0.0,313.3280029296875,2020,12,2020-12,1324.0,1303.0,2627.0,1324.0,23.965556144714355,6.0,23.965556144714355,6.0,0.23665257018858574,0.23665257018858574,49.81481631596883,0.2509293604680612,50.04166762034098,0.24979183537278818,0.0,,49.600304529881996,0.0,50.399695470118,,55.24595348445567,50.04166762034098,0.2503593058207961,54.291666666666664,2
2020-12-31,1272.0,0.0,1293.0,14.725000381469727,9.239444732666016,0.0,3.0,4.0,0.0,308.7040100097656,2020,12,2020-12,1293.0,1272.0,2565.0,1293.0,23.964445114135742,7.0,23.964445114135742,7.0,0.23875020109030598,0.23875020109030598,61.35416825612386,0.20373513903437773,38.4976863861084,0.4329264491250235,0.0,,49.590643274853804,0.0,50.4093567251462,,53.95493172663977,61.35416825612386,0.29209939836541254,53.0,2
2021-01-01,1261.0,0.0,1281.0,12.008333206176758,11.957777976989746,0.0,3.0,3.0,0.0,302.3999938964844,2021,1,2021-01,1281.0,1261.0,2542.0,1281.0,23.966111183166504,6.0,23.966111183166504,6.0,0.2360655690058426,0.2360655690058426,50.03472169240316,0.24982651201391398,49.82407490412395,0.2508827313714032,0.0,,49.6066089693155,0.0,50.3933910306845,,53.450473888302675,50.03472169240316,0.25035350767354886,52.541666666666664,2
2021-01-02,1241.0,40.0,1301.0,12.008333206176758,11.957777976989746,0.5027777552604675,3.0,3.0,1.0,319.7919921875,2021,1,2021-01,1301.0,1281.0,2582.0,1341.0,23.966111183166504,6.0,24.46888893842697,7.0,0.24580475955995387,0.23847277568046235,50.03472169240316,0.24982651201391398,49.82407490412395,0.2508827313714032,2.0949073135852814,1.988950365319848,48.06351665375678,1.549186676994578,50.38729666924865,79.55801461279391,54.28498558054784,50.03472169240316,0.25035350767354886,51.708333333333336,3
2021-01-03,1261.0,0.0,1282.0,12.03499984741211,11.929444313049316,0.0,3.0,3.0,0.0,304.75201416015625,2021,1,2021-01,1282.0,1261.0,2543.0,1282.0,23.964444160461426,6.0,23.964444160461426,6.0,0.2377160796881094,0.2377160796881094,50.14583269755045,0.2492729570449551,49.70601797103882,0.25147860380373094,0.0,,49.58710184821077,0.0,50.41289815178922,,53.49592051524201,50.14583269755045,0.2503709228482465,52.541666666666664,2
2021-01-04,1277.0,0.0,1299.0,9.873888969421387,14.092222213745117,0.0,3.0,3.0,0.0,306.1919860839844,2021,1,2021-01,1299.0,1277.0,2576.0,1299.0,23.966111183166504,6.0,23.966111183166504,6.0,0.23571361515318273,0.23571361515318273,41.14120403925578,0.30383165227913245,58.717592557271324,0.21288338733928655,0.0,,49.57298136645963,0.0,50.42701863354038,,54.20153441132332,58.717592557271324,0.25035350767354886,53.208333333333336,2
2021-01-05,1349.0,0.0,1370.0,12.008333206176758,11.931666374206543,0.0,3.0,3.0,0.0,320.3999938964844,2021,1,2021-01,1370.0,1349.0,2719.0,1370.0,23.9399995803833,6.0,23.9399995803833,6.0,0.23386860868356524,0.23386860868356524,50.03472169240316,0.24982651201391398,49.715276559193924,0.2514317703757871,0.0,,49.61382861346083,0.0,50.38617138653917,,57.22640033471818,50.03472169240316,0.2506265708089847,56.208333333333336,2
2021-01-06,1307.0,0.0,1329.0,12.008333206176758,11.954444885253906,0.0,3.0,3.0,0.0,312.8479919433594,2021,1,2021-01,1329.0,1307.0,2636.0,1329.0,23.962778091430664,6.0,23.962778091430664,6.0,0.23540104736144424,0.23540104736144424,50.03472169240316,0.24982651201391398,49.81018702189128,0.25095268151686173,0.0,,49.58270106221548,0.0,50.41729893778453,,55.46101520154143,50.03472169240316,0.2503883304809997,54.458333333333336,2
2021-01-07,1330.0,0.0,1352.0,12.008333206176758,11.929444313049316,0.0,3.0,3.0,0.0,317.6000061035156,2021,1,2021-01,1352.0,1330.0,2682.0,1352.0,23.937777519226074,6.0,23.937777519226074,6.0,0.23491124711798492,0.23491124711798492,50.03472169240316,0.24982651201391398,49.70601797103882,0.25147860380373094,0.0,,49.589858314690524,0.0,50.410141685309476,,56.479762956862466,50.03472169240316,0.2506498356073778,55.416666666666664,2
2021-01-08,1358.0,0.0,1379.0,12.008333206176758,11.956110954284668,0.0,3.0,3.0,0.0,323.1839904785156,2021,1,2021-01,1379.0,1358.0,2737.0,1379.0,23.964444160461426,6.0,23.964444160461426,6.0,0.23436112434990256,0.23436112434990256,50.03472169240316,0.24982651201391398,49.81712897618611,0.2509177115761795,0.0,,49.61636828644501,0.0,50.38363171355499,,57.54358376795533,50.03472169240316,0.2503709228482465,56.583333333333336,2
2021-01-09,1275.0,80.0,1374.0,12.008333206176758,11.956666946411133,0.9938889145851135,3.0,3.0,2.0,345.7120056152344,2021,1,2021-01,1374.0,1355.0,2729.0,1454.0,23.96500015258789,6.0,24.958889067173004,8.0,0.2516099021944937,0.23776616617278842,50.03472169240316,0.24982651201391398,49.81944561004639,0.25090604375331105,4.141203810771307,2.0122973208076025,46.720410406742396,2.9314767314034444,50.348112861854155,80.4918928323041,57.33361115174568,50.03472169240316,0.2503651141997628,53.125,3
2021-01-10,1274.0,93.0,1386.0,12.008333206176758,11.956666946411133,1.1549999713897705,3.0,3.0,2.0,353.7279968261719,2021,1,2021-01,1386.0,1367.0,2753.0,1479.0,23.96500015258789,6.0,25.12000012397766,8.0,0.2552150049250879,0.23916700258699924,50.03472169240316,0.24982651201391398,49.81944561004639,0.25090604375331105,4.8124998807907104,1.7316017744948262,46.276788957500905,3.378132945877225,50.34507809662186,80.51948251400941,57.834341380145204,50.03472169240316,0.2503651141997628,53.083333333333336,3
2021-01-11,1284.0,0.0,1305.0,12.008333206176758,11.957221984863281,0.0,3.0,3.0,0.0,308.9599914550781,2021,1,2021-01,1305.0,1284.0,2589.0,1305.0,23.96555519104004,6.0,23.96555519104004,6.0,0.23675095130657328,0.23675095130657328,50.03472169240316,0.24982651201391398,49.82175827026367,0.25089439702614186,0.0,,49.59443800695249,0.0,50.40556199304751,,54.453151182906794,50.03472169240316,0.25035931578347953,53.5,2
2021-01-12,1228.0,142.0,1389.0,12.008333206176758,11.948888778686523,1.762222170829773,3.0,3.0,3.0,368.0799865722656,2021,1,2021-01,1389.0,1370.0,2759.0,1531.0,23.95722198486328,6.0,25.719444155693054,9.0,0.26499639062078156,0.24041801866248572,50.03472169240316,0.24982651201391398,49.78703657786052,0.2510693718524823,7.342592378457387,1.7023960143387584,44.50888002899601,5.146792316056542,50.34432765494744,80.58007801203456,57.978341598938385,50.03472169240316,0.2504463999954142,51.166666666666664,3
2021-01-13,1334.0,0.0,1354.0,12.008333206176758,11.957777976989746,0.0,3.0,3.0,0.0,318.55999755859375,2021,1,2021-01,1354.0,1334.0,2688.0,1354.0,23.966111183166504,6.0,23.966111183166504,6.0,0.235273262598666,0.235273262598666,50.03472169240316,0.24982651201391398,49.82407490412395,0.2508827313714032,0.0,,49.62797619047619,0.0,50.37202380952381,,56.49644156499752,50.03472169240316,0.25035350767354886,55.583333333333336,2
2021-01-14,1323.0,0.0,1343.0,12.008333206176758,11.954999923706055,0.0,3.0,3.0,0.0,316.1919860839844,2021,1,2021-01,1343.0,1323.0,2666.0,1343.0,23.963333129882812,6.0,23.963333129882812,6.0,0.23543707079969053,0.23543707079969053,50.03472169240316,0.24982651201391398,49.812499682108566,0.2509410304596638,0.0,,49.62490622655664,0.0,50.37509377344336,,56.043956519773495,50.03472169240316,0.25038253098930824,55.125,2
2021-01-15,1308.0,0.0,1326.0,12.008333206176758,11.952777862548828,0.0,3.0,3.0,0.0,312.33599853515625,2021,1,2021-01,1326.0,1308.0,2634.0,1326.0,23.961111068725586,6.0,23.961111068725586,6.0,0.23554751020750847,0.23554751020750847,50.03472169240316,0.24982651201391398,49.803241093953446,0.2509876812318066,0.0,,49.65831435079727,0.0,50.34168564920274,,55.33967086070211,50.03472169240316,0.2504057505009145,54.5,2
2021-01-16,1310.0,0.0,1329.0,12.71166706085205,11.252778053283691,0.0,4.0,3.0,0.0,313.42401123046875,2021,1,2021-01,1329.0,1310.0,2639.0,1329.0,23.964445114135742,7.0,23.964445114135742,7.0,0.23583447045182,0.23583447045182,52.96527942021688,0.31467155179974354,46.88657522201538,0.2666008327716519,0.0,,49.640015157256535,0.0,50.359984842743465,,55.45715720394761,52.96527942021688,0.29209939836541254,54.583333333333336,2
2021-01-17,1350.0,0.0,1370.0,11.954444885253906,12.010000228881836,0.0,3.0,3.0,0.0,321.7279968261719,2021,1,2021-01,1370.0,1350.0,2720.0,1370.0,23.964445114135742,6.0,23.964445114135742,6.0,0.2348379538877167,0.2348379538877167,49.81018702189128,0.25095268151686173,50.04166762034098,0.24979183537278818,0.0,,49.63235294117647,0.0,50.36764705882353,,57.16802510865931,50.04166762034098,0.2503709128846393,56.25,2
2021-01-18,1322.0,0.0,1341.0,11.954444885253906,12.010000228881836,0.0,3.0,3.0,0.0,311.88800048828125,2021,1,2021-01,1341.0,1322.0,2663.0,1341.0,23.964445114135742,6.0,23.964445114135742,6.0,0.23257867299648116,0.23257867299648116,49.81018702189128,0.25095268151686173,50.04166762034098,0.24979183537278818,0.0,,49.64325948178745,0.0,50.35674051821254,,55.957899029716884,50.04166762034098,0.2503709128846393,55.083333333333336,2
2021-01-19,1302.0,7.0,1327.0,11.954999923706055,12.010000228881836,0.0811111107468605,3.0,3.0,2.0,312.6080017089844,2021,1,2021-01,1327.0,1309.0,2636.0,1334.0,23.96500015258789,6.0,24.04611126333475,8.0,0.23557498244836803,0.23433883186580537,49.812499682108566,0.2509410304596638,50.04166762034098,0.24979183537278818,0.33796296144525206,24.657534357306435,49.39301972685888,0.26555386949924126,50.34142640364189,86.30137025057252,55.37241775718087,50.04166762034098,0.2503651141997628,54.25,3
2021-01-20,1331.0,0.0,1350.0,11.954999923706055,12.010000228881836,0.0,3.0,3.0,0.0,315.87200927734375,2021,1,2021-01,1350.0,1331.0,2681.0,1350.0,23.96500015258789,6.0,23.96500015258789,6.0,0.23397926613136574,0.23397926613136574,49.812499682108566,0.2509410304596638,50.04166762034098,0.24979183537278818,0.0,,49.64565460649011,0.0,50.35434539350988,,56.33215069494663,50.04166762034098,0.2503651141997628,55.458333333333336,2
2021-01-21,1352.0,0.0,1370.0,11.69444465637207,12.262777328491211,0.0,3.0,4.0,0.0,320.68798828125,2021,1,2021-01,1370.0,1352.0,2722.0,1370.0,23.95722198486328,7.0,23.95722198486328,7.0,0.2340788235629562,0.2340788235629562,48.72685273488362,0.2565320618594197,51.09490553538004,0.32619038027433156,0.0,,49.66936076414401,0.0,50.33063923585599,,57.18526133228624,51.09490553538004,0.29218746666131656,56.333333333333336,2
2021-01-22,1342.0,0.0,1361.0,12.006667137145996,11.956110954284668,0.0,3.0,3.0,0.0,318.3680114746094,2021,1,2021-01,1361.0,1342.0,2703.0,1361.0,23.962778091430664,6.0,23.962778091430664,6.0,0.233922124522123,0.233922124522123,50.027779738108315,0.24986117843799113,49.81712897618611,0.2509177115761795,0.0,,49.64853866074731,0.0,50.35146133925268,,56.79641963077343,50.027779738108315,0.2503883304809997,55.916666666666664,2
2021-01-23,1308.0,37.0,1364.0,14.6899995803833,9.197221755981445,0.4650000035762787,4.0,3.0,1.0,330.4320068359375,2021,1,2021-01,1364.0,1345.0,2709.0,1401.0,23.887221336364746,7.0,24.352221339941025,8.0,0.24225220442517412,0.23585439460095467,61.20833158493042,0.27229408538183425,38.321757316589355,0.3261854590000442,1.9375000149011612,2.1505376178689852,48.28349944629014,1.3658176448874122,50.35068290882244,79.56989186115246,57.1016603728418,61.20833158493042,0.29304371159083037,54.5,3
2021-01-24,1324.0,0.0,1343.0,11.953332901000977,12.010000228881836,0.0,3.0,3.0,0.0,315.6000061035156,2021,1,2021-01,1343.0,1324.0,2667.0,1343.0,23.963333129882812,6.0,23.963333129882812,6.0,0.23499628153649713,0.23499628153649713,49.80555375417073,0.25097602692457255,50.04166762034098,0.24979183537278818,0.0,,49.643794525684285,0.0,50.35620547431571,,56.043956519773495,50.04166762034098,0.25038253098930824,55.166666666666664,2
2021-01-25,1262.0,37.0,1318.0,11.950555801391602,12.010000228881836,0.46444445848464966,3.0,3.0,1.0,321.45599365234375,2021,1,2021-01,1318.0,1299.0,2617.0,1355.0,23.960556030273438,6.0,24.425000488758087,7.0,0.24389680853743836,0.23723689568438652,49.79398250579834,0.25103434935224184,50.04166762034098,0.24979183537278818,1.9351852436860402,2.153109982758145,48.22315628582346,1.4138326327856323,50.36301108139091,79.66506936205137,55.00707071800616,50.04166762034098,0.25041155106831336,52.583333333333336,3
2021-01-26,1267.0,0.0,1286.0,11.951666831970215,12.010000228881836,0.0,3.0,3.0,0.0,303.67999267578125,2021,1,2021-01,1286.0,1267.0,2553.0,1286.0,23.96166706085205,6.0,23.96166706085205,6.0,0.23614307362035866,0.23614307362035866,49.7986117998759,0.25101101312288293,50.04166762034098,0.24979183537278818,0.0,,49.62788875832354,0.0,50.37211124167646,,53.66905385731836,50.04166762034098,0.25039994023632206,52.791666666666664,2
2021-01-27,1353.0,0.0,1372.0,11.951666831970215,12.010000228881836,0.0,3.0,3.0,0.0,318.6400146484375,2021,1,2021-01,1372.0,1353.0,2725.0,1372.0,23.96166706085205,6.0,23.96166706085205,6.0,0.2322449086358874,0.2322449086358874,49.7986117998759,0.25101101312288293,50.04166762034098,0.24979183537278818,0.0,,49.65137614678899,0.0,50.348623853211,,57.258119667372306,50.04166762034098,0.25039994023632206,56.375,2
2021-01-28,1342.0,0.0,1361.0,11.771666526794434,12.171111106872559,0.0,3.0,4.0,0.0,315.3919982910156,2021,1,2021-01,1361.0,1342.0,2703.0,1361.0,23.942777633666992,7.0,23.942777633666992,7.0,0.23173548735563235,0.23173548735563235,49.048610528310135,0.25484921724306914,50.71296294530233,0.32864706967808005,0.0,,49.64853866074731,0.0,50.35146133925268,,56.843864184172105,50.71296294530233,0.29236373937487486,55.916666666666664,2
2021-01-29,1302.0,0.0,1319.0,11.952221870422363,12.010000228881836,0.0,3.0,3.0,0.0,308.2720031738281,2021,1,2021-01,1319.0,1302.0,2621.0,1319.0,23.9622220993042,6.0,23.9622220993042,6.0,0.23371645426370594,0.23371645426370594,49.800924460093185,0.25099935664882256,50.04166762034098,0.24979183537278818,0.0,,49.67569629912247,0.0,50.32430370087753,,55.044978488798016,50.04166762034098,0.25039414020681433,54.25,2
2021-01-30,1310.0,91.0,1420.0,10.248332977294922,13.711111068725586,1.1266666650772095,3.0,4.0,2.0,357.20001220703125,2021,1,2021-01,1420.0,1401.0,2821.0,1511.0,23.959444046020508,7.0,25.086110711097717,9.0,0.25154930437114875,0.23639974335342903,42.70138740539551,0.29273053545844674,57.12962945302328,0.291734198632802,4.694444437821707,1.775147931498392,46.43743353420773,3.225806451612903,50.33676001417937,80.76923088317683,59.26681759695722,57.12962945302328,0.2921603684357046,54.583333333333336,3
2021-01-31,1331.0,42.0,1392.0,12.036110877990723,11.921667098999023,0.5138888955116272,3.0,3.0,1.0,336.7200012207031,2021,1,2021-01,1392.0,1373.0,2765.0,1434.0,23.957777976989746,6.0,24.471666872501373,7.0,0.24189655260107984,0.23481171633242895,50.15046199162801,0.24924994713083037,49.673612912495926,0.2516426582865989,2.1412037312984467,1.9459459208675858,48.1374321880651,1.5189873417721518,50.34358047016275,81.72972867643861,58.1022163798724,50.15046199162801,0.2504405878442776,55.458333333333336,3
2021-02-01,1328.0,38.0,1384.0,12.008333206176758,11.953888893127441,0.4722222089767456,3.0,3.0,1.0,333.9360046386719,2021,2,2021-02,1384.0,1366.0,2750.0,1422.0,23.9622220993042,6.0,24.434444308280945,7.0,0.24128324034586118,0.23483544630005054,50.03472169240316,0.24982651201391398,49.807870388031006,0.25096435367780334,1.9675925374031067,2.117647118221931,48.29090909090909,1.3818181818181818,50.32727272727273,80.47059049243339,57.757581674371835,50.03472169240316,0.25039414020681433,55.333333333333336,3
2021-02-02,1354.0,0.0,1373.0,12.008333206176758,11.953888893127441,0.0,3.0,3.0,0.0,320.12799072265625,2021,2,2021-02,1373.0,1354.0,2727.0,1373.0,23.9622220993042,6.0,23.9622220993042,6.0,0.23315949797717134,0.23315949797717134,50.03472169240316,0.24982651201391398,49.807870388031006,0.25096435367780334,0.0,,49.65163182984965,0.0,50.34836817015035,,57.298525750659344,50.03472169240316,0.25039414020681433,56.416666666666664,2
2021-02-03,1337.0,81.0,1436.0,12.008333206176758,11.954444885253906,1.0005555152893066,3.0,3.0,2.0,356.7040100097656,2021,2,2021-02,1436.0,1418.0,2854.0,1517.0,23.962778091430664,6.0,24.96333360671997,8.0,0.248401121176717,0.235137778516655,50.03472169240316,0.24982651201391398,49.81018702189128,0.25095268151686173,4.168981313705444,1.9988895862731895,46.846531184302734,2.8381219341275403,50.315346881569724,80.95502824406417,59.92627376178592,50.03472169240316,0.2503883304809997,55.708333333333336,3
2021-02-04,1352.0,40.0,1411.0,13.28166675567627,10.681111335754395,0.4927777647972107,4.0,3.0,1.0,340.1759948730469,2021,2,2021-02,1411.0,1392.0,2803.0,1451.0,23.962778091430664,7.0,24.455555856227875,8.0,0.24108858601916858,0.23444244994696545,55.34027814865112,0.3011670201927401,44.50463056564331,0.28086964976740536,2.0532406866550446,2.0293123420686867,48.234034962540136,1.4270424545130218,50.33892258294684,81.17249368274746,58.882989051448426,55.34027814865112,0.2921197188944996,56.333333333333336,3
2021-02-05,1369.0,0.0,1387.0,11.951666831970215,12.010000228881836,0.0,3.0,3.0,0.0,322.3680114746094,2021,2,2021-02,1387.0,1369.0,2756.0,1387.0,23.96166706085205,6.0,23.96166706085205,6.0,0.23242106090454895,0.23242106090454895,49.7986117998759,0.25101101312288293,50.04166762034098,0.24979183537278818,0.0,,49.67343976777939,0.0,50.32656023222061,,57.884119517963114,50.04166762034098,0.25039994023632206,57.041666666666664,2
2021-02-06,1281.0,134.0,1435.0,11.95111083984375,12.010000228881836,1.663888931274414,3.0,3.0,3.0,373.20001220703125,2021,2,2021-02,1435.0,1415.0,2850.0,1569.0,23.961111068725586,6.0,25.625,9.0,0.2600696949177918,0.23785851638434113,49.796295166015625,0.2510226907107509,50.04166762034098,0.24979183537278818,6.932870546976726,1.8030049624179092,44.94736842105263,4.701754385964913,50.35087719298246,80.53422165466661,59.88870866146872,50.04166762034098,0.2504057505009145,53.375,3
2021-02-07,1317.0,82.0,1417.0,11.946666717529297,12.010000228881836,1.0205554962158203,3.0,3.0,2.0,351.64801025390625,2021,2,2021-02,1417.0,1399.0,2816.0,1499.0,23.956666946411133,6.0,24.977222442626953,8.0,0.2481637334184236,0.2345883991020055,49.7777779897054,0.2511160703594511,50.04166762034098,0.24979183537278818,4.252314567565918,1.9597170437236597,46.768465909090914,2.911931818181818,50.31960227272727,80.34839879267005,59.14846181105656,50.04166762034098,0.2504522024462522,54.875,3
2021-02-08,1278.0,31.0,1327.0,11.949999809265137,12.010000228881836,0.3838889002799988,3.0,3.0,2.0,319.3919982910156,2021,2,2021-02,1327.0,1309.0,2636.0,1358.0,23.960000038146973,6.0,24.34388893842697,8.0,0.24068726321854983,0.23519292952210283,49.791665871938065,0.25104602911156737,50.04166762034098,0.24979183537278818,1.599537084499995,5.209840655828421,48.482549317147196,1.1760242792109257,50.34142640364189,80.75253016534052,55.38397320063727,50.04166762034098,0.2504173618717586,53.25,3
2021-02-09,1277.0,150.0,1445.0,10.79111099243164,13.140555381774902,1.8611111640930176,3.0,4.0,3.0,380.2560119628906,2021,2,2021-02,1445.0,1427.0,2872.0,1595.0,23.931666374206543,7.0,25.79277753829956,10.0,0.2631529494552876,0.2384050231742261,44.962962468465165,0.27800659284331836,54.75231409072876,0.30440113707429295,7.754629850387573,1.6119402526189248,44.46378830083565,5.222841225626741,50.3133704735376,80.59701263094624,60.380250058868256,54.75231409072876,0.2924994812540331,53.208333333333336,3
2021-02-10,1347.0,6.0,1374.0,12.008333206176758,11.954444885253906,0.07333333045244217,3.0,3.0,2.0,323.2640075683594,2021,2,2021-02,1374.0,1353.0,2727.0,1380.0,23.962778091430664,6.0,24.036111421883106,8.0,0.23527220347042166,0.23424928084663724,50.03472169240316,0.24982651201391398,49.81018702189128,0.25095268151686173,0.30555554355184233,27.27272834413312,49.394939493949394,0.22002200220022,50.38503850385039,81.81818503239936,57.33892768014893,50.03472169240316,0.2503883304809997,56.125,3
2021-02-11,1330.0,0.0,1349.0,11.574999809265137,12.36388874053955,0.0,4.0,4.0,0.0,315.3599853515625,2021,2,2021-02,1349.0,1330.0,2679.0,1349.0,23.938888549804688,8.0,23.938888549804688,8.0,0.23377315444889732,0.23377315444889732,48.229165871938065,0.3455723599060645,51.51620308558146,0.3235228077461204,0.0,,49.645390070921984,0.0,50.35460992907801,,56.35182256659139,51.51620308558146,0.3341842702244115,55.416666666666664,2
2021-02-12,1352.0,0.0,1372.0,11.94777774810791,12.010000228881836,0.0,3.0,3.0,0.0,318.89599609375,2021,2,2021-02,1372.0,1352.0,2724.0,1372.0,23.957777976989746,6.0,23.957777976989746,6.0,0.2324314840333455,0.2324314840333455,49.78240728378296,0.25109271893470647,50.04166762034098,0.24979183537278818,0.0,,49.632892804698976,0.0,50.36710719530103,,57.26741442039148,50.04166762034098,0.2504405878442776,56.333333333333336,2
2021-02-13,1323.0,0.0,1344.0,11.944999694824219,12.010000228881836,0.0,3.0,3.0,0.0,313.4880065917969,2021,2,2021-02,1344.0,1323.0,2667.0,1344.0,23.954999923706055,6.0,23.954999923706055,6.0,0.23325000490461076,0.23325000490461076,49.77083206176758,0.2511511156672447,50.04166762034098,0.24979183537278818,0.0,,49.60629921259843,0.0,50.39370078740157,,56.105197423522725,50.04166762034098,0.25046963135501216,55.125,2
2021-02-14,1337.0,0.0,1359.0,11.936666488647461,12.010000228881836,0.0,3.0,3.0,0.0,316.9119873046875,2021,2,2021-02,1359.0,1337.0,2696.0,1359.0,23.946666717529297,6.0,23.946666717529297,6.0,0.23319498697916666,0.23319498697916666,49.736110369364425,0.25132644887525285,50.04166762034098,0.24979183537278818,0.0,,49.5919881305638,0.0,50.408011869436194,,56.75111346520695,50.04166762034098,0.2505567923408695,55.708333333333336,2
2021-02-15,1373.0,0.0,1394.0,11.443888664245605,11.399999618530273,0.0,7.0,11.0,0.0,310.1440124511719,2021,2,2021-02,1394.0,1373.0,2767.0,1394.0,22.84388828277588,18.0,22.84388828277588,18.0,0.22248494436956376,0.22248494436956376,47.68286943435669,0.6116801906567175,47.4999984105428,0.9649123129898979,0.0,,49.62052764727141,0.0,50.379472352728584,,61.02288641689189,47.68286943435669,0.7879569264734965,57.208333333333336,2
2021-02-16,1357.0,88.0,1467.0,12.006667137145996,11.952221870422363,1.0983333587646484,3.0,3.0,2.0,362.5920104980469,2021,2,2021-02,1467.0,1445.0,2912.0,1555.0,23.95888900756836,6.0,25.057222366333008,8.0,0.247165651327912,0.23317814179938706,50.027779738108315,0.24986117843799113,49.800924460093185,0.25099935664882256,4.576388994852701,1.8209407772604687,46.60027472527473,3.021978021978022,50.37774725274725,80.12139419946061,61.229884221116855,50.027779738108315,0.25042897431949634,56.541666666666664,3
2021-02-17,1331.0,129.0,1477.0,12.006667137145996,11.952221870422363,1.6027777194976807,3.0,3.0,3.0,375.4079895019531,2021,2,2021-02,1477.0,1460.0,2937.0,1606.0,23.95888900756836,6.0,25.56166672706604,9.0,0.25416925490992087,0.23375341812076783,50.027779738108315,0.24986117843799113,49.800924460093185,0.25099935664882256,6.6782404979070025,1.8717505013360283,45.31835205992509,4.39223697650664,50.28941096356827,80.48527155744922,61.647265844982684,50.027779738108315,0.25042897431949634,55.458333333333336,3
2021-02-18,1408.0,0.0,1426.0,13.908333778381348,10.051111221313477,0.0,4.0,3.0,0.0,329.3599853515625,2021,2,2021-02,1426.0,1408.0,2834.0,1426.0,23.959444999694824,7.0,23.959444999694824,7.0,0.23096773166308732,0.23096773166308732,57.951390743255615,0.2875973544881032,41.87963008880615,0.29847446057889315,0.0,,49.68242766407904,0.0,50.31757233592096,,59.51723840089632,57.951390743255615,0.29216035680664393,58.666666666666664,2
2021-02-19,1367.0,0.0,1388.0,11.949999809265137,12.010000228881836,0.0,3.0,3.0,0.0,324.0639953613281,2021,2,2021-02,1388.0,1367.0,2755.0,1388.0,23.960000038146973,6.0,23.960000038146973,6.0,0.23347550098078396,0.23347550098078396,49.791665871938065,0.25104602911156737,50.04166762034098,0.24979183537278818,0.0,,49.61887477313975,0.0,50.381125226860256,,57.92988304633349,50.04166762034098,0.2504173618717586,56.958333333333336,2
2021-02-20,1321.0,97.0,1438.0,11.948888778686523,12.010000228881836,1.202222228050232,3.0,3.0,2.0,362.6080017089844,2021,2,2021-02,1438.0,1418.0,2856.0,1535.0,23.95888900756836,6.0,25.16111123561859,8.0,0.2521613363762061,0.23622671121106473,49.78703657786052,0.2510693718524823,50.04166762034098,0.24979183537278818,5.009259283542633,1.6635859438762888,46.253501400560225,3.396358543417367,50.35014005602241,80.68391827800001,60.01947751190596,50.04166762034098,0.25042897431949634,55.041666666666664,3
2021-02-21,1306.0,90.0,1416.0,11.950555801391602,12.010000228881836,1.121666669845581,3.0,3.0,2.0,355.8559875488281,2021,2,2021-02,1416.0,1396.0,2812.0,1506.0,23.960556030273438,6.0,25.08222270011902,8.0,0.25131072567007634,0.2362921564069244,49.79398250579834,0.25103434935224184,50.04166762034098,0.24979183537278818,4.673611124356588,1.7830609161947715,46.44381223328592,3.2005689900426746,50.355618776671406,80.23774122876472,59.09712605212195,50.04166762034098,0.25041155106831336,54.416666666666664,3
2021-02-22,1364.0,0.0,1386.0,11.948333740234375,12.010000228881836,0.0,3.0,3.0,0.0,324.2720031738281,2021,2,2021-02,1386.0,1364.0,2750.0,1386.0,23.95833396911621,6.0,23.95833396911621,6.0,0.23396248425240124,0.23396248425240124,49.784723917643234,0.25108103483064853,50.04166762034098,0.24979183537278818,0.0,,49.6,0.0,50.4,,57.85043324743033,50.04166762034098,0.25043477596290187,56.833333333333336,2
2021-02-23,1378.0,0.0,1400.0,11.949999809265137,12.010000228881836,0.0,3.0,3.0,0.0,327.1839904785156,2021,2,2021-02,1400.0,1378.0,2778.0,1400.0,23.960000038146973,6.0,23.960000038146973,6.0,0.23370285034179689,0.23370285034179689,49.791665871938065,0.25104602911156737,50.04166762034098,0.24979183537278818,0.0,,49.604031677465805,0.0,50.3959683225342,,58.430717770077,50.04166762034098,0.2504173618717586,57.416666666666664,2
2021-02-24,1363.0,39.0,1425.0,11.932222366333008,12.010000228881836,0.48444443941116333,3.0,3.0,1.0,342.8160095214844,2021,2,2021-02,1425.0,1402.0,2827.0,1464.0,23.942222595214844,6.0,24.426667034626007,7.0,0.24057263826069078,0.23416394092997567,49.7175931930542,0.25142005469698225,50.04166762034098,0.24979183537278818,2.0185184975465136,2.0642202049330747,48.21365405022993,1.3795542978422357,50.40679165192784,80.50458799238992,59.51828383237922,50.04166762034098,0.25060330034685985,56.791666666666664,3
2021-02-25,620.0,737.0,1363.0,11.941666603088379,12.010000228881836,4.760555744171143,3.0,3.0,4.0,546.6719970703125,2021,2,2021-02,1363.0,1357.0,2720.0,2100.0,23.951666831970215,6.0,28.712222576141357,10.0,0.40107996850353084,0.26031999860491073,49.75694417953491,0.25122121557338856,50.04166762034098,0.24979183537278818,19.835648934046425,0.8402380341617945,22.794117647058822,27.095588235294116,50.11029411764706,154.81385779431065,56.906269177921864,50.04166762034098,0.2505044864765452,25.833333333333332,3
2021-02-26,1389.0,0.0,1412.0,11.928333282470703,12.010000228881836,0.0,3.0,3.0,0.0,328.97601318359375,2021,2,2021-02,1412.0,1389.0,2801.0,1412.0,23.93833351135254,6.0,23.93833351135254,6.0,0.23298584503087377,0.23298584503087377,49.70138867696126,0.2515020270609519,50.04166762034098,0.24979183537278818,0.0,,49.589432345590865,0.0,50.41056765440914,,58.98489129706426,50.04166762034098,0.25064401401018804,57.875,2
2021-02-27,1272.0,183.0,1474.0,16.97888946533203,6.9683332443237305,2.282777786254883,2.0,2.0,4.0,393.1199951171875,2021,2,2021-02,1474.0,1455.0,2929.0,1657.0,23.94722270965576,4.0,26.230000495910645,8.0,0.26670284607678935,0.23724803567724048,70.7453727722168,0.11779333413316906,29.034721851348877,0.2870126800593472,9.511574109395344,1.7522511494920343,43.42779105496757,6.247866165926937,50.3243427791055,80.16549008926057,61.55202287427127,70.7453727722168,0.1670339833765842,53.0,3
2021-02-28,1345.0,97.0,1463.0,23.949443817138672,0.0,1.2122222185134888,0.0,0.0,2.0,368.0639953613281,2021,2,2021-02,1463.0,1442.0,2905.0,1560.0,23.949443817138672,0.0,25.16166603565216,2.0,0.25158167830576084,0.23593845856495393,99.78934923807779,0.0,0.0,,5.05092591047287,1.6498625165050507,46.29948364888124,3.3390705679862305,50.36144578313253,80.01833205049496,61.0870135929023,99.78934923807779,0.0,56.041666666666664,2
2021-03-01,1412.0,0.0,1434.0,23.95833396911621,0.0,0.0,0.0,0.0,0.0,333.24798583984375,2021,3,2021-03,1434.0,1412.0,2846.0,1434.0,23.95833396911621,0.0,23.95833396911621,0.0,0.23239050616446566,0.23239050616446566,99.82639153798422,0.0,0.0,,0.0,,49.61349262122277,0.0,50.38650737877723,,59.85391145513355,99.82639153798422,0.0,58.833333333333336,1
2021-03-02,1421.0,0.0,1444.0,23.95888900756836,0.0,0.0,0.0,0.0,0.0,335.135986328125,2021,3,2021-03,1444.0,1421.0,2865.0,1444.0,23.95888900756836,0.0,23.95888900756836,0.0,0.2320886331912223,0.2320886331912223,99.8287041982015,0.0,0.0,,0.0,,49.59860383944154,0.0,50.40139616055846,,60.26990648622545,99.8287041982015,0.0,59.208333333333336,1
2021-03-03,1351.0,95.0,1466.0,23.95888900756836,0.0,1.1866666078567505,0.0,0.0,2.0,367.8559875488281,2021,3,2021-03,1466.0,1446.0,2912.0,1561.0,23.95888900756836,0.0,25.14555561542511,2.0,0.250924957400292,0.23565405992878163,99.8287041982015,0.0,0.0,,4.944444199403128,1.685393341953237,46.394230769230774,3.2623626373626378,50.34340659340659,80.05618374277876,61.188146058730275,99.8287041982015,0.0,56.291666666666664,2
2021-03-04,1373.0,45.0,1439.0,23.956111907958984,0.0,0.5611110925674438,0.0,0.0,1.0,346.79998779296875,2021,3,2021-03,1439.0,1418.0,2857.0,1484.0,23.956111907958984,0.0,24.517223000526428,1.0,0.24100068644403666,0.23369271414620535,99.8171329498291,0.0,0.0,,2.3379628856976824,1.7821782767194234,48.057402870143505,1.575078753937697,50.3675183759188,80.19802245237406,60.06817823897033,99.8171329498291,0.0,57.208333333333336,2
2021-03-05,1358.0,47.0,1424.0,23.956666946411133,0.0,0.5849999785423279,0.0,0.0,1.0,344.76800537109375,2021,3,2021-03,1424.0,1405.0,2829.0,1471.0,23.956666946411133,0.0,24.54166692495346,1.0,0.2421123633223973,0.23437661819924796,99.81944561004639,0.0,0.0,,2.437499910593033,1.7094017721021928,48.0028278543655,1.661364439731354,50.33580770590314,80.34188328880306,59.44065604724386,99.81944561004639,0.0,56.583333333333336,2
2021-03-06,1342.0,0.0,1362.0,23.95722198486328,0.0,0.0,0.0,0.0,0.0,320.0799865722656,2021,3,2021-03,1362.0,1342.0,2704.0,1362.0,23.95722198486328,0.0,23.95722198486328,0.0,0.2350073322850702,0.2350073322850702,99.82175827026367,0.0,0.0,,0.0,,49.6301775147929,0.0,50.3698224852071,,56.85133279895902,99.82175827026367,0.0,55.916666666666664,1
2021-03-07,1306.0,101.0,1427.0,23.95722198486328,0.0,1.2611111402511597,0.0,0.0,2.0,363.7919921875,2021,3,2021-03,1427.0,1407.0,2834.0,1528.0,23.95722198486328,0.0,25.21833312511444,2.0,0.25493482283637003,0.2380837645206152,99.82175827026367,0.0,0.0,,5.254629751046499,1.5859030470555395,46.0832745236415,3.5638673253352153,50.352858151023284,80.08810387630474,59.56450213224267,99.82175827026367,0.0,54.416666666666664,2
2021-03-08,1353.0,0.0,1374.0,23.956111907958984,0.0,0.0,0.0,0.0,0.0,321.5840148925781,2021,3,2021-03,1374.0,1353.0,2727.0,1374.0,23.956111907958984,0.0,23.956111907958984,0.0,0.23404950137742223,0.23404950137742223,99.8171329498291,0.0,0.0,,0.0,,49.61496149614962,0.0,50.38503850385039,,57.354883183005725,99.8171329498291,0.0,56.375,1
2021-03-09,1364.0,0.0,1384.0,23.95833396911621,0.0,0.0,0.0,0.0,0.0,324.9280090332031,2021,3,2021-03,1384.0,1364.0,2748.0,1384.0,23.95833396911621,0.0,23.95833396911621,0.0,0.23477457300086932,0.23477457300086932,99.82639153798422,0.0,0.0,,0.0,,49.63609898107715,0.0,50.36390101892285,,57.766954988776035,99.82639153798422,0.0,56.833333333333336,1
2021-03-10,1325.0,0.0,1344.0,19.787776947021484,4.003333568572998,0.0,2.0,1.0,0.0,314.1759948730469,2021,3,2021-03,1344.0,1325.0,2669.0,1344.0,23.791110515594482,3.0,23.791110515594482,3.0,0.2337619009472075,0.2337619009472075,82.44907061258951,0.10107249568027125,16.680556535720825,0.24979182545521766,0.0,,49.644061446234545,0.0,50.355938553765455,,56.491688318586114,82.44907061258951,0.12609751856827256,55.208333333333336,2
2021-03-11,1354.0,0.0,1372.0,11.949999809265137,12.010000228881836,0.0,3.0,3.0,0.0,319.2799987792969,2021,3,2021-03,1372.0,1354.0,2726.0,1372.0,23.960000038146973,6.0,23.960000038146973,6.0,0.23271136937266537,0.23271136937266537,49.791665871938065,0.25104602911156737,50.04166762034098,0.24979183537278818,0.0,,49.66984592809978,0.0,50.330154071900225,,57.262103414675465,50.04166762034098,0.2504173618717586,56.416666666666664,2
2021-03-12,1368.0,0.0,1385.0,11.949999809265137,12.010000228881836,0.0,3.0,3.0,0.0,320.32000732421875,2021,3,2021-03,1385.0,1368.0,2753.0,1385.0,23.960000038146973,6.0,23.960000038146973,6.0,0.23127798362759477,0.23127798362759477,49.791665871938065,0.25104602911156737,50.04166762034098,0.24979183537278818,0.0,,49.691245913548855,0.0,50.308754086451145,,57.80467436539761,50.04166762034098,0.2504173618717586,57.0,2
2021-03-13,1362.0,0.0,1381.0,11.94777774810791,12.010000228881836,0.0,3.0,3.0,0.0,321.3760070800781,2021,3,2021-03,1381.0,1362.0,2743.0,1381.0,23.957777976989746,6.0,23.957777976989746,6.0,0.2327125322810124,0.2327125322810124,49.78240728378296,0.25109271893470647,50.04166762034098,0.24979183537278818,0.0,,49.653663871673345,0.0,50.346336128326655,,57.6430753021579,50.04166762034098,0.2504405878442776,56.75,2
2021-03-14,1330.0,40.0,1388.0,11.94777774810791,12.010000228881836,0.5038889050483704,3.0,3.0,1.0,334.52801513671875,2021,3,2021-03,1388.0,1370.0,2758.0,1428.0,23.957777976989746,6.0,24.461666882038116,7.0,0.241014420127319,0.23426331592207195,49.78240728378296,0.25109271893470647,50.04166762034098,0.24979183537278818,2.09953710436821,1.9845644347021412,48.223350253807105,1.4503263234227701,50.32632342277012,79.38257738808565,57.93525598797622,50.04166762034098,0.2504405878442776,55.416666666666664,3
2021-03-15,1311.0,0.0,1328.0,11.948333740234375,12.010000228881836,0.0,3.0,3.0,0.0,308.9119873046875,2021,3,2021-03,1328.0,1311.0,2639.0,1328.0,23.95833396911621,6.0,23.95833396911621,6.0,0.23261444827160202,0.23261444827160202,49.784723917643234,0.25108103483064853,50.04166762034098,0.24979183537278818,0.0,,49.677908298597956,0.0,50.32209170140205,,55.429563746455614,50.04166762034098,0.25043477596290187,54.625,2
2021-03-16,1323.0,0.0,1341.0,11.948888778686523,12.010000228881836,0.0,3.0,3.0,0.0,313.0400085449219,2021,3,2021-03,1341.0,1323.0,2664.0,1341.0,23.95888900756836,6.0,23.95888900756836,6.0,0.23343773940710058,0.23343773940710058,49.78703657786052,0.2510693718524823,50.04166762034098,0.24979183537278818,0.0,,49.66216216216216,0.0,50.33783783783784,,55.97087576040743,50.04166762034098,0.25042897431949634,55.125,2
2021-03-17,1337.0,0.0,1355.0,11.948888778686523,12.010000228881836,0.0,3.0,3.0,0.0,315.1679992675781,2021,3,2021-03,1355.0,1337.0,2692.0,1355.0,23.95888900756836,6.0,23.95888900756836,6.0,0.23259630942256687,0.23259630942256687,49.78703657786052,0.2510693718524823,50.04166762034098,0.24979183537278818,0.0,,49.66567607726597,0.0,50.33432392273403,,56.55521003381959,50.04166762034098,0.25042897431949634,55.708333333333336,2
2021-03-18,1329.0,0.0,1346.0,11.949444770812988,12.010000228881836,0.0,3.0,3.0,0.0,311.9519958496094,2021,3,2021-03,1346.0,1329.0,2675.0,1346.0,23.959444999694824,6.0,23.959444999694824,6.0,0.23176225546033385,0.23176225546033385,49.78935321172078,0.25105768992109356,50.04166762034098,0.24979183537278818,0.0,,49.68224299065421,0.0,50.3177570093458,,56.17826289453467,50.04166762034098,0.25042316297712336,55.375,2
2021-03-19,1366.0,0.0,1385.0,11.948888778686523,12.010000228881836,0.0,3.0,3.0,0.0,322.75201416015625,2021,3,2021-03,1385.0,1366.0,2751.0,1385.0,23.95888900756836,6.0,23.95888900756836,6.0,0.23303394524199006,0.23303394524199006,49.78703657786052,0.2510693718524823,50.04166762034098,0.24979183537278818,0.0,,49.65467102871683,0.0,50.345328971283166,,57.80735490541707,50.04166762034098,0.25042897431949634,56.916666666666664,2
2021-03-20,1319.0,0.0,1339.0,11.947221755981445,12.010000228881836,0.0,3.0,3.0,0.0,311.7760009765625,2021,3,2021-03,1339.0,1319.0,2658.0,1339.0,23.95722198486328,6.0,23.95722198486328,6.0,0.2328424204455284,0.2328424204455284,49.780090649922684,0.2511044041262591,50.04166762034098,0.24979183537278818,0.0,,49.62377727614748,0.0,50.37622272385253,,55.89128826564327,50.04166762034098,0.2504463999954142,54.958333333333336,2
2021-03-21,1157.0,206.0,1378.0,11.947221755981445,12.010000228881836,2.57277774810791,3.0,3.0,5.0,380.1919860839844,2021,3,2021-03,1378.0,1363.0,2741.0,1584.0,23.95722198486328,6.0,26.52999973297119,11.0,0.2759012961422238,0.2400201932348386,49.780090649922684,0.2511044041262591,50.04166762034098,0.24979183537278818,10.719907283782959,1.943424768687126,42.21087194454579,7.515505290040131,50.27362276541408,80.06910046990959,57.519189865613455,50.04166762034098,0.2504463999954142,48.208333333333336,3
2021-03-22,1321.0,0.0,1335.0,11.94777774810791,12.010000228881836,0.0,3.0,3.0,0.0,310.6719970703125,2021,3,2021-03,1335.0,1321.0,2656.0,1335.0,23.957777976989746,6.0,23.957777976989746,6.0,0.23271310641970974,0.23271310641970974,49.78240728378296,0.25109271893470647,50.04166762034098,0.24979183537278818,0.0,,49.73644578313253,0.0,50.26355421686747,,55.72303079535177,50.04166762034098,0.2504405878442776,55.041666666666664,2
2021-03-23,1314.0,0.0,1331.0,11.94777774810791,12.010000228881836,0.0,3.0,3.0,0.0,310.0799865722656,2021,3,2021-03,1331.0,1314.0,2645.0,1331.0,23.957777976989746,6.0,23.957777976989746,6.0,0.23296768337510565,0.23296768337510565,49.78240728378296,0.25109271893470647,50.04166762034098,0.24979183537278818,0.0,,49.678638941398866,0.0,50.321361058601134,,55.556070403455585,50.04166762034098,0.2504405878442776,54.75,2
2021-03-24,1352.0,2.0,1373.0,11.948333740234375,12.010000228881836,0.02666666731238365,3.0,3.0,1.0,320.3840026855469,2021,3,2021-03,1373.0,1354.0,2727.0,1375.0,23.95833396911621,6.0,23.985000636428595,7.0,0.2333459597127071,0.23300654740767046,49.784723917643234,0.25108103483064853,50.04166762034098,0.24979183537278818,0.11111111380159855,37.49999909196051,49.57829116244958,0.07334066740007333,50.34836817015035,74.99999818392102,57.30782456617738,50.04166762034098,0.25043477596290187,56.333333333333336,3
2021-03-25,1359.0,0.0,1376.0,11.948333740234375,12.010000228881836,0.0,3.0,3.0,0.0,319.1199951171875,2021,3,2021-03,1376.0,1359.0,2735.0,1376.0,23.95833396911621,6.0,23.95833396911621,6.0,0.2319186011026072,0.2319186011026072,49.784723917643234,0.25108103483064853,50.04166762034098,0.24979183537278818,0.0,,49.68921389396709,0.0,50.310786106032914,,57.43304195415883,50.04166762034098,0.25043477596290187,56.625,2
2021-03-26,1365.0,0.0,1383.0,11.946110725402832,12.010000228881836,0.0,3.0,3.0,0.0,320.12799072265625,2021,3,2021-03,1383.0,1365.0,2748.0,1383.0,23.956110954284668,6.0,23.956110954284668,6.0,0.23147360139020698,0.23147360139020698,49.77546135584514,0.25112775772458257,50.04166762034098,0.24979183537278818,0.0,,49.672489082969435,0.0,50.32751091703057,,57.730572488964185,50.04166762034098,0.25045801513650406,56.875,2
2021-03-27,1352.0,48.0,1418.0,11.946666717529297,12.010000228881836,0.6000000238418579,3.0,3.0,1.0,342.11199951171875,2021,3,2021-03,1418.0,1400.0,2818.0,1466.0,23.956666946411133,6.0,24.55666697025299,7.0,0.24126375141870152,0.23336425614714784,49.7777779897054,0.2511160703594511,50.04166762034098,0.24979183537278818,2.500000099341075,1.6666666004392863,47.977288857345634,1.7033356990773598,50.31937544357701,79.99999682108574,59.19020384479761,50.04166762034098,0.2504522024462522,56.333333333333336,3
2021-03-28,1274.0,61.0,1351.0,10.943888664245605,12.010000228881836,0.7638888955116272,3.0,3.0,1.0,331.7279968261719,2021,3,2021-03,1351.0,1335.0,2686.0,1412.0,22.95388889312744,6.0,23.71777778863907,7.0,0.24554255871663352,0.23493484194488093,45.59953610102336,0.27412559575840667,50.04166762034098,0.24979183537278818,3.182870397965113,1.3090908977413966,47.43112434847357,2.271034996276992,50.29784065524944,79.8545447622252,58.85712901592458,50.04166762034098,0.26139361517064946,53.083333333333336,3
2021-03-29,1343.0,0.0,1360.0,11.946110725402832,12.010000228881836,0.0,3.0,3.0,0.0,315.8399963378906,2021,3,2021-03,1360.0,1343.0,2703.0,1360.0,23.956110954284668,6.0,23.956110954284668,6.0,0.23223529142491958,0.23223529142491958,49.77546135584514,0.25112775772458257,50.04166762034098,0.24979183537278818,0.0,,49.685534591194966,0.0,50.314465408805034,,56.77048343094092,50.04166762034098,0.25045801513650406,55.958333333333336,2
2021-03-30,1338.0,0.0,1356.0,11.908333778381348,12.010000228881836,0.0,3.0,3.0,0.0,315.0880126953125,2021,3,2021-03,1356.0,1338.0,2694.0,1356.0,23.918334007263184,6.0,23.918334007263184,6.0,0.23236579107323932,0.23236579107323932,49.61805740992229,0.25192441325807197,50.04166762034098,0.24979183537278818,0.0,,49.665924276169264,0.0,50.33407572383074,,56.692911788430955,50.04166762034098,0.25085359198420776,55.75,2
2021-03-31,1336.0,45.0,1398.0,11.922222137451172,12.010000228881836,0.5577777624130249,3.0,3.0,1.0,339.3599853515625,2021,3,2021-03,1398.0,1381.0,2779.0,1443.0,23.932222366333008,6.0,24.490000128746033,7.0,0.24274677063774142,0.23517670502533783,49.67592557271321,0.2516309430752952,50.04166762034098,0.24979183537278818,2.3240740100542707,1.7928287346448872,48.07484706729039,1.6192875134940627,50.30586541921554,80.67729305901993,58.41496784547081,50.04166762034098,0.2507080165041666,55.666666666666664,3
2021-04-01,1352.0,42.0,1412.0,11.946666717529297,12.010000228881836,0.5222222208976746,3.0,3.0,1.0,341.1679992675781,2021,4,2021-04,1412.0,1394.0,2806.0,1454.0,23.956666946411133,6.0,24.478889167308807,7.0,0.2416203960818542,0.23464098986766033,49.7777779897054,0.2511160703594511,50.04166762034098,0.24979183537278818,2.1759259204069776,1.9148936218781512,48.182466143977194,1.496792587312901,50.32074126870991,80.42553211888236,58.939751642351354,50.04166762034098,0.2504522024462522,56.333333333333336,3
2021-04-02,1354.0,45.0,1415.0,11.943888664245605,12.010000228881836,0.5649999976158142,3.0,3.0,1.0,339.8240051269531,2021,4,2021-04,1415.0,1399.0,2814.0,1460.0,23.95388889312744,6.0,24.518888890743256,7.0,0.24015830751021422,0.23275616789517337,49.76620276769002,0.2511744779554578,50.04166762034098,0.24979183537278818,2.354166656732559,1.7699115118934476,48.11656005685857,1.5991471215351813,50.28429282160626,79.64601803520515,59.071827806881686,50.04166762034098,0.25048124865108845,56.416666666666664,3
2021-04-03,1323.0,83.0,1424.0,11.946110725402832,12.010000228881836,1.0405555963516235,3.0,3.0,2.0,355.23199462890625,2021,4,2021-04,1424.0,1406.0,2830.0,1507.0,23.956110954284668,6.0,24.99666655063629,8.0,0.24946067038546788,0.23572129703311628,49.77546135584514,0.25112775772458257,50.04166762034098,0.24979183537278818,4.335648318131765,1.922050111510007,46.74911660777385,2.932862190812721,50.31802120141343,79.7650796276653,59.44203559239696,50.04166762034098,0.25045801513650406,55.125,3
2021-04-04,1307.0,95.0,1418.0,11.946110725402832,12.010000228881836,1.1872222423553467,3.0,3.0,2.0,356.76800537109375,2021,4,2021-04,1418.0,1402.0,2820.0,1513.0,23.956110954284668,6.0,25.143333196640015,8.0,0.2515994396129011,0.23580172199014787,49.77546135584514,0.25112775772458257,50.04166762034098,0.24979183537278818,4.946759343147278,1.6846045573002173,46.34751773049645,3.368794326241135,50.283687943262414,80.01871647176031,59.19157757726046,50.04166762034098,0.25045801513650406,54.458333333333336,3
2021-04-05,1378.0,0.0,1397.0,11.946666717529297,12.010000228881836,0.0,3.0,3.0,0.0,325.4079895019531,2021,4,2021-04,1397.0,1378.0,2775.0,1397.0,23.956666946411133,6.0,23.956666946411133,6.0,0.23293342126124061,0.23293342126124061,49.7777779897054,0.2511160703594511,50.04166762034098,0.24979183537278818,0.0,,49.65765765765766,0.0,50.34234234234234,,58.313621136235724,50.04166762034098,0.2504522024462522,57.416666666666664,2
2021-04-06,1373.0,0.0,1391.0,11.947221755981445,12.010000228881836,0.0,3.0,3.0,0.0,324.12799072265625,2021,4,2021-04,1391.0,1373.0,2764.0,1391.0,23.95722198486328,6.0,23.95722198486328,6.0,0.2330179660119743,0.2330179660119743,49.780090649922684,0.2511044041262591,50.04166762034098,0.24979183537278818,0.0,,49.67438494934877,0.0,50.32561505065123,,58.06182373227019,50.04166762034098,0.2504463999954142,57.208333333333336,2
2021-04-07,1370.0,0.0,1388.0,11.947221755981445,12.010000228881836,0.0,3.0,3.0,0.0,320.99200439453125,2021,4,2021-04,1388.0,1370.0,2758.0,1388.0,23.95722198486328,6.0,23.95722198486328,6.0,0.23126225100470552,0.23126225100470552,49.780090649922684,0.2511044041262591,50.04166762034098,0.24979183537278818,0.0,,49.67367657722988,0.0,50.32632342277012,,57.936600532272486,50.04166762034098,0.2504463999954142,57.083333333333336,2
2021-04-08,1242.0,202.0,1460.0,11.936666488647461,12.010000228881836,2.5166666507720947,3.0,3.0,4.0,397.90399169921875,2021,4,2021-04,1460.0,1444.0,2904.0,1662.0,23.946666717529297,6.0,26.46333336830139,10.0,0.27253698061590326,0.2394127507215516,49.736110369364425,0.25132644887525285,50.04166762034098,0.24979183537278818,10.486111044883728,1.5894039835481706,42.768595041322314,6.955922865013774,50.27548209366392,80.26490116918261,60.96881946961159,50.04166762034098,0.2505567923408695,51.75,3
2021-04-09,1335.0,85.0,1436.0,11.944999694824219,12.010000228881836,1.0611110925674438,3.0,3.0,2.0,354.89599609375,2021,4,2021-04,1436.0,1420.0,2856.0,1521.0,23.954999923706055,6.0,25.0161110162735,8.0,0.24714205856110724,0.23333070091633792,49.77083206176758,0.2511511156672447,50.04166762034098,0.24979183537278818,4.421296219031015,1.8848167868652081,46.7436974789916,2.976190476190476,50.280112044817926,80.10471344177135,59.94573177096625,50.04166762034098,0.25046963135501216,55.625,3
2021-04-10,1236.0,198.0,1451.0,14.935555458068848,8.987222671508789,2.4766666889190674,3.0,4.0,4.0,397.00799560546875,2021,4,2021-04,1451.0,1434.0,2885.0,1649.0,23.922778129577637,7.0,26.399444818496704,11.0,0.27360992116159116,0.24075681965158807,62.231481075286865,0.20086296813147764,37.44676113128662,0.44507632070592434,10.31944453716278,1.6150740097149634,42.842287694974004,6.863084922010398,50.2946273830156,79.94616348089069,60.65349066653814,62.231481075286865,0.2926081562134852,51.5,3
2021-04-11,1326.0,99.0,1442.0,12.006667137145996,11.947221755981445,1.2394444942474365,3.0,3.0,2.0,362.4320068359375,2021,4,2021-04,1442.0,1425.0,2867.0,1541.0,23.95388889312744,6.0,25.193333387374878,8.0,0.2513398105658374,0.23519273642825275,50.027779738108315,0.24986117843799113,49.780090649922684,0.2511044041262591,5.164352059364319,1.6136261117641706,46.25043599581444,3.453086850366237,50.29647715381932,79.87449253232644,60.19899342581159,50.027779738108315,0.25048124865108845,55.25,3
2021-04-12,1275.0,143.0,1434.0,12.006667137145996,11.94777774810791,1.7905555963516235,3.0,3.0,3.0,375.23199462890625,2021,4,2021-04,1434.0,1418.0,2852.0,1577.0,23.954444885253906,6.0,25.74500048160553,9.0,0.26166805762127354,0.23794038974566029,50.027779738108315,0.24986117843799113,49.78240728378296,0.25109271893470647,7.460648318131764,1.6754576099802208,44.7054698457223,5.014025245441795,50.28050490883591,79.86347940905719,59.863628936889064,50.027779738108315,0.250475434882381,53.125,3
2021-04-13,1327.0,43.0,1388.0,12.006667137145996,11.94777774810791,0.5333333611488342,3.0,3.0,1.0,334.54400634765625,2021,4,2021-04,1388.0,1370.0,2758.0,1431.0,23.954444885253906,6.0,24.48777824640274,7.0,0.24102594117266302,0.2337833727097528,50.027779738108315,0.24986117843799113,49.78240728378296,0.25109271893470647,2.222222338120143,1.8749999022111348,48.1145757795504,1.559100797679478,50.32632342277012,80.62499579507879,57.943317269457474,50.027779738108315,0.250475434882381,55.291666666666664,3
2021-04-14,1339.0,88.0,1445.0,12.006667137145996,11.948333740234375,1.1044445037841797,3.0,3.0,2.0,360.8320007324219,2021,4,2021-04,1445.0,1427.0,2872.0,1533.0,23.95500087738037,6.0,25.05944538116455,8.0,0.24971072715046497,0.23537638664867702,50.027779738108315,0.24986117843799113,49.784723917643234,0.25108103483064853,4.601852099100748,1.8108650938524853,46.62256267409471,3.064066852367688,50.3133704735376,79.67806412950935,60.32143381653759,50.027779738108315,0.2504696213835471,55.791666666666664,3
2021-04-15,1230.0,227.0,1472.0,12.006667137145996,11.945555686950684,2.8416666984558105,3.0,3.0,5.0,403.47198486328125,2021,4,2021-04,1472.0,1457.0,2929.0,1699.0,23.95222282409668,6.0,26.79388952255249,11.0,0.27409781580385956,0.2374761535393062,50.027779738108315,0.24986117843799113,49.77314869562785,0.2511394261279279,11.840277910232544,1.7595307721053455,41.99385455786958,7.7500853533629215,50.2560600887675,79.88269705358267,61.45567410633481,50.027779738108315,0.2504986716290821,51.25,3
2021-04-16,1301.0,44.0,1361.0,12.006667137145996,11.946110725402832,0.5433333516120911,3.0,3.0,1.0,329.24798583984375,2021,4,2021-04,1361.0,1345.0,2706.0,1405.0,23.952777862548828,6.0,24.49611121416092,7.0,0.2419162276560204,0.23434020344472864,50.027779738108315,0.24986117843799113,49.77546135584514,0.25112775772458257,2.2638889650503797,1.840490735628434,48.078344419807834,1.6260162601626018,50.295639320029565,80.98159236765109,56.82013200347758,50.027779738108315,0.25049286702488277,54.208333333333336,3
2021-04-17,1254.0,134.0,1405.0,12.006667137145996,11.946666717529297,1.6749999523162842,3.0,3.0,4.0,366.2080078125,2021,4,2021-04,1405.0,1388.0,2793.0,1539.0,23.953333854675293,6.0,25.628333806991577,10.0,0.2606462689056939,0.23795192190545808,50.027779738108315,0.24986117843799113,49.7777779897054,0.2511160703594511,6.979166467984517,2.3880597694755603,44.89795918367347,4.797708557107053,50.30433225921948,80.00000227743126,58.65571817785887,50.027779738108315,0.2504870527168351,52.25,3
2021-04-18,1206.0,238.0,1459.0,12.006667137145996,11.946666717529297,2.966111183166504,3.0,3.0,5.0,407.1839904785156,2021,4,2021-04,1459.0,1444.0,2903.0,1697.0,23.953333854675293,6.0,26.919445037841797,11.0,0.2790842977919915,0.2399434239708401,50.027779738108315,0.24986117843799113,49.7777779897054,0.2511160703594511,12.3587965965271,1.685708893306621,41.543231140199794,8.198415432311403,50.2583534274888,80.23974332139517,60.91010165231039,50.027779738108315,0.2504870527168351,50.25,3
2021-04-19,1326.0,0.0,1342.0,12.006667137145996,11.94444465637207,0.0,3.0,3.0,0.0,310.4800109863281,2021,4,2021-04,1342.0,1326.0,2668.0,1342.0,23.951111793518066,6.0,23.951111793518066,6.0,0.23135619298534138,0.23135619298534138,50.027779738108315,0.24986117843799113,49.76851940155029,0.25116278624134886,0.0,,49.70014992503748,0.0,50.299850074962514,,56.03080189217721,50.027779738108315,0.2505102916192722,55.25,2
2021-04-20,1328.0,41.0,1386.0,12.006667137145996,11.943333625793457,0.5161111354827881,3.0,3.0,1.0,332.2720031738281,2021,4,2021-04,1386.0,1369.0,2755.0,1427.0,23.950000762939453,6.0,24.46611189842224,7.0,0.23973449002440703,0.23284653340842895,50.027779738108315,0.24986117843799113,49.76389010747273,0.25118615070092665,2.1504630645116167,1.9375671851462102,48.2032667876588,1.4882032667876588,50.30852994555354,79.44025459099461,57.87056183082527,50.027779738108315,0.2505219126875553,55.333333333333336,3
2021-04-21,1353.0,38.0,1409.0,12.006667137145996,11.944999694824219,0.47999998927116394,3.0,3.0,1.0,337.7120056152344,2021,4,2021-04,1409.0,1391.0,2800.0,1447.0,23.951666831970215,6.0,24.43166682124138,7.0,0.23968204798810105,0.23338770256754277,50.027779738108315,0.24986117843799113,49.77083206176758,0.2511511156672447,1.9999999552965164,2.083333379899463,48.32142857142857,1.3571428571428572,50.32142857142857,79.16666843617959,58.82680357424204,50.027779738108315,0.2505044864765452,56.375,3
2021-04-22,1310.0,46.0,1374.0,12.006667137145996,11.945555686950684,0.5716666579246521,3.0,3.0,1.0,331.9840087890625,2021,4,2021-04,1374.0,1356.0,2730.0,1420.0,23.95222282409668,6.0,24.523889482021332,7.0,0.24161863812886644,0.2337915554852553,50.027779738108315,0.24986117843799113,49.77314869562785,0.2511394261279279,2.3819444080193835,1.7492711637763627,47.985347985347985,1.684981684981685,50.32967032967033,80.46647353371269,57.36419580305981,50.027779738108315,0.2504986716290821,54.583333333333336,3
2021-04-23,1329.0,0.0,1346.0,12.006667137145996,11.945555686950684,0.0,3.0,3.0,0.0,313.45599365234375,2021,4,2021-04,1346.0,1329.0,2675.0,1346.0,23.95222282409668,6.0,23.95222282409668,6.0,0.232879638671875,0.232879638671875,50.027779738108315,0.24986117843799113,49.77314869562785,0.2511394261279279,0.0,,49.68224299065421,0.0,50.3177570093458,,56.195202002124084,50.027779738108315,0.2504986716290821,55.375,2
2021-04-24,1339.0,41.0,1399.0,12.006667137145996,11.946110725402832,0.519444465637207,3.0,3.0,1.0,336.55999755859375,2021,4,2021-04,1399.0,1380.0,2779.0,1440.0,23.952777862548828,6.0,24.472222328186035,7.0,0.24057183528133935,0.23372222052680122,50.027779738108315,0.24986117843799113,49.77546135584514,0.25112775772458257,2.1643519401550293,1.925133611296236,48.18279956819,1.4753508456279236,50.34184958618207,78.93047806314569,58.4065868279685,50.027779738108315,0.25049286702488277,55.791666666666664,3
2021-04-25,1228.0,248.0,1493.0,12.049444198608398,11.886666297912598,3.0905556678771973,3.0,3.0,5.0,416.33599853515625,2021,4,2021-04,1493.0,1476.0,2969.0,1741.0,23.936110496520996,6.0,27.026666164398193,11.0,0.2788586728299774,0.23913612782030802,50.20601749420166,0.24897413943345809,49.52777624130249,0.252383630936693,12.877315282821655,1.61783204618163,41.36072751768272,8.352980801616706,50.286291680700565,80.24446949060885,62.374377834569266,50.20601749420166,0.25066729203443777,51.166666666666664,3
2021-04-26,1156.0,360.0,1530.0,12.008333206176758,11.946110725402832,4.494444370269775,3.0,3.0,7.0,455.6960144042969,2021,4,2021-04,1530.0,1516.0,3046.0,1890.0,23.95444393157959,6.0,28.448888301849365,13.0,0.2978405322903901,0.24110900233031582,50.03472169240316,0.24982651201391398,49.77546135584514,0.25112775772458257,18.726851542790733,1.5574783940600494,37.951411687458965,11.818778726198293,50.229809586342746,80.09888883737398,63.87123843784879,50.03472169240316,0.250475444854309,48.166666666666664,3
2021-04-27,1130.0,403.0,1547.0,12.008333206176758,11.943888664245605,5.0333333015441895,3.0,3.0,8.0,471.42401123046875,2021,4,2021-04,1547.0,1533.0,3080.0,1950.0,23.952221870422363,6.0,28.985555171966553,14.0,0.30473433175854475,0.24175590319511217,50.03472169240316,0.24982651201391398,49.76620276769002,0.2511744779554578,20.972222089767456,1.5894039835481706,36.688311688311686,13.084415584415584,50.227272727272734,80.0662256712391,64.58691007327083,50.03472169240316,0.2504986816028604,47.083333333333336,3
2021-04-28,1012.0,594.0,1619.0,12.008333206176758,11.924444198608398,4.652777671813965,3.0,3.0,7.0,550.9600219726562,2021,4,2021-04,1619.0,1606.0,3225.0,2213.0,23.932777404785156,6.0,28.58555507659912,13.0,0.3403088461844696,0.24896521553215376,50.03472169240316,0.24982651201391398,49.68518416086833,0.2515840528944825,19.38657363255819,1.504477646203742,31.37984496124031,18.41860465116279,50.201550387596896,127.66567454928895,67.64781089203188,50.03472169240316,0.2507022021940651,42.166666666666664,3
2021-04-29,867.0,794.0,1673.0,12.008333206176758,11.94444465637207,3.264444351196289,3.0,3.0,4.0,636.416015625,2021,4,2021-04,1673.0,1661.0,3334.0,2467.0,23.952777862548828,6.0,27.217222213745117,10.0,0.38040407389420205,0.257971631789623,50.03472169240316,0.24982651201391398,49.76851940155029,0.25116278624134886,13.601851463317871,1.2253233842182543,26.004799040191962,23.815236952609478,50.17996400719856,243.22669176732344,69.84576108877148,50.03472169240316,0.25049286702488277,36.125,3
2021-04-30,981.0,653.0,1645.0,12.008333206176758,11.944999694824219,3.3061110973358154,3.0,3.0,5.0,582.656005859375,2021,4,2021-04,1645.0,1634.0,3279.0,2298.0,23.953332901000977,6.0,27.259443998336792,11.0,0.3541981798537234,0.25354917574385333,50.03472169240316,0.24982651201391398,49.77083206176758,0.2511511156672447,13.775462905565897,1.5123508717021583,29.91765782250686,19.914608112229338,50.1677340652638,197.5130238443019,68.67520302075616,50.03472169240316,0.25048706268968807,40.875,3
2021-05-01,869.0,799.0,1682.0,12.008333206176758,11.942222595214844,2.0155556201934814,3.0,3.0,2.0,648.9600219726562,2021,5,2021-05,1682.0,1668.0,3350.0,2481.0,23.9505558013916,6.0,25.966111421585083,8.0,0.38582641020966485,0.26157195565201785,50.03472169240316,0.24982651201391398,49.75926081339519,0.25120951950787423,8.39814841747284,0.9922822173510706,25.94029850746269,23.850746268656717,50.2089552238806,396.4167458317527,70.2280153307453,50.03472169240316,0.2505161070062258,36.208333333333336,3
2021-05-02,1439.0,95.0,1553.0,12.008333206176758,11.945555686950684,1.1944444179534912,3.0,3.0,2.0,371.0719909667969,2021,5,2021-05,1553.0,1534.0,3087.0,1648.0,23.95388889312744,6.0,25.148333311080933,8.0,0.2389388222580791,0.22516504306237675,50.03472169240316,0.24982651201391398,49.77314869562785,0.2511394261279279,4.9768517414728795,1.6744186417872104,46.614836410754776,3.0774214447683836,50.30774214447684,79.5348854848925,64.83289652585673,50.03472169240316,0.25048124865108845,59.958333333333336,3
2021-05-03,1188.0,407.0,1609.0,12.008333206176758,11.942777633666992,4.0577778816223145,3.0,3.0,6.0,481.4079895019531,2021,5,2021-05,1609.0,1595.0,3204.0,2016.0,23.95111083984375,6.0,28.008888721466064,12.0,0.2991970102560305,0.23879364558628627,50.03472169240316,0.24982651201391398,49.76157347361247,0.25119784459043465,16.90740784009298,1.4786418022469918,37.07865168539326,12.702871410736579,50.218476903870155,100.30120225242095,67.17851254411784,50.03472169240316,0.25051030159397575,49.5,3
2021-05-04,976.0,683.0,1673.0,12.008333206176758,11.943333625793457,3.8838889598846436,3.0,3.0,4.0,592.9119873046875,2021,5,2021-05,1673.0,1659.0,3332.0,2356.0,23.951666831970215,6.0,27.83555579185486,10.0,0.3544004705945532,0.25166043603764326,50.03472169240316,0.24982651201391398,49.76389010747273,0.25118615070092665,16.182870666186012,1.0298955612054381,29.29171668667467,20.498199279711883,50.21008403361344,175.85466707582856,69.84900097921003,50.03472169240316,0.2505044864765452,40.666666666666664,3
2021-05-05,937.0,701.0,1649.0,12.008333206176758,11.943888664245605,1.9005556106567383,3.0,3.0,3.0,602.3519897460938,2021,5,2021-05,1649.0,1638.0,3287.0,2350.0,23.952221870422363,6.0,25.8527774810791,9.0,0.36528319572231277,0.25631999563663566,50.03472169240316,0.24982651201391398,49.76620276769002,0.2511744779554578,7.918981711069743,1.5784857770951244,28.50623668999087,21.326437480985703,50.167325829023426,368.8395099145607,68.84538766051945,50.03472169240316,0.2504986816028604,39.041666666666664,3
2021-05-06,1310.0,283.0,1612.0,12.008333206176758,11.943888664245605,3.5511112213134766,3.0,3.0,5.0,444.7359924316406,2021,5,2021-05,1612.0,1593.0,3205.0,1895.0,23.952221870422363,6.0,27.50333309173584,11.0,0.27589081416354877,0.2346891780641903,50.03472169240316,0.24982651201391398,49.76620276769002,0.2511744779554578,14.796296755472818,1.40800996882058,40.87363494539781,8.829953198127924,50.29641185647426,79.69336423524483,67.30064579063514,50.03472169240316,0.2504986816028604,54.583333333333336,3
2021-05-07,921.0,698.0,1633.0,12.008333206176758,11.94444465637207,1.3822221755981445,3.0,3.0,3.0,600.1599731445312,2021,5,2021-05,1633.0,1619.0,3252.0,2331.0,23.952777862548828,6.0,25.335000038146973,9.0,0.36751988557534065,0.25746888594788986,50.03472169240316,0.24982651201391398,49.76851940155029,0.25116278624134886,5.7592590649922695,2.1704180796417742,28.321033210332104,21.46371463714637,50.21525215252153,504.98393986331945,68.17580864193893,50.03472169240316,0.25049286702488277,38.375,3
2021-05-08,815.0,934.0,1760.0,12.045555114746094,11.902777671813965,1.7061110734939575,3.0,3.0,2.0,710.1439819335938,2021,5,2021-05,1760.0,1749.0,3509.0,2694.0,23.94833278656006,6.0,25.654443860054016,8.0,0.40349089882590555,0.26360207198722857,50.189812978108726,0.2490545243803184,49.594906965891525,0.25204200924495673,7.108796139558156,1.1722566197898154,23.22599031062981,26.617269877457968,50.15673981191222,547.4438414418438,73.49154597466267,50.189812978108726,0.2505393612772591,33.958333333333336,3
2021-05-09,878.0,902.0,1792.0,12.006667137145996,11.943888664245605,1.2677778005599976,3.0,3.0,2.0,708.3519897460938,2021,5,2021-05,1792.0,1780.0,3572.0,2694.0,23.9505558013916,6.0,25.2183336019516,8.0,0.3952857085636684,0.26293689300151957,50.027779738108315,0.24986117843799113,49.76620276769002,0.2511744779554578,5.282407502333323,1.5775635124045935,24.58006718924972,25.25195968645017,50.16797312430011,711.4811440944717,74.82081062585944,50.027779738108315,0.2505161070062258,36.583333333333336,3
2021-05-10,791.0,962.0,1766.0,12.006667137145996,11.938333511352539,1.8727778196334839,3.0,3.0,2.0,717.0399780273438,2021,5,2021-05,1766.0,1753.0,3519.0,2728.0,23.945000648498535,6.0,25.81777846813202,8.0,0.40602490262023994,0.2628445667255659,50.027779738108315,0.24986117843799113,49.743056297302246,0.2512913546222515,7.803240915139516,1.0679323404158079,22.47797669792555,27.337311736288715,50.18471156578573,513.6754557400036,73.75234713600797,50.027779738108315,0.25057422583015165,32.958333333333336,3
2021-05-11,804.0,942.0,1757.0,12.006667137145996,11.941666603088379,1.5866667032241821,3.0,3.0,2.0,710.0,2021,5,2021-05,1757.0,1746.0,3503.0,2699.0,23.948333740234375,6.0,25.535000443458557,8.0,0.4040978941377348,0.26306039273805115,50.027779738108315,0.24986117843799113,49.75694417953491,0.25122121557338856,6.6111112634340925,1.2605041726380877,22.95175563802455,26.89123608335712,50.157008278618335,593.6974653125393,73.36627337242064,50.027779738108315,0.25053935130024124,33.5,3
2021-05-12,755.0,947.0,1712.0,12.006667137145996,11.942222595214844,1.434999942779541,3.0,3.0,1.0,701.4080200195312,2021,5,2021-05,1712.0,1702.0,3414.0,2659.0,23.94888973236084,6.0,25.38388967514038,7.0,0.40970094627309067,0.2637863933883156,50.027779738108315,0.24986117843799113,49.75926081339519,0.25120951950787423,5.979166428248087,0.6968641392856347,22.11482132396016,27.738722905682483,50.146455770357356,659.9303399034961,71.48556860599123,50.027779738108315,0.2505335348340815,31.458333333333332,3
2021-05-13,879.0,817.0,1709.0,14.094444274902344,8.853333473205566,1.3888888359069824,4.0,3.0,3.0,656.2880249023438,2021,5,2021-05,1709.0,1696.0,3405.0,2526.0,22.94777774810791,7.0,24.336666584014893,10.0,0.3840187389715294,0.2598131531679904,58.72685114542643,0.28379976691402503,36.888889471689865,0.33885541633323074,5.787036816279093,2.160000082397464,25.814977973568283,23.994126284875183,50.19089574155653,588.240022439576,74.47344221123592,58.72685114542643,0.3050404303561448,36.625,3
2021-05-14,819.0,874.0,1705.0,9.49222183227539,14.451666831970215,0.8061110973358154,3.0,6.0,3.0,677.0880126953125,2021,5,2021-05,1705.0,1693.0,3398.0,2579.0,23.943888664245605,9.0,24.74999976158142,12.0,0.3971190690295088,0.26253897351504946,39.55092430114746,0.3160482396017568,60.215278466542564,0.41517702212223034,3.358796238899231,3.7215713937135377,24.102413184226016,25.721012360211887,50.1765744555621,1084.217799368544,71.20814934902384,60.215278466542564,0.37587879421772113,34.125,3
2021-05-15,1437.0,107.0,1561.0,12.008333206176758,11.942222595214844,0.4588888883590698,3.0,3.0,1.0,383.23199462890625,2021,5,2021-05,1561.0,1544.0,3105.0,1668.0,23.9505558013916,6.0,24.40944468975067,7.0,0.24550416055663438,0.22975539246337306,50.03472169240316,0.24982651201391398,49.75926081339519,0.25120951950787423,1.9120370348294575,2.1791767579639525,46.28019323671498,3.4460547504025767,50.27375201288245,233.17191310214292,65.17594050611974,50.03472169240316,0.2505161070062258,59.875,3
2021-05-16,1181.0,395.0,1594.0,12.008333206176758,11.925555229187012,1.2266666889190674,3.0,3.0,2.0,487.0400085449219,2021,5,2021-05,1594.0,1576.0,3170.0,1989.0,23.93388843536377,6.0,25.160555124282837,8.0,0.30554580209844534,0.24486677151579783,50.03472169240316,0.24982651201391398,49.68981345494588,0.2515606143567804,5.111111203829447,1.6304347530317223,37.25552050473186,12.46056782334385,50.28391167192429,322.0108637237651,66.60012660729079,50.03472169240316,0.2506905643938173,49.208333333333336,3
2021-05-17,1001.0,599.0,1614.0,12.008333206176758,11.942777633666992,0.5938888788223267,3.0,3.0,3.0,563.4559936523438,2021,5,2021-05,1614.0,1600.0,3214.0,2213.0,23.95111083984375,6.0,24.544999718666077,9.0,0.3491053244438313,0.2546118362640505,50.03472169240316,0.24982651201391398,49.76157347361247,0.25119784459043465,2.474536995093028,5.051450038850631,31.144990665836964,18.6372121966397,50.217797137523334,1008.6061910905095,67.38727112877947,50.03472169240316,0.25051030159397575,41.708333333333336,3
2021-05-18,1124.0,494.0,1633.0,12.008333206176758,11.943333625793457,1.3111110925674438,3.0,3.0,4.0,527.10400390625,2021,5,2021-05,1633.0,1618.0,3251.0,2127.0,23.951666831970215,6.0,25.26277792453766,10.0,0.322782611087722,0.24781570470439587,50.03472169240316,0.24982651201391398,49.76389010747273,0.25118615070092665,5.462962885697683,3.050847500776704,34.57397723777299,15.195324515533681,50.23069824669333,376.779666345923,68.1789710693664,50.03472169240316,0.2505044864765452,46.833333333333336,3
2021-05-19,772.0,880.0,1665.0,12.008333206176758,11.943333625793457,0.6583333611488342,3.0,3.0,1.0,670.7839965820312,2021,5,2021-05,1665.0,1652.0,3317.0,2545.0,23.951666831970215,6.0,24.61000019311905,7.0,0.4028732712204392,0.2635693503269278,50.03472169240316,0.24982651201391398,49.76389010747273,0.25118615070092665,2.743055671453476,1.5189872775928224,23.274042809767863,26.529996985227616,50.19596020500452,1336.7088042816836,69.5149949972413,50.03472169240316,0.2505044864765452,32.166666666666664,3
2021-05-20,891.0,766.0,1672.0,12.008333206176758,11.94111156463623,0.6916666626930237,3.0,3.0,2.0,631.968017578125,2021,5,2021-05,1672.0,1657.0,3329.0,2438.0,23.94944477081299,6.0,24.641111433506012,8.0,0.37797130237926135,0.25921575782531786,50.03472169240316,0.24982651201391398,49.75463151931763,0.25123289266340515,2.881944427887599,2.8915662816723646,26.764794232502254,23.00991288675278,50.225292880744966,1107.4698858805157,69.8137270404554,50.03472169240316,0.2505277286140744,37.125,3
2021-05-21,1049.0,621.0,1684.0,12.008333206176758,11.941666603088379,1.445555567741394,3.0,3.0,4.0,583.4559936523438,2021,5,2021-05,1684.0,1670.0,3354.0,2305.0,23.949999809265137,6.0,25.39555537700653,10.0,0.3464703050192065,0.2531262445346394,50.03472169240316,0.24982651201391398,49.75694417953491,0.25122121557338856,6.023148198922476,2.767102205728275,31.27608825283244,18.51520572450805,50.20870602265951,429.59261743931467,70.3131529608004,50.03472169240316,0.25052192266318435,43.708333333333336,3
2021-05-22,859.0,867.0,1740.0,12.008333206176758,11.941666603088379,1.038888931274414,3.0,3.0,2.0,685.0239868164062,2021,5,2021-05,1740.0,1726.0,3466.0,2607.0,23.949999809265137,6.0,24.98888874053955,8.0,0.3936919464462105,0.2627633244405087,50.03472169240316,0.24982651201391398,49.75694417953491,0.25122121557338856,4.328703880310059,1.925133611296236,24.783612233121755,25.014425851125218,50.201961915753024,834.5454204969184,72.65135757232346,50.03472169240316,0.25052192266318435,35.791666666666664,3
2021-05-23,784.0,952.0,1738.0,12.008333206176758,11.942222595214844,0.8233333230018616,3.0,3.0,1.0,713.5679931640625,2021,5,2021-05,1738.0,1736.0,3474.0,2690.0,23.9505558013916,6.0,24.773889124393463,7.0,0.4105684655719577,0.26526691195690055,50.03472169240316,0.24982651201391398,49.75926081339519,0.25120951950787423,3.4305555125077567,1.2145749140263318,22.567645365572826,27.40356937248129,50.028785261945885,1156.2753181530677,72.5661656628034,50.03472169240316,0.2505161070062258,32.666666666666664,3
2021-05-24,781.0,1017.0,1802.0,12.008333206176758,11.942222595214844,0.5049999952316284,3.0,3.0,1.0,753.0560302734375,2021,5,2021-05,1802.0,1798.0,3600.0,2819.0,23.9505558013916,6.0,24.45555579662323,7.0,0.4179001277877012,0.2671358745205525,50.03472169240316,0.24982651201391398,49.75926081339519,0.25120951950787423,2.1041666467984514,1.9801980384996436,21.694444444444443,28.249999999999996,50.05555555555555,2013.8614051541376,75.23833747086981,50.03472169240316,0.2505161070062258,32.541666666666664,3
2021-05-25,731.0,1002.0,1742.0,12.008333206176758,11.9399995803833,0.448888897895813,3.0,3.0,1.0,730.4959716796875,2021,5,2021-05,1742.0,1733.0,3475.0,2744.0,23.94833278656006,6.0,24.39722168445587,7.0,0.4193432673247345,0.26621573311941965,50.03472169240316,0.24982651201391398,49.74999825159709,0.25125629023713025,1.8703704078992207,2.2277227275781275,21.035971223021583,28.834532374100718,50.12949640287769,2232.1781730332837,72.7399278908309,50.03472169240316,0.2505393612772591,30.458333333333332,3
2021-05-26,778.0,924.0,1729.0,13.890000343322754,9.895000457763672,0.8222222328186035,4.0,3.0,2.0,699.2960205078125,2021,5,2021-05,1729.0,1702.0,3431.0,2653.0,23.785000801086426,7.0,24.60722303390503,9.0,0.40445113968063184,0.26358689050426404,57.875001430511475,0.287976954725051,41.229168574015304,0.30318341194680626,3.4259259700775146,2.4324324010844824,22.675604779947538,26.93092392888371,50.39347129116876,1123.7837693010308,72.69287121155045,57.875001430511475,0.29430312231396943,32.416666666666664,3
2021-05-27,823.0,869.0,1703.0,11.938888549804688,12.010000228881836,0.7733333110809326,3.0,3.0,2.0,676.6079711914062,2021,5,2021-05,1703.0,1692.0,3395.0,2572.0,23.948888778686523,6.0,24.722222089767456,8.0,0.39730356499788977,0.26306686282714087,49.74536895751953,0.25127967209720525,50.04166762034098,0.24979183537278818,3.2222221295038858,2.58620697096894,24.241531664212076,25.59646539027982,50.1620029455081,1123.7069288860046,71.10977113541888,50.04166762034098,0.2505335448106361,34.291666666666664,3
2021-05-28,986.0,762.0,1762.0,11.281110763549805,12.008889198303223,0.9705555438995361,3.0,3.0,3.0,656.6719970703125,2021,5,2021-05,1762.0,1748.0,3510.0,2524.0,23.289999961853027,6.0,24.260555505752563,9.0,0.37268558290029086,0.26017115573308736,47.00462818145752,0.2659312600398576,50.03703832626343,0.2498149454508982,4.043981432914734,3.0910132025483903,28.09116809116809,21.70940170940171,50.199430199430196,785.1173534472912,75.65478758634612,50.03703832626343,0.25762129711582105,41.083333333333336,3
2021-05-29,809.0,884.0,1705.0,11.893888473510742,11.921111106872559,0.6827777624130249,3.0,2.0,2.0,685.343994140625,2021,5,2021-05,1705.0,1693.0,3398.0,2589.0,23.8149995803833,5.0,24.497777342796326,7.0,0.4019612868859971,0.26471378684458285,49.5578686396281,0.2522303792137782,49.671296278635666,0.16776959648056577,2.8449073433876038,2.92921080635629,23.808122424955858,26.01530311948205,50.1765744555621,1294.7111764094802,71.59353474876518,49.671296278635666,0.209951714805763,33.708333333333336,3
2021-05-30,953.0,723.0,1690.0,11.936111450195312,12.01111125946045,0.4627777636051178,3.0,3.0,2.0,625.9840087890625,2021,5,2021-05,1690.0,1676.0,3366.0,2413.0,23.94722270965576,6.0,24.41000047326088,8.0,0.37040473892843934,0.25942147069584026,49.73379770914714,0.2513381357503084,50.04629691441854,0.24976872957005336,1.928240681687991,4.321728823830381,28.312537136066545,21.479500891265594,50.20796197266786,1562.3049698146829,70.57185797660682,50.04629691441854,0.2505509750648763,39.708333333333336,3
2021-05-31,941.0,659.0,1612.0,11.937777519226074,12.010555267333984,0.0,3.0,3.0,3.0,585.8560180664062,2021,5,2021-05,1612.0,1600.0,3212.0,2271.0,23.94833278656006,6.0,23.94833278656006,9.0,0.3634342543836267,0.25797270720669585,49.74073966344197,0.25130305830950767,50.043980280558266,0.24978029185372694,0.0,,29.296388542963886,20.51681195516812,50.186799501867995,,67.31157506315695,50.043980280558266,0.2505393612772591,39.208333333333336,2
2021-06-01,839.0,813.0,1665.0,11.938333511352539,12.010555267333984,0.0,3.0,3.0,2.0,650.68798828125,2021,6,2021-06,1665.0,1652.0,3317.0,2478.0,23.948888778686523,6.0,23.948888778686523,8.0,0.3908035965653153,0.26258595168734866,49.743056297302246,0.2512913546222515,50.043980280558266,0.24978029185372694,0.0,,25.293940307506784,24.510099487488695,50.19596020500452,,69.52305868495152,50.043980280558266,0.2505335448106361,34.958333333333336,2
2021-06-02,912.0,750.0,1674.0,11.930000305175781,12.010555267333984,0.7688888907432556,3.0,3.0,3.0,628.6400146484375,2021,6,2021-06,1674.0,1662.0,3336.0,2424.0,23.940555572509766,6.0,24.70944446325302,9.0,0.3755316694435111,0.25933994003648414,49.70833460489909,0.2514668837601339,50.043980280558266,0.24978029185372694,3.2037037114302316,3.901734094636241,27.33812949640288,22.48201438848921,50.17985611510791,975.4335236590603,69.9231893315878,50.043980280558266,0.2506207502924294,38.0,3
2021-06-03,871.0,740.0,1625.0,11.932777404785156,12.010000228881836,0.3449999988079071,3.0,3.0,2.0,617.2160034179688,2021,6,2021-06,1625.0,1611.0,3236.0,2365.0,23.942777633666992,6.0,24.2877776324749,8.0,0.3798252328725962,0.26097928262916226,49.719905853271484,0.2514083602026274,50.04166762034098,0.24979183537278818,1.4374999950329461,5.7971014693063285,26.915945611866505,22.867737948084056,50.21631644004945,2144.927543643342,67.87015378345309,50.04166762034098,0.2505974908927499,36.291666666666664,3
2021-06-04,772.0,856.0,1638.0,11.936111450195312,12.010555267333984,0.0,3.0,3.0,1.0,659.2000122070312,2021,6,2021-06,1638.0,1628.0,3266.0,2494.0,23.946666717529297,6.0,23.946666717529297,7.0,0.4024420098944025,0.26431435934524106,49.73379770914714,0.2513381357503084,50.043980280558266,0.24978029185372694,0.0,,23.637477036129823,26.209430496019596,50.15309246785058,,68.40200430905739,50.043980280558266,0.2505567923408695,32.166666666666664,2
2021-06-05,725.0,936.0,1670.0,11.936666488647461,12.01111125946045,0.0,3.0,3.0,1.0,698.9760131835938,2021,6,2021-06,1670.0,1661.0,3331.0,2606.0,23.94777774810791,6.0,23.94777774810791,7.0,0.41854851088837947,0.2682179636161143,49.736110369364425,0.25132644887525285,50.04629691441854,0.24976872957005336,0.0,,21.765235664965477,28.099669768838186,50.13509456619634,,69.73507177015391,50.04629691441854,0.25054516803648114,30.208333333333332,2
2021-06-06,853.0,835.0,1694.0,11.931666374206543,12.010555267333984,0.0,3.0,3.0,2.0,664.447998046875,2021,6,2021-06,1694.0,1688.0,3382.0,2529.0,23.942221641540527,6.0,23.942221641540527,8.0,0.39223612635588845,0.2627315136602906,49.715276559193924,0.2514317703757871,50.043980280558266,0.24978029185372694,0.0,,25.221762270845655,24.689532820816083,50.088704908338265,,70.75366794954631,50.043980280558266,0.2506033103289716,35.541666666666664,2
2021-06-07,915.0,688.0,1622.0,11.937222480773926,12.010555267333984,0.0,3.0,3.0,2.0,596.1279907226562,2021,6,2021-06,1622.0,1603.0,3225.0,2310.0,23.94777774810791,6.0,23.94777774810791,8.0,0.36752650476119375,0.25806406524790315,49.738427003224686,0.25131474300925494,50.043980280558266,0.24978029185372694,0.0,,28.37209302325581,21.333333333333336,50.29457364341086,,67.73071042586207,50.043980280558266,0.25054516803648114,38.125,2
2021-06-08,897.0,757.0,1666.0,12.222777366638184,11.722222328186035,0.0,3.0,4.0,2.0,630.239990234375,2021,6,2021-06,1666.0,1654.0,3320.0,2423.0,23.94499969482422,7.0,23.94499969482422,9.0,0.3782953122655312,0.26010730096342344,50.928239027659096,0.24544339719288658,48.842593034108475,0.3412322244035601,0.0,,27.018072289156624,22.801204819277107,50.18072289156626,,69.57611280989536,50.928239027659096,0.29233660844493853,37.375,2
2021-06-09,903.0,654.0,1570.0,12.006667137145996,11.943888664245605,0.46166667342185974,3.0,3.0,2.0,576.1599731445312,2021,6,2021-06,1570.0,1557.0,3127.0,2224.0,23.9505558013916,6.0,24.41222247481346,8.0,0.36698087461435114,0.2590647361261382,50.027779738108315,0.24986117843799113,49.76620276769002,0.2511744779554578,1.9236111392577488,4.332129900510381,28.877518388231532,20.91461464662616,50.20786696514231,1416.6064774668948,65.55171466662908,50.027779738108315,0.2505161070062258,37.625,3
2021-06-10,857.0,733.0,1603.0,12.006667137145996,11.941666603088379,0.0,3.0,3.0,2.0,611.072021484375,2021,6,2021-06,1603.0,1590.0,3193.0,2336.0,23.948333740234375,6.0,23.948333740234375,8.0,0.38120525357727697,0.26158905029296875,50.027779738108315,0.24986117843799113,49.75694417953491,0.25122121557338856,0.0,,26.839962417788914,22.956467272157845,50.20357031005324,,66.93576335571444,50.027779738108315,0.25053935130024124,35.708333333333336,2
2021-06-11,787.0,833.0,1634.0,12.006667137145996,11.939444541931152,0.6244444251060486,3.0,3.0,2.0,649.0880126953125,2021,6,2021-06,1634.0,1620.0,3254.0,2467.0,23.94611167907715,6.0,24.570556104183197,8.0,0.39723868586004435,0.26310823376380726,50.027779738108315,0.24986117843799113,49.747685591379806,0.2512679705880826,2.6018517712752027,3.2028470742778152,24.185617701290717,25.599262446220038,50.215119852489245,1333.98580643671,68.23654804164732,50.027779738108315,0.25056259990812974,32.791666666666664,3
2021-06-12,762.0,895.0,1666.0,12.484444618225098,11.46166706085205,0.0,5.0,3.0,2.0,684.2559814453125,2021,6,2021-06,1666.0,1657.0,3323.0,2561.0,23.94611167907715,8.0,23.94611167907715,10.0,0.4107178760175945,0.2671831243441283,52.018519242604576,0.4004983924315606,47.756946086883545,0.26174202967792215,0.0,,22.931086367739994,26.933493830875715,50.135419801384295,,69.57288190782403,52.018519242604576,0.334083466544173,31.75,2
2021-06-13,680.0,878.0,1572.0,11.921667098999023,12.010000228881836,0.7705555558204651,3.0,3.0,2.0,650.8800048828125,2021,6,2021-06,1572.0,1558.0,3130.0,2450.0,23.93166732788086,6.0,24.702222883701324,8.0,0.41404580463283236,0.26566530811543365,49.673612912495926,0.2516426582865989,50.04166762034098,0.24979183537278818,3.210648149251938,2.5955299197998234,21.72523961661342,28.05111821086262,50.22364217252397,1139.4376347921225,65.6870237439992,50.04166762034098,0.25071383108396644,28.333333333333332,3
2021-06-14,774.0,790.0,1572.0,11.94111156463623,12.010000228881836,0.0,3.0,3.0,5.0,623.4240112304688,2021,6,2021-06,1572.0,1564.0,3136.0,2362.0,23.951111793518066,6.0,23.951111793518066,11.0,0.3965801598158198,0.2639390394709859,49.75463151931763,0.25123289266340515,50.04166762034098,0.24979183537278818,0.0,,24.681122448979593,25.191326530612244,50.12755102040817,,65.6336964042493,50.04166762034098,0.2505102916192722,32.25,2
2021-06-15,749.0,845.0,1605.0,11.933333396911621,12.010000228881836,0.0,3.0,3.0,2.0,648.5120239257812,2021,6,2021-06,1605.0,1594.0,3199.0,2450.0,23.943333625793457,6.0,23.943333625793457,8.0,0.404057335779303,0.2646987852758291,49.72222248713176,0.2513966467053043,50.04166762034098,0.24979183537278818,0.0,,23.413566739606125,26.41450453266646,50.17192872772741,,67.03327218691804,50.04166762034098,0.2505916717267964,31.208333333333332,2
2021-06-16,665.0,1006.0,1667.0,11.941666603088379,12.010000228881836,0.0,3.0,3.0,1.0,718.8800048828125,2021,6,2021-06,1667.0,1671.0,3338.0,2673.0,23.951666831970215,6.0,23.951666831970215,7.0,0.43124175457877173,0.26894126632353627,49.75694417953491,0.25122121557338856,50.04166762034098,0.24979183537278818,0.0,,19.922109047333734,30.137807070101857,49.94008388256441,,69.59849649273349,50.04166762034098,0.2505044864765452,27.708333333333332,2
2021-06-17,752.0,951.0,1706.0,11.939444541931152,12.010000228881836,0.0,3.0,3.0,2.0,707.4240112304688,2021,6,2021-06,1706.0,1703.0,3409.0,2657.0,23.94944477081299,6.0,23.94944477081299,8.0,0.41466823636018096,0.26624915740702626,49.747685591379806,0.2512679705880826,50.04166762034098,0.24979183537278818,0.0,,22.05925491346436,27.89674391317102,50.04400117336463,,71.23338416926849,50.04166762034098,0.2505277286140744,31.333333333333332,2
2021-06-18,675.0,1000.0,1702.0,11.9399995803833,12.010000228881836,0.0,3.0,3.0,1.0,716.3839721679688,2021,6,2021-06,1702.0,1675.0,3377.0,2702.0,23.949999809265137,6.0,23.949999809265137,7.0,0.42090715168505805,0.26513100376312687,49.74999825159709,0.25125629023713025,50.04166762034098,0.24979183537278818,0.0,,19.98815516730826,29.612081729345576,50.39976310334616,,71.06471872878996,50.04166762034098,0.25052192266318435,28.125,2
2021-06-19,792.0,845.0,1647.0,11.84333324432373,12.105555534362793,0.0,3.0,4.0,2.0,660.416015625,2021,6,2021-06,1647.0,1637.0,3284.0,2492.0,23.948888778686523,7.0,23.948888778686523,9.0,0.4009811873861566,0.2650144524979936,49.34722185134888,0.2533070663563266,50.439814726511635,0.33042680186345946,0.0,,24.116930572472594,25.730816077953715,50.1522533495737,,68.77145805051961,50.439814726511635,0.29228913561240877,33.0,2
2021-06-20,712.0,945.0,1654.0,12.34666633605957,11.601666450500488,0.0,3.0,4.0,2.0,694.4320068359375,2021,6,2021-06,1654.0,1657.0,3311.0,2599.0,23.94833278656006,7.0,23.94833278656006,9.0,0.4198500645924652,0.26719199955211137,51.44444306691488,0.2429805680613742,48.34027687708537,0.3447780555548934,0.0,,21.504077318030806,28.541226215644823,49.95469646632437,,69.06535059209776,51.44444306691488,0.2922959214901356,29.666666666666668,2
2021-06-21,480.0,1261.0,1745.0,12.006667137145996,11.942777633666992,0.0,3.0,3.0,3.0,825.5679931640625,2021,6,2021-06,1745.0,1741.0,3486.0,3006.0,23.94944477081299,6.0,23.94944477081299,9.0,0.4731048671427292,0.27464005095278193,50.027779738108315,0.24986117843799113,49.76157347361247,0.25119784459043465,0.0,,13.769363166953527,36.173264486517496,50.05737234652897,,72.86181440525998,50.027779738108315,0.2505277286140744,20.0,2
2021-06-22,739.0,1047.0,1795.0,12.006667137145996,11.942777633666992,0.0,3.0,3.0,1.0,761.1840209960938,2021,6,2021-06,1795.0,1786.0,3581.0,2842.0,23.94944477081299,6.0,23.94944477081299,7.0,0.42405795041565114,0.2678339271625946,50.027779738108315,0.24986117843799113,49.76157347361247,0.25119784459043465,0.0,,20.636693660988552,29.23764311644792,50.12566322256353,,74.94954547704393,50.027779738108315,0.2505277286140744,30.791666666666668,2
2021-06-23,758.0,997.0,1766.0,12.006667137145996,11.94111156463623,0.0,3.0,3.0,1.0,741.6959838867188,2021,6,2021-06,1766.0,1755.0,3521.0,2763.0,23.947778701782227,6.0,23.947778701782227,7.0,0.4199864008418566,0.2684386478055443,50.027779738108315,0.24986117843799113,49.75463151931763,0.25123289266340515,0.0,,21.527975007100256,28.3158193694973,50.15620562340244,,73.74379152203255,50.027779738108315,0.25054515805900074,31.583333333333332,2
2021-06-24,752.0,1023.0,1786.0,12.006667137145996,11.941666603088379,0.0,3.0,3.0,1.0,756.2880249023438,2021,6,2021-06,1786.0,1775.0,3561.0,2809.0,23.948333740234375,6.0,23.948333740234375,7.0,0.4234535413786919,0.2692374599153947,50.027779738108315,0.24986117843799113,49.75694417953491,0.25122121557338856,0.0,,21.117663577646727,28.727885425442288,50.15445099691098,,74.57721357037181,50.027779738108315,0.25053935130024124,31.333333333333332,2
2021-06-25,822.0,1029.0,1864.0,14.10111141204834,9.845000267028809,0.0,4.0,3.0,0.0,777.4400024414062,2021,6,2021-06,1864.0,1851.0,3715.0,2893.0,23.94611167907715,7.0,23.94611167907715,7.0,0.41708154637414496,0.26873142151448537,58.75463088353475,0.28366558373422257,41.02083444595337,0.30472320148604637,0.0,,22.12651413189771,27.69851951547779,50.174966352624494,,77.8414477047923,58.75463088353475,0.29232303322615133,34.25,2
2021-06-26,791.0,1060.0,1860.0,11.939444541931152,12.01111125946045,0.0,3.0,3.0,1.0,780.6400146484375,2021,6,2021-06,1860.0,1851.0,3711.0,2920.0,23.9505558013916,6.0,23.9505558013916,7.0,0.41969893260668684,0.26734247077001283,49.747685591379806,0.2512679705880826,50.04629691441854,0.24976872957005336,0.0,,21.3150094314201,28.563729452977633,50.121261115602266,,77.65999317193,50.04629691441854,0.2505161070062258,32.958333333333336,2
2021-06-27,762.0,1008.0,1779.0,11.921111106872559,12.010555267333984,0.0,3.0,3.0,1.0,744.927978515625,2021,6,2021-06,1779.0,1770.0,3549.0,2787.0,23.931666374206543,6.0,23.931666374206543,7.0,0.41873410821564083,0.26728668048641013,49.671296278635666,0.25165439472084866,50.043980280558266,0.24978029185372694,0.0,,21.47083685545224,28.402366863905325,50.12679628064244,,74.33665387870354,50.043980280558266,0.2507138410748855,31.75,2
2021-06-28,716.0,1042.0,1770.0,11.937222480773926,12.010555267333984,0.0,3.0,3.0,1.0,756.2559814453125,2021,6,2021-06,1770.0,1758.0,3528.0,2812.0,23.94777774810791,6.0,23.94777774810791,7.0,0.4272632663532839,0.26893882697201726,49.738427003224686,0.25131474300925494,50.043980280558266,0.24978029185372694,0.0,,20.294784580498867,29.535147392290252,50.17006802721088,,73.91082457076193,50.043980280558266,0.25054516803648114,29.833333333333332,2
2021-06-29,755.0,1064.0,1829.0,11.937777519226074,12.01111125946045,0.0,3.0,3.0,1.0,773.2160034179688,2021,6,2021-06,1829.0,1819.0,3648.0,2893.0,23.948888778686523,6.0,23.948888778686523,7.0,0.42275341903661495,0.26727134580641854,49.74073966344197,0.25130305830950767,50.04629691441854,0.24976872957005336,0.0,,20.69627192982456,29.166666666666668,50.137061403508774,,76.37097557644223,50.04629691441854,0.2505335448106361,31.458333333333332,2
2021-06-30,768.0,1059.0,1838.0,11.938333511352539,12.01111125946045,0.0,3.0,3.0,1.0,784.8319702148438,2021,6,2021-06,1838.0,1827.0,3665.0,2897.0,23.94944477081299,6.0,23.94944477081299,7.0,0.42700324821264624,0.2709119676268014,49.743056297302246,0.2512913546222515,50.04629691441854,0.24976872957005336,0.0,,20.954979536152795,28.89495225102319,50.150068212824,,76.74499419877813,50.04629691441854,0.2505277286140744,32.0,2
2021-07-01,772.0,1090.0,1872.0,11.938333511352539,12.01111125946045,0.0005555555690079927,3.0,3.0,2.0,793.280029296875,2021,7,2021-07,1872.0,1862.0,3734.0,2962.0,23.94944477081299,6.0,23.950000326381996,8.0,0.4237606994107238,0.2678190510792961,49.743056297302246,0.2512913546222515,50.04629691441854,0.24976872957005336,0.0023148148708666367,3599.9999128282093,20.674879485806105,29.191215854311732,50.13390465988217,1961999.952491374,78.16465132759122,50.04629691441854,0.2505277286140744,32.166666666666664,3
2021-07-02,666.0,1175.0,1845.0,11.938333511352539,12.010555267333984,8.664443969726562,3.0,3.0,5.0,779.2639770507812,2021,7,2021-07,1845.0,1841.0,3686.0,3020.0,23.948888778686523,6.0,32.613332748413086,11.0,0.4223652992145156,0.25803442948701366,49.743056297302246,0.2512913546222515,50.043980280558266,0.24978029185372694,36.10184987386067,0.5770710754746554,18.06836679327184,31.877373846988604,50.05425935973955,135.61170273654403,77.0390650292706,50.043980280558266,0.2505335448106361,27.75,3
2021-07-03,394.0,1486.0,1882.0,11.118888854980469,12.829999923706055,18.66666603088379,3.0,4.0,7.0,855.6160278320312,2021,7,2021-07,1882.0,1880.0,3762.0,3368.0,23.948888778686523,7.0,42.61555480957031,14.0,0.4546312581466691,0.2540427636080853,46.328703562418625,0.26981113303027704,53.458333015441895,0.3117692925788082,77.77777512868246,0.37500001277242434,10.473152578415737,39.50026581605529,50.026581605528975,79.60714556854607,78.58402188893619,53.458333015441895,0.29228913561240877,16.416666666666668,3
2021-07-04,415.0,1478.0,1903.0,12.006667137145996,11.894444465637207,18.557777404785156,3.0,3.0,9.0,850.1119995117188,2021,7,2021-07,1903.0,1893.0,3796.0,3381.0,23.901111602783203,6.0,42.45888900756836,15.0,0.4467220176099415,0.25143803593957964,50.027779738108315,0.24986117843799113,49.56018527348836,0.252218588994798,77.32407251993814,0.4849718694049716,10.932560590094836,38.935721812434146,50.131717597471024,79.64315810894979,79.61972780288605,50.027779738108315,0.25103434935224184,17.291666666666668,3
2021-07-05,453.0,1369.0,1823.0,12.006667137145996,11.9399995803833,17.204999923706055,3.0,3.0,9.0,800.7039794921875,2021,7,2021-07,1823.0,1822.0,3645.0,3192.0,23.946666717529297,6.0,41.15166664123535,15.0,0.43922324711584615,0.2508471113697329,50.027779738108315,0.24986117843799113,49.74999825159709,0.25125629023713025,71.68749968210855,0.5231037512298546,12.427983539094651,37.55829903978052,50.013717421124824,79.56989282596345,76.12750540623419,50.027779738108315,0.2505567923408695,18.875,3
2021-07-06,622.0,1120.0,1754.0,12.006667137145996,11.940555572509766,14.081110954284668,3.0,3.0,8.0,716.0640258789062,2021,7,2021-07,1754.0,1742.0,3496.0,2874.0,23.94722270965576,6.0,38.02833366394043,14.0,0.40824630893894315,0.24915240983956377,50.027779738108315,0.24986117843799113,49.75231488545735,0.25124459090553314,58.67129564285278,0.568136990467057,17.79176201372998,32.036613272311214,50.171624713958806,79.53917866538798,73.24440171063218,50.027779738108315,0.2505509750648763,25.916666666666668,3
2021-07-07,588.0,1210.0,1807.0,12.030555725097656,11.917778015136719,15.230555534362793,3.0,3.0,6.0,752.2239990234375,2021,7,2021-07,1807.0,1798.0,3605.0,3017.0,23.948333740234375,6.0,39.17888927459717,12.0,0.4162833420162908,0.24932847166835848,50.127315521240234,0.2493650392011004,49.657408396403,0.251724775892764,63.46064805984497,0.3939449212120301,16.310679611650485,33.56449375866852,50.124826629680996,79.44555911109275,75.45410129992266,50.127315521240234,0.25053935130024124,24.5,3
2021-07-08,605.0,1180.0,1791.0,12.008333206176758,11.94111156463623,14.842778205871582,3.0,3.0,7.0,747.4559936523438,2021,7,2021-07,1791.0,1785.0,3576.0,2971.0,23.94944477081299,6.0,38.79222297668457,13.0,0.4173400299566408,0.2515839763218929,50.03472169240316,0.24982651201391398,49.75463151931763,0.25123289266340515,61.84490919113159,0.4716098228316114,16.918344519015662,32.997762863534675,50.08389261744966,79.49994156304307,74.78252699130121,50.03472169240316,0.2505277286140744,25.208333333333332,3
2021-07-09,323.0,1469.0,1802.0,12.008333206176758,11.941666603088379,18.464445114135742,3.0,3.0,15.0,826.6240234375,2021,7,2021-07,1802.0,1792.0,3594.0,3271.0,23.949999809265137,6.0,42.41444492340088,21.0,0.4587258731617647,0.2527129389903699,50.03472169240316,0.24982651201391398,49.75694417953491,0.25122121557338856,76.93518797556558,0.8123720971455848,8.987200890372844,40.87367835281024,50.139120756816915,79.5583073804576,75.2400841065097,50.03472169240316,0.25052192266318435,13.458333333333334,3
2021-07-10,321.0,1554.0,1877.0,12.008333206176758,11.941666603088379,19.543888092041016,3.0,3.0,11.0,874.656005859375,2021,7,2021-07,1877.0,1875.0,3752.0,3431.0,23.949999809265137,6.0,43.49388790130615,17.0,0.4659861512303543,0.25492742811407026,50.03472169240316,0.24982651201391398,49.75694417953491,0.25122121557338856,81.4328670501709,0.5628358056593458,8.55543710021322,41.417910447761194,50.02665245202559,79.51334927223849,78.37160813979949,50.03472169240316,0.25052192266318435,13.375,3
2021-07-11,324.0,1486.0,1820.0,12.008333206176758,11.939444541931152,18.669445037841797,3.0,3.0,14.0,836.2239990234375,2021,7,2021-07,1820.0,1810.0,3630.0,3306.0,23.94777774810791,6.0,42.61722278594971,20.0,0.4594637357271635,0.2529413185188861,50.03472169240316,0.24982651201391398,49.747685591379806,0.2512679705880826,77.78935432434082,0.7498883856281146,8.925619834710744,40.9366391184573,50.13774104683195,79.59529578881273,75.99870097106594,50.03472169240316,0.25054516803648114,13.5,3
2021-07-12,349.0,1471.0,1812.0,12.008333206176758,11.939444541931152,18.485000610351562,3.0,3.0,15.0,832.0640258789062,2021,7,2021-07,1812.0,1820.0,3632.0,3283.0,23.94777774810791,6.0,42.43277835845947,21.0,0.4591964822731271,0.2534462460794719,50.03472169240316,0.24982651201391398,49.747685591379806,0.2512679705880826,77.02083587646484,0.8114687316591177,9.609030837004404,40.5011013215859,49.88986784140969,79.57803361803748,75.6646407470173,50.03472169240316,0.25054516803648114,14.541666666666666,3
2021-07-13,309.0,1571.0,1883.0,12.008333206176758,11.937222480773926,19.75,3.0,3.0,9.0,881.6640014648438,2021,7,2021-07,1883.0,1880.0,3763.0,3454.0,23.945555686950684,6.0,43.695555686950684,15.0,0.4682230491050684,0.2552588307657336,50.03472169240316,0.24982651201391398,49.738427003224686,0.25131474300925494,82.29166666666666,0.45569620253164556,8.211533351049695,41.74860483656657,50.039861812383734,79.54430379746836,78.63672176236676,50.03472169240316,0.25056841772395144,12.875,3
2021-07-14,416.0,1419.0,1806.0,12.005000114440918,8.896666526794434,17.823333740234375,3.0,3.0,10.0,789.1519775390625,2021,7,2021-07,1806.0,1835.0,3641.0,3225.0,20.90166664123535,6.0,38.72500038146973,16.0,0.43696122787323505,0.24469828760901163,50.020833810170494,0.24989587433583396,37.06944386164348,0.3372049509740288,74.2638905843099,0.5610622651039749,11.425432573468827,38.972809667673715,49.60175775885746,79.61473541825404,86.40459304030216,50.020833810170494,0.28705844863887764,17.333333333333332,3
2021-07-15,290.0,1646.0,1927.0,12.006667137145996,11.942222595214844,20.677221298217773,3.0,3.0,9.0,907.10400390625,2021,7,2021-07,1927.0,1936.0,3863.0,3573.0,23.94888973236084,6.0,44.62611103057861,15.0,0.4707337851096264,0.2538774150311363,50.027779738108315,0.24986117843799113,49.75926081339519,0.25120951950787423,86.15508874257407,0.43526157940650056,7.507118819570283,42.60937095521615,49.88351022521356,79.60450663367777,80.46302027087916,50.027779738108315,0.2505335348340815,12.083333333333334,3
2021-07-16,295.0,1628.0,1935.0,12.006667137145996,11.942222595214844,20.450000762939453,3.0,3.0,10.0,903.135986328125,2021,7,2021-07,1935.0,1923.0,3858.0,3563.0,23.94888973236084,6.0,44.39889049530029,16.0,0.4667369438388243,0.2534762801931308,50.027779738108315,0.24986117843799113,49.75926081339519,0.25120951950787423,85.20833651224771,0.48899753676892355,7.646448937273198,42.19803006739243,50.15552099533437,79.60879898598075,80.79706498399126,50.027779738108315,0.2505335348340815,12.291666666666666,3
2021-07-17,304.0,1627.0,1923.0,12.006667137145996,11.942777633666992,20.422222137451172,3.0,3.0,10.0,900.2239990234375,2021,7,2021-07,1923.0,1931.0,3854.0,3550.0,23.94944477081299,6.0,44.37166690826416,16.0,0.4681352049003835,0.25358422507702466,50.027779738108315,0.24986117843799113,49.76157347361247,0.25119784459043465,85.09259223937988,0.48966267885518483,7.887908666320706,42.21587960560457,49.89621172807473,79.66811784973858,80.29413702081085,50.027779738108315,0.2505277286140744,12.666666666666666,3
2021-07-18,298.0,1599.0,1906.0,12.006667137145996,11.9399995803833,20.05666732788086,3.0,3.0,11.0,886.8800048828125,2021,7,2021-07,1906.0,1897.0,3803.0,3505.0,23.946666717529297,6.0,44.003334045410156,17.0,0.4653095513550958,0.2530328116641405,50.027779738108315,0.24986117843799113,49.74999825159709,0.25125629023713025,83.56944719950357,0.5484460513890487,7.8359190113068635,42.04575335261636,50.11832763607678,79.7241123791899,79.59354103361622,50.027779738108315,0.2505567923408695,12.416666666666666,3
2021-07-19,311.0,1580.0,1890.0,12.006667137145996,11.940555572509766,19.829444885253906,3.0,3.0,11.0,876.47998046875,2021,7,2021-07,1890.0,1891.0,3781.0,3470.0,23.94722270965576,6.0,43.77666759490967,17.0,0.463746021412037,0.252587890625,50.027779738108315,0.24986117843799113,49.75231488545735,0.25124459090553314,82.62268702189127,0.5547306071175048,8.225337212377678,41.78788680243321,49.986775985189105,79.67948720415069,78.92355714543604,50.027779738108315,0.2505509750648763,12.958333333333334,3
2021-07-20,313.0,1538.0,1853.0,12.006667137145996,11.939444541931152,19.307222366333008,3.0,3.0,14.0,851.583984375,2021,7,2021-07,1853.0,1851.0,3704.0,3391.0,23.94611167907715,6.0,43.253334045410156,20.0,0.4595704179033999,0.2511306353214391,50.027779738108315,0.24986117843799113,49.747685591379806,0.2512679705880826,80.44675985972086,0.7251172506518865,8.450323974082073,41.522678185745136,50.02699784017278,79.65930939304296,77.38208293829406,50.027779738108315,0.25056259990812974,13.041666666666666,3
2021-07-21,328.0,1531.0,1872.0,12.15999984741211,11.78499984741211,19.224445343017578,3.0,3.0,13.0,858.5919799804688,2021,7,2021-07,1872.0,1859.0,3731.0,3403.0,23.94499969482422,6.0,43.1694450378418,19.0,0.4586495619553786,0.25230443137833347,50.66666603088379,0.24671052941159863,49.10416603088379,0.25456088577368763,80.10185559590658,0.6762223704270183,8.791208791208792,41.03457518091665,50.174216027874564,79.63818839413577,78.17916157270356,50.66666603088379,0.2505742358099473,13.666666666666666,3
2021-07-22,325.0,1570.0,1891.0,11.851666450500488,12.095555305480957,19.72944450378418,4.0,3.0,13.0,877.9199829101562,2021,7,2021-07,1891.0,1895.0,3786.0,3461.0,23.947221755981445,7.0,43.676666259765625,20.0,0.4642622860445036,0.2536607867408715,49.38194354375203,0.33750527967576094,50.398147106170654,0.24802499134873005,82.20601876576742,0.6589136352777978,8.584257791864765,41.46856840993133,49.947173798203906,79.57649287585711,78.96531878599542,50.398147106170654,0.29230948254995665,13.541666666666666,3
2021-07-23,321.0,1533.0,1869.0,13.478888511657715,10.469444274902344,19.266111373901367,3.0,4.0,12.0,859.8079833984375,2021,7,2021-07,1869.0,1854.0,3723.0,3402.0,23.94833278656006,7.0,43.214444160461426,19.0,0.4600363742099719,0.2527360327449846,56.16203546524048,0.2225702807323719,43.622684478759766,0.38206421419988035,80.27546405792236,0.6228553218194136,8.62207896857373,41.17647058823529,50.20145044319098,79.56976736243008,78.04301103786621,56.16203546524048,0.2922959214901356,13.375,3
2021-07-24,317.0,1581.0,1857.0,12.006667137145996,11.939444541931152,19.877777099609375,3.0,3.0,10.0,887.6160278320312,2021,7,2021-07,1857.0,1898.0,3755.0,3438.0,23.94611167907715,6.0,43.82388877868652,16.0,0.4779838598987783,0.2581780185666176,50.027779738108315,0.24986117843799113,49.747685591379806,0.2512679705880826,82.8240712483724,0.5030743603718403,8.442077230359521,42.103861517976036,49.45406125166445,79.53605637478795,77.54912467156615,50.027779738108315,0.25056259990812974,13.208333333333334,3
2021-07-25,321.0,1481.0,1814.0,12.006667137145996,11.936666488647461,18.599445343017578,3.0,3.0,14.0,833.4080200195312,2021,7,2021-07,1814.0,1802.0,3616.0,3295.0,23.943333625793457,6.0,42.542778968811035,20.0,0.45943110254659936,0.25293111381472877,50.027779738108315,0.24986117843799113,49.736110369364425,0.25132644887525285,77.4976889292399,0.752710618075272,8.877212389380531,40.95685840707964,50.165929203539825,79.62603038353413,75.76221541873478,50.027779738108315,0.2505916717267964,13.375,3
2021-07-26,332.0,1554.0,1891.0,12.006667137145996,11.940555572509766,19.528888702392578,3.0,3.0,11.0,880.2559814453125,2021,7,2021-07,1891.0,1886.0,3777.0,3445.0,23.94722270965576,6.0,43.47611141204834,17.0,0.46549761049461263,0.25551697574609944,50.027779738108315,0.24986117843799113,49.75231488545735,0.25124459090553314,81.3703695933024,0.56326809823297,8.790045009266615,41.14376489277204,50.066190097961346,79.57442042309412,78.96531564128017,50.027779738108315,0.2505509750648763,13.833333333333334,3
2021-07-27,324.0,1658.0,1976.0,12.006667137145996,11.940555572509766,20.827777862548828,3.0,3.0,8.0,922.27197265625,2021,7,2021-07,1976.0,1982.0,3958.0,3634.0,23.94722270965576,6.0,44.77500057220459,14.0,0.466736828267333,0.2537897558217529,50.027779738108315,0.24986117843799113,49.75231488545735,0.25124459090553314,86.78240776062012,0.3841024257506167,8.185952501263264,41.889843355229914,49.92420414350682,79.60522773681532,82.51478778803259,50.027779738108315,0.2505509750648763,13.5,3
2021-07-28,394.0,1673.0,2035.0,12.006667137145996,11.907777786254883,21.012222290039062,3.0,3.0,9.0,949.5679931640625,2021,7,2021-07,2035.0,2067.0,4102.0,3708.0,23.91444492340088,6.0,44.92666721343994,15.0,0.4666181784589988,0.25608629804856053,50.027779738108315,0.24986117843799113,49.61574077606201,0.2519361759893515,87.5509262084961,0.4283221391707097,9.605070697220867,40.784982935153586,49.60994636762555,79.62032653695526,85.09501293123061,50.027779738108315,0.25089438702082734,16.416666666666668,3
2021-07-29,362.0,1555.0,1871.0,10.241110801696777,11.262777328491211,19.543888092041016,4.0,2.0,8.0,869.823974609375,2021,7,2021-07,1871.0,1917.0,3788.0,3426.0,21.50388813018799,6.0,41.047776222229004,14.0,0.4648979019825628,0.2538890760681188,42.6712950070699,0.39058263087411066,46.92823886871338,0.17757609350409886,81.4328670501709,0.40933513138861516,9.55649419218585,41.050686378035905,49.39281942977824,79.56451616366206,87.00752108979854,46.92823886871338,0.2790193086792043,15.083333333333334,3
2021-07-30,308.0,1670.0,1984.0,11.929444313049316,12.010000228881836,20.98055648803711,3.0,3.0,8.0,921.1519775390625,2021,7,2021-07,1984.0,1978.0,3962.0,3654.0,23.939444541931152,6.0,44.92000102996826,14.0,0.4642903112596081,0.2520941372575431,49.70601797103882,0.25147860380373094,50.04166762034098,0.24979183537278818,87.41898536682129,0.38130542459927197,7.773851590106007,42.15042907622413,50.075719333669866,79.59750738509803,82.87577418619398,50.04166762034098,0.2506323816114737,12.833333333333334,3
2021-07-31,311.0,1648.0,1978.0,11.935555458068848,12.010000228881836,20.69444465637207,3.0,3.0,10.0,913.5360107421875,2021,7,2021-07,1978.0,1959.0,3937.0,3626.0,23.945555686950684,6.0,44.640000343322754,16.0,0.46184833707896233,0.2519404331886893,49.731481075286865,0.2513498437956565,50.04166762034098,0.24979183537278818,86.22685273488364,0.48322147156149364,7.899415798831598,41.85928371856743,50.24130048260097,79.63489851333415,82.604055042996,50.04166762034098,0.25056841772395144,12.958333333333334,3
2021-08-01,268.0,1689.0,1951.0,11.936111450195312,12.010000228881836,21.213333129882812,3.0,3.0,8.0,916.5440063476562,2021,8,2021-08,1951.0,1957.0,3908.0,3640.0,23.94611167907715,6.0,45.15944480895996,14.0,0.4697816536892139,0.2517978039416638,49.73379770914714,0.2513381357503084,50.04166762034098,0.24979183537278818,88.38888804117838,0.3771213109707194,6.857727737973388,43.21903787103378,49.92323439099284,79.61973677869312,81.47460540346019,50.04166762034098,0.25056259990812974,11.166666666666666,3
2021-08-02,318.0,1709.0,1973.0,14.845555305480957,9.097222328186035,21.45722198486328,3.0,3.0,7.0,946.0479736328125,2021,8,2021-08,1973.0,2027.0,4000.0,3682.0,23.942777633666992,6.0,45.39999961853027,13.0,0.479497199002946,0.25693861315394145,61.85648043950399,0.20208068598770465,37.905093034108475,0.32977098852526265,89.40509160359701,0.3262304880351268,7.95,42.725,49.325,79.64684343600453,82.4048082552326,61.85648043950399,0.2505974908927499,13.25,3
2021-08-03,308.0,1690.0,2003.0,11.918889045715332,12.010000228881836,21.22222137451172,3.0,3.0,8.0,930.3359985351562,2021,8,2021-08,2003.0,1998.0,4001.0,3693.0,23.928889274597168,6.0,45.15111064910889,14.0,0.4644712923290845,0.25191876483486497,49.662037690480545,0.2517013111283603,50.04166762034098,0.24979183537278818,88.42592239379883,0.37696336584294365,7.6980754811297185,42.239440139965005,50.06248437890527,79.63351103432186,83.70635080527445,50.04166762034098,0.25074293800881015,12.833333333333334,3
2021-08-04,299.0,1609.0,1923.0,11.9350004196167,12.010000228881836,20.184444427490234,3.0,3.0,11.0,886.7839965820312,2021,8,2021-08,1923.0,1908.0,3831.0,3532.0,23.945000648498535,6.0,44.12944507598877,17.0,0.46114612406761896,0.2510713467106544,49.72916841506958,0.2513615328466278,50.04166762034098,0.24979183537278818,84.10185178120932,0.5449741279486758,7.804750717828243,41.9994779430958,50.195771339075954,79.71485198812904,80.30903937856361,50.04166762034098,0.25057422583015165,12.458333333333334,3
2021-08-05,287.0,1662.0,1945.0,15.0649995803833,8.878889083862305,20.844999313354492,5.0,5.0,8.0,906.9760131835938,2021,8,2021-08,1945.0,1949.0,3894.0,3607.0,23.943888664245605,10.0,44.7888879776001,18.0,0.46631157490159064,0.25144885311438697,62.77083158493042,0.33189513038624224,36.9953711827596,0.5631335128498989,86.85416380564371,0.3837850929970885,7.370313302516693,42.68104776579353,49.94863893168978,79.73135307014513,81.2315838614964,62.77083158493042,0.41764310468635685,11.958333333333334,3
2021-08-06,319.0,1641.0,1965.0,18.150554656982422,5.773889064788818,20.568889617919922,4.0,5.0,7.0,902.4639892578125,2021,8,2021-08,1965.0,1960.0,3925.0,3606.0,23.92444372177124,9.0,44.49333333969116,16.0,0.4592692057291667,0.250267329245095,75.6273110707601,0.22037894023592394,24.057871103286743,0.8659674517288074,85.70370674133301,0.3403197805048988,8.127388535031848,41.808917197452224,50.06369426751592,79.78067997264843,82.13357112298708,75.6273110707601,0.3761842952197882,13.291666666666666,3
2021-08-07,348.0,1579.0,1944.0,12.006667137145996,11.850000381469727,19.79277801513672,3.0,3.0,8.0,882.8159790039062,2021,8,2021-08,1944.0,1927.0,3871.0,3523.0,23.856667518615723,6.0,43.64944553375244,14.0,0.4541234459896637,0.2505864260584463,50.027779738108315,0.24986117843799113,49.3750015894572,0.2531645488122691,82.46990839640299,0.40418783022180726,8.989925083957633,40.790493412554895,50.219581503487476,79.77657299002921,81.48665351030554,50.027779738108315,0.2515020170071159,14.5,3
2021-08-08,363.0,1555.0,1912.0,12.006667137145996,11.918889045715332,19.50666618347168,3.0,3.0,9.0,869.2479858398438,2021,8,2021-08,1912.0,1918.0,3830.0,3467.0,23.925556182861328,6.0,43.43222236633301,15.0,0.45462760765682203,0.2507205035592281,50.027779738108315,0.24986117843799113,49.662037690480545,0.2517013111283603,81.27777576446533,0.46138073596737145,9.47780678851175,40.60052219321149,49.92167101827676,79.71633826991807,79.91454766554723,50.027779738108315,0.25077786924334905,15.125,3
2021-08-09,298.0,1653.0,1954.0,12.006667137145996,11.936666488647461,20.74333381652832,3.0,3.0,7.0,905.1199951171875,2021,8,2021-08,1954.0,1951.0,3905.0,3607.0,23.943333625793457,6.0,44.68666744232178,13.0,0.4632139176648861,0.2509342930737975,50.027779738108315,0.24986117843799113,49.736110369364425,0.25132644887525285,86.43055756886801,0.3374578099120398,7.631241997439181,42.3303457106274,50.03841229193342,79.68825139780024,81.60935442569337,50.027779738108315,0.2505916717267964,12.416666666666666,3
2021-08-10,332.0,1596.0,1949.0,12.006667137145996,11.9399995803833,20.031665802001953,3.0,3.0,8.0,888.0,2021,8,2021-08,1949.0,1928.0,3877.0,3545.0,23.946666717529297,6.0,43.97833251953125,14.0,0.45561826577732173,0.25049365303244003,50.027779738108315,0.24986117843799113,49.74999825159709,0.25125629023713025,83.46527417500815,0.3993676850978856,8.563322156306423,41.165849883930875,50.2708279597627,79.67385317702818,81.38919804539246,50.027779738108315,0.2505567923408695,13.833333333333334,3
2021-08-11,368.0,1550.0,1916.0,8.606666564941406,15.337778091430664,19.43833351135254,4.0,4.0,9.0,869.2160034179688,2021,8,2021-08,1916.0,1918.0,3834.0,3466.0,23.94444465637207,8.0,43.38277816772461,17.0,0.45366179719100663,0.2507836132192639,35.86111068725586,0.46475600859149024,63.907408714294434,0.26079396742836114,80.99305629730225,0.46300265373797317,9.598330725091289,40.42775169535733,49.97391757955138,79.73934592153982,80.01856077669005,63.907408714294434,0.33410672558116933,15.333333333333334,3
2021-08-12,350.0,1603.0,1951.0,11.9350004196167,12.010000228881836,20.106111526489258,3.0,3.0,8.0,891.072021484375,2021,8,2021-08,1951.0,1953.0,3904.0,3554.0,23.945000648498535,6.0,44.05111217498779,14.0,0.4567257926624167,0.2507236976602068,49.72916841506958,0.2513615328466278,50.04166762034098,0.24979183537278818,83.77546469370523,0.39788896970258103,8.96516393442623,41.06045081967213,49.97438524590164,79.72700230415468,81.47838576577098,50.04166762034098,0.25057422583015165,14.583333333333334,3
2021-08-13,283.0,1632.0,1931.0,11.9350004196167,12.010000228881836,20.47888946533203,3.0,3.0,7.0,891.6480102539062,2021,8,2021-08,1931.0,1915.0,3846.0,3563.0,23.945000648498535,6.0,44.423890113830566,13.0,0.46175453664107,0.2502520376800186,49.72916841506958,0.2513615328466278,50.04166762034098,0.24979183537278818,85.32870610555014,0.34181541005189986,7.358294331773271,42.43369734789392,50.20800832033281,79.69182131495722,80.64313834633714,50.04166762034098,0.25057422583015165,11.791666666666666,3
2021-08-14,346.0,1589.0,1936.0,11.91333293914795,12.030555725097656,19.931110382080078,3.0,4.0,9.0,884.7039794921875,2021,8,2021-08,1936.0,1935.0,3871.0,3525.0,23.943888664245605,7.0,43.874999046325684,16.0,0.4569751960186919,0.25097985233820924,49.638887246449784,0.2518186988749231,50.127315521240234,0.33248671893480053,83.04629325866699,0.4515553738587408,8.938258847842935,41.048824593128394,50.012916559028675,79.72460989572657,80.85570506727868,50.127315521240234,0.29235017328044977,14.416666666666666,3
2021-08-15,383.0,1422.0,1809.0,11.9350004196167,12.010555267333984,17.81277847290039,3.0,3.0,15.0,800.1599731445312,2021,8,2021-08,1809.0,1805.0,3614.0,3231.0,23.945555686950684,6.0,41.758334159851074,21.0,0.4423217098643069,0.24765087376803815,49.72916841506958,0.2513615328466278,50.043980280558266,0.24978029185372694,74.21991030375162,0.8420920982552142,10.597675705589376,39.346983951300494,50.055340343110124,79.8303309145943,75.54637794377136,50.043980280558266,0.25056841772395144,15.958333333333334,3
2021-08-16,384.0,1516.0,1911.0,11.935555458068848,12.01111125946045,19.016111373901367,3.0,3.0,9.0,857.6640014648438,2021,8,2021-08,1911.0,1900.0,3811.0,3427.0,23.946666717529297,6.0,42.962778091430664,15.0,0.4488037684274431,0.2502667060008298,49.731481075286865,0.2513498437956565,50.04629691441854,0.24976872957005336,79.2337973912557,0.4732828822380603,10.076095512988717,39.779585410653375,50.14431907635791,79.72187216365549,79.80233836056695,50.04629691441854,0.2505567923408695,16.0,3
2021-08-17,334.0,1535.0,1872.0,12.200555801391602,11.742777824401855,19.240554809570312,3.0,3.0,11.0,846.7520141601562,2021,8,2021-08,1872.0,1869.0,3741.0,3407.0,23.943333625793457,6.0,43.18388843536377,17.0,0.45232479388897234,0.24853302440861647,50.835649172465004,0.24589043719285464,48.928240935007736,0.25547617819745405,80.16897837320963,0.571709085775872,8.928094092488639,41.03180967655707,50.04009623095429,79.77940424236031,78.18460157876048,50.835649172465004,0.2505916717267964,13.916666666666666,3
2021-08-18,363.0,1452.0,1821.0,11.391666412353516,12.012222290039062,18.195554733276367,4.0,4.0,12.0,811.135986328125,2021,8,2021-08,1821.0,1815.0,3636.0,3273.0,23.403888702392578,8.0,41.599443435668945,20.0,0.44543436920819607,0.247826454729033,47.46527671813965,0.3511338776267414,50.050926208496094,0.3329941707220099,75.81481138865152,0.6595017396229299,9.983498349834983,39.93399339933993,50.082508250825086,79.79971049437451,77.807582455895,50.050926208496094,0.3418235363246348,15.125,3
2021-08-19,379.0,1414.0,1812.0,12.851666450500488,11.089444160461426,17.72222137451172,3.0,4.0,13.0,798.3679809570312,2021,8,2021-08,1812.0,1793.0,3605.0,3226.0,23.941110610961914,7.0,41.66333198547363,20.0,0.4406004309917391,0.2474792253431591,53.5486102104187,0.23343276232345492,46.206017335255936,0.3607033808116098,73.84258906046549,0.7335423548368905,10.513176144244106,39.22330097087379,50.26352288488211,79.7868376722587,75.68571188883526,53.5486102104187,0.29238409670079846,15.791666666666666,3
2021-08-20,372.0,1432.0,1810.0,12.008333206176758,11.936666488647461,17.954444885253906,3.0,3.0,9.0,810.5599975585938,2021,8,2021-08,1810.0,1804.0,3614.0,3242.0,23.94499969482422,6.0,41.899444580078125,15.0,0.4478232030710463,0.2500185063413306,50.03472169240316,0.24982651201391398,49.736110369364425,0.25132644887525285,74.81018702189127,0.5012686305546408,10.293303818483675,39.62368566685113,50.08301051466519,79.75740877269395,75.5898944693341,50.03472169240316,0.2505742358099473,15.5,3
2021-08-21,379.0,1448.0,1818.0,12.008333206176758,11.938333511352539,18.149999618530273,3.0,3.0,12.0,817.9520263671875,2021,8,2021-08,1818.0,1827.0,3645.0,3266.0,23.946666717529297,6.0,42.09666633605957,18.0,0.4499186063625894,0.2504445885998737,50.03472169240316,0.24982651201391398,49.743056297302246,0.2512913546222515,75.62499841054282,0.6611570386893331,10.397805212620028,39.72565157750343,49.876543209876544,79.7796160018462,75.91870807928348,50.03472169240316,0.2505567923408695,15.791666666666666,3
2021-08-22,383.0,1423.0,1810.0,12.008333206176758,11.936111450195312,17.823888778686523,3.0,3.0,13.0,803.10400390625,2021,8,2021-08,1810.0,1806.0,3616.0,3233.0,23.94444465637207,6.0,41.768333435058594,19.0,0.44370386956146407,0.24840829072262605,50.03472169240316,0.24982651201391398,49.73379770914714,0.2513381357503084,74.26620324452719,0.7293582316079732,10.591814159292037,39.35287610619469,50.05530973451327,79.83667412139583,75.59164666273956,50.03472169240316,0.250580044185877,15.958333333333334,3
2021-08-23,407.0,1344.0,1768.0,12.008333206176758,11.936111450195312,16.837778091430664,3.0,3.0,15.0,770.6240234375,2021,8,2021-08,1768.0,1751.0,3519.0,3112.0,23.94444465637207,6.0,40.782222747802734,21.0,0.43587331642392535,0.2476298275827442,50.03472169240316,0.24982651201391398,49.73379770914714,0.2513381357503084,70.15740871429443,0.8908538833656459,11.565785734583688,38.192668371696506,50.24154589371981,79.82050794956187,73.83758635343843,50.03472169240316,0.250580044185877,16.958333333333332,3
2021-08-24,390.0,1362.0,1763.0,12.008333206176758,11.906110763549805,17.07111167907715,3.0,3.0,13.0,779.6480102539062,2021,8,2021-08,1763.0,1752.0,3515.0,3125.0,23.914443969726562,6.0,40.98555564880371,19.0,0.44222802623590823,0.24948736328125,50.03472169240316,0.24982651201391398,49.60879484812419,0.2519714505919438,71.12963199615479,0.7615204120498595,11.095305832147938,38.74822190611664,50.156472261735416,79.78390778553144,73.72113699284802,50.03472169240316,0.25089439702614186,16.25,3
2021-08-25,456.0,1273.0,1731.0,12.008333206176758,11.937222480773926,15.953888893127441,3.0,3.0,13.0,745.280029296875,2021,8,2021-08,1731.0,1729.0,3460.0,3004.0,23.945555686950684,6.0,39.899444580078125,19.0,0.43054883263828714,0.24809588192306092,50.03472169240316,0.24982651201391398,49.738427003224686,0.25131474300925494,66.47453705469766,0.8148483474521433,13.179190751445086,36.79190751445087,50.028901734104046,79.79245740819835,72.28898851336,50.03472169240316,0.25056841772395144,19.0,3
2021-08-26,550.0,925.0,1494.0,9.973889350891113,9.131667137145996,11.57277774810791,5.0,5.0,16.0,548.7680053710938,2021,8,2021-08,1494.0,1475.0,2969.0,2419.0,19.10555648803711,10.0,30.67833423614502,26.0,0.36731459529524346,0.22685738130264313,41.55787229537964,0.5013089502094062,38.04861307144165,0.5475451442662523,48.21990728378296,1.382554849687312,18.52475581003705,31.155271135062314,50.319973054900636,79.92895224754773,78.1971465178449,41.55787229537964,0.5234079418865121,22.916666666666668,3
2021-08-27,622.0,736.0,1364.0,6.957221984863281,9.527222633361816,9.196666717529297,2.0,2.0,13.0,468.8320007324219,2021,8,2021-08,1364.0,1358.0,2722.0,2100.0,16.484444618225098,4.0,25.681111335754395,17.0,0.34371847561027996,0.22325333368210565,28.98842493693034,0.287471063069623,39.6967609723409,0.20992476789579037,38.31944465637207,1.4135556282822954,22.850844966936076,27.03894195444526,50.110213078618656,80.0289955704438,82.74467424228355,39.6967609723409,0.24265300364306028,25.916666666666668,3
2021-08-28,683.0,867.0,1546.0,11.932222366333008,12.010000228881836,10.841666221618652,3.0,3.0,14.0,593.6959838867188,2021,8,2021-08,1546.0,1550.0,3096.0,2413.0,23.942222595214844,6.0,34.783888816833496,20.0,0.3840206881544106,0.24604060666668826,49.7175931930542,0.25142005469698225,50.04166762034098,0.24979183537278818,45.173609256744385,1.291314426566972,22.060723514211887,28.003875968992247,49.935400516795866,79.96925770239748,64.5721170560409,50.04166762034098,0.25060330034685985,28.458333333333332,3
2021-08-29,655.0,845.0,1521.0,11.932222366333008,12.010000228881836,10.563333511352539,3.0,3.0,15.0,578.5280151367188,2021,8,2021-08,1521.0,1500.0,3021.0,2366.0,23.942222595214844,6.0,34.50555610656738,21.0,0.38036029923518655,0.24451733522261992,49.7175931930542,0.25142005469698225,50.04166762034098,0.24979183537278818,44.013889630635575,1.4200062872084198,21.681562396557432,27.970870572658058,50.34756703078451,79.99368751274099,63.527936637928974,50.04166762034098,0.25060330034685985,27.291666666666668,3
2021-08-30,656.0,852.0,1499.0,11.932777404785156,12.010000228881836,10.65666675567627,3.0,3.0,15.0,577.3759765625,2021,8,2021-08,1499.0,1508.0,3007.0,2351.0,23.942777633666992,6.0,34.59944438934326,21.0,0.3851741004419613,0.2455873996437686,49.719905853271484,0.2514083602026274,50.04166762034098,0.24979183537278818,44.40277814865112,1.4075695847400178,21.815763219155304,28.333887595610243,49.85034918523446,79.94995241323302,62.60760647470535,50.04166762034098,0.2505974908927499,27.333333333333332,3
2021-08-31,661.0,827.0,1497.0,11.933333396911621,12.010000228881836,10.347777366638184,3.0,3.0,15.0,571.2000122070312,2021,8,2021-08,1497.0,1488.0,2985.0,2324.0,23.943333625793457,6.0,34.29111099243164,21.0,0.3815631344068345,0.24578313778271568,49.72222248713176,0.2513966467053043,50.04166762034098,0.24979183537278818,43.1157390276591,1.449586656972428,22.144053601340033,27.705192629815745,50.150753768844226,79.92054435441321,62.52262209583571,50.04166762034098,0.2505916717267964,27.541666666666668,3
2021-09-01,653.0,870.0,1531.0,11.933333396911621,12.010000228881836,10.894444465637207,3.0,3.0,13.0,592.447998046875,2021,9,2021-09,1531.0,1523.0,3054.0,2401.0,23.943333625793457,6.0,34.837778091430664,19.0,0.3869679934989386,0.24675051980294668,49.72222248713176,0.2513966467053043,50.04166762034098,0.24979183537278818,45.3935186068217,1.193268738117308,21.381794368041913,28.487229862475445,50.130975769482646,79.85721555092753,63.942641568954215,50.04166762034098,0.2505916717267964,27.208333333333332,3
2021-09-02,647.0,921.0,1584.0,11.93388843536377,12.010000228881836,11.5377779006958,3.0,3.0,13.0,616.5120239257812,2021,9,2021-09,1584.0,1568.0,3152.0,2505.0,23.943888664245605,6.0,35.481666564941406,19.0,0.3892121363167811,0.2461125844015095,49.724535147349044,0.2513849543883853,50.04166762034098,0.24979183537278818,48.0740745862325,1.1267334240517854,20.526649746192895,29.21954314720812,50.25380710659898,79.82472950397649,66.15466778231892,50.04166762034098,0.2505858628118141,26.958333333333332,3
2021-09-03,640.0,895.0,1546.0,11.931666374206543,12.010000228881836,11.208333015441895,3.0,3.0,14.0,600.47998046875,2021,9,2021-09,1546.0,1535.0,3081.0,2441.0,23.94166660308838,6.0,35.14999961853027,20.0,0.38840878426180464,0.24599753398965588,49.715276559193924,0.2514317703757871,50.04166762034098,0.24979183537278818,46.70138756434123,1.2490706673964793,20.772476468679,29.04901006166829,50.17851346965271,79.8513033799892,64.57361660029851,50.04166762034098,0.2506091200529049,26.666666666666668,3
2021-09-04,815.0,714.0,1543.0,11.931666374206543,12.010000228881836,8.943333625793457,3.0,3.0,12.0,550.176025390625,2021,9,2021-09,1543.0,1529.0,3072.0,2257.0,23.94166660308838,6.0,32.885000228881836,18.0,0.3565625569608717,0.24376430012876607,49.715276559193924,0.2514317703757871,50.04166762034098,0.24979183537278818,37.26389010747273,1.3417815438966534,26.529947916666668,23.2421875,50.227864583333336,79.83600186185087,64.44831204027204,50.04166762034098,0.2506091200529049,33.958333333333336,3
2021-09-05,1136.0,402.0,1552.0,11.920555114746094,12.010000228881836,5.031111240386963,3.0,3.0,6.0,465.1520080566406,2021,9,2021-09,1552.0,1538.0,3090.0,1954.0,23.93055534362793,6.0,28.961666584014893,12.0,0.29971134539732,0.23805118119582427,49.66897964477539,0.25166613224990736,50.04166762034098,0.24979183537278818,20.962963501612343,1.1925794746566796,36.763754045307444,13.009708737864079,50.22653721682848,79.90282480199754,64.85432442808964,50.04166762034098,0.25072548103642905,47.333333333333336,3
2021-09-06,1275.0,224.0,1510.0,11.932777404785156,12.010000228881836,2.8072221279144287,3.0,3.0,4.0,402.97601318359375,2021,9,2021-09,1510.0,1499.0,3009.0,1734.0,23.942777633666992,6.0,26.74999976158142,10.0,0.2668715319096647,0.2323967780758903,49.719905853271484,0.2514083602026274,50.04166762034098,0.24979183537278818,11.69675886631012,1.4248961491949061,42.3728813559322,7.4443336656696575,50.182784978398146,79.79418435491475,63.067035208008726,50.04166762034098,0.2505974908927499,53.125,3
2021-09-07,1177.0,359.0,1549.0,11.932777404785156,12.010000228881836,4.50166654586792,3.0,3.0,6.0,450.4639892578125,2021,9,2021-09,1549.0,1536.0,3085.0,1908.0,23.942777633666992,6.0,28.444444179534912,12.0,0.29080954761640576,0.2360922375565055,49.719905853271484,0.2514083602026274,50.04166762034098,0.24979183537278818,18.756943941116333,1.3328397247697967,38.15235008103728,11.636952998379254,50.210696920583466,79.7482435320595,64.6959188988116,50.04166762034098,0.2505974908927499,49.041666666666664,3
2021-09-08,1222.0,282.0,1520.0,11.933333396911621,12.010000228881836,3.5377776622772217,3.0,3.0,5.0,422.0480041503906,2021,9,2021-09,1520.0,1504.0,3024.0,1802.0,23.943333625793457,6.0,27.48111128807068,11.0,0.277663160625257,0.23421087910676505,49.72222248713176,0.2513966467053043,50.04166762034098,0.24979183537278818,14.740740259488424,1.4133166290562094,40.41005291005291,9.325396825396826,50.264550264550266,79.71105787877022,63.48322350412176,50.04166762034098,0.2505916717267964,50.916666666666664,3
2021-09-09,1119.0,432.0,1564.0,11.931111335754395,12.010000228881836,5.412222385406494,3.0,3.0,7.0,475.4880065917969,2021,9,2021-09,1564.0,1551.0,3115.0,1996.0,23.94111156463623,6.0,29.353333950042725,13.0,0.30402046457276016,0.23822044418426697,49.71296389897664,0.2514434670481861,50.04166762034098,0.24979183537278818,22.55092660586039,1.293368879090184,35.92295345104334,13.868378812199037,50.208667736757626,79.81933653813708,65.32695843204739,50.04166762034098,0.2506149300462176,46.625,3
2021-09-10,1174.0,412.0,1598.0,11.922778129577637,12.010000228881836,5.162777900695801,3.0,3.0,6.0,471.64801025390625,2021,9,2021-09,1598.0,1586.0,3184.0,2010.0,23.932778358459473,6.0,29.095556259155273,12.0,0.2951489425869251,0.2346507513701026,49.678242206573486,0.25161920882832656,50.04166762034098,0.24979183537278818,21.511574586232506,1.1621650428137467,36.87185929648241,12.939698492462313,50.188442211055275,79.80199960654393,66.77035052368494,50.04166762034098,0.2507021922040736,48.916666666666664,3
2021-09-11,1020.0,567.0,1596.0,11.931666374206543,12.010000228881836,7.10444450378418,3.0,3.0,6.0,521.0560302734375,2021,9,2021-09,1596.0,1587.0,3183.0,2163.0,23.94166660308838,6.0,31.04611110687256,12.0,0.3264762094445097,0.2408950671629392,49.715276559193924,0.2514317703757871,50.04166762034098,0.24979183537278818,29.60185209910075,0.8445417508440107,32.045240339302545,17.813383600377,50.141376060320454,79.809195454759,66.66202593407272,50.04166762034098,0.2506091200529049,42.5,3
2021-09-12,1296.0,168.0,1473.0,11.931666374206543,12.010000228881836,2.1094443798065186,3.0,3.0,3.0,379.3599853515625,2021,9,2021-09,1473.0,1464.0,2937.0,1641.0,23.94166660308838,6.0,26.051110982894897,9.0,0.25754242046949255,0.2311761032002209,49.715276559193924,0.2514317703757871,50.04166762034098,0.24979183537278818,8.78935158252716,1.42217544521139,44.12665985699694,5.720122574055159,50.15321756894791,79.64182493183785,61.52453897298816,50.04166762034098,0.2506091200529049,54.0,3
2021-09-13,1144.0,388.0,1553.0,11.932222366333008,12.010000228881836,4.8627777099609375,3.0,3.0,5.0,463.7120056152344,2021,9,2021-09,1553.0,1532.0,3085.0,1941.0,23.942222595214844,6.0,28.80500030517578,11.0,0.2985911175886892,0.2389036608012542,49.7175931930542,0.25142005469698225,50.04166762034098,0.24979183537278818,20.261573791503906,1.02821891071804,37.08265802269044,12.576985413290112,50.34035656401945,79.7897874717199,64.86448757311223,50.04166762034098,0.25060330034685985,47.666666666666664,3
2021-09-14,1164.0,403.0,1576.0,11.932777404785156,12.010555267333984,5.057222366333008,3.0,3.0,6.0,466.6239929199219,2021,9,2021-09,1576.0,1567.0,3143.0,1979.0,23.94333267211914,6.0,29.00055503845215,12.0,0.2960812137816763,0.2357877680242152,49.719905853271484,0.2514083602026274,50.043980280558266,0.24978029185372694,21.071759859720864,1.186422024853655,37.03468024180719,12.822144447979635,50.143175310213174,79.68801266933717,65.82208172862987,50.043980280558266,0.25059168170798174,48.5,3
2021-09-15,1150.0,409.0,1571.0,11.932777404785156,12.010000228881836,5.130555629730225,3.0,3.0,6.0,471.45599365234375,2021,9,2021-09,1571.0,1559.0,3130.0,1980.0,23.942777633666992,6.0,29.073333263397217,12.0,0.30009929576851924,0.2381090877032039,49.719905853271484,0.2514083602026274,50.04166762034098,0.24979183537278818,21.37731512387594,1.1694639787612033,36.74121405750799,13.06709265175719,50.19169329073483,79.7184612188887,65.61477636541835,50.04166762034098,0.2505974908927499,47.916666666666664,3
2021-09-16,1010.0,560.0,1572.0,11.93055534362793,12.010000228881836,7.02222204208374,3.0,3.0,5.0,513.4719848632812,2021,9,2021-09,1572.0,1570.0,3142.0,2132.0,23.940555572509766,6.0,30.962777614593506,11.0,0.32663612268656567,0.24084051822855593,49.71064726511638,0.2514551849090822,50.04166762034098,0.24979183537278818,29.25925850868225,0.71202533472102,32.145130490133674,17.823042647994907,50.03182686187142,79.74683748875424,65.6626365766165,50.04166762034098,0.2506207502924294,42.083333333333336,3
2021-09-17,1246.0,308.0,1567.0,11.931111335754395,12.010000228881836,3.8661110401153564,3.0,3.0,3.0,440.9599914550781,2021,9,2021-09,1567.0,1554.0,3121.0,1875.0,23.94111156463623,6.0,27.807222604751587,9.0,0.28140395115193245,0.235178662109375,49.71296389897664,0.2514434670481861,50.04166762034098,0.24979183537278818,16.108796000480652,0.7759735736691324,39.923101570009614,9.868631848766421,50.20826658122397,79.66662023003093,65.45226589707049,50.04166762034098,0.2506149300462176,51.916666666666664,3
2021-09-18,1243.0,348.0,1603.0,11.931111335754395,12.010000228881836,4.360555648803711,3.0,3.0,5.0,460.12799072265625,2021,9,2021-09,1603.0,1591.0,3194.0,1951.0,23.94111156463623,6.0,28.30166721343994,11.0,0.28704179084382797,0.23584212748470335,49.71296389897664,0.2514434670481861,50.04166762034098,0.24979183537278818,18.168981870015465,1.146642859923532,38.9167188478397,10.895428929242328,50.187852222917975,79.80634305067782,66.9559554773478,50.04166762034098,0.2506149300462176,51.791666666666664,3
2021-09-19,1197.0,396.0,1608.0,11.931666374206543,12.010555267333984,4.967777729034424,3.0,3.0,5.0,476.3840026855469,2021,9,2021-09,1608.0,1593.0,3201.0,2004.0,23.942221641540527,6.0,28.90999937057495,11.0,0.2962587081377779,0.23771656820636072,49.715276559193924,0.2514317703757871,50.043980280558266,0.24978029185372694,20.69907387097677,1.006486254563535,37.39456419868791,12.371134020618557,50.234301780693535,79.71371136143196,67.16168716816438,50.043980280558266,0.2506033103289716,49.875,3
2021-09-20,1250.0,360.0,1621.0,11.940555572509766,12.010000228881836,4.511666774749756,3.0,3.0,5.0,467.42401123046875,2021,9,2021-09,1621.0,1610.0,3231.0,1981.0,23.9505558013916,6.0,28.462222576141357,11.0,0.2883553431403262,0.23595356447777321,49.75231488545735,0.25124459090553314,50.04166762034098,0.24979183537278818,18.798611561457314,1.108237875186899,38.687712782420306,11.142061281337048,50.17022593624265,79.79312701345674,67.681101576182,50.04166762034098,0.2505161070062258,52.083333333333336,3
2021-09-21,1314.0,249.0,1580.0,11.940555572509766,12.010000228881836,3.1272222995758057,3.0,3.0,4.0,427.2959899902344,2021,9,2021-09,1580.0,1563.0,3143.0,1829.0,23.9505558013916,6.0,27.077778100967407,10.0,0.27044049999381925,0.23362273919641027,49.75231488545735,0.25124459090553314,50.04166762034098,0.24979183537278818,13.03009291489919,1.2790903929479471,41.807190582246264,7.922367165128858,50.27044225262488,79.62337696100971,65.96924151163945,50.04166762034098,0.2505161070062258,54.75,3
2021-09-22,1304.0,269.0,1585.0,11.937777519226074,12.010000228881836,3.3727777004241943,3.0,3.0,4.0,432.3840026855469,2021,9,2021-09,1585.0,1573.0,3158.0,1854.0,23.94777774810791,6.0,27.320555448532104,10.0,0.27279747803504534,0.23321682992747944,49.74073966344197,0.25130305830950767,50.04166762034098,0.24979183537278818,14.053240418434143,1.1859660953928033,41.29195693476884,8.518049398353387,50.189993666877776,79.75621991516603,66.1856818896371,50.04166762034098,0.25054516803648114,54.333333333333336,3
2021-09-23,1331.0,217.0,1562.0,11.940555572509766,12.010000228881836,2.7149999141693115,3.0,3.0,3.0,414.4639892578125,2021,9,2021-09,1562.0,1548.0,3110.0,1779.0,23.9505558013916,6.0,26.665555715560913,9.0,0.2653418625210067,0.23297582307915263,49.75231488545735,0.25124459090553314,50.04166762034098,0.24979183537278818,11.312499642372131,1.1049724106226677,42.79742765273312,6.97749196141479,50.225080385852095,79.9263377017063,65.21769319062078,50.04166762034098,0.2505161070062258,55.458333333333336,3
2021-09-24,1410.0,142.0,1567.0,11.937777519226074,12.010000228881836,1.7777777910232544,3.0,3.0,2.0,392.09600830078125,2021,9,2021-09,1567.0,1552.0,3119.0,1709.0,23.94777774810791,6.0,25.725555539131165,8.0,0.25022080938148133,0.2294300809249744,49.74073966344197,0.25130305830950767,50.04166762034098,0.24979183537278818,7.407407462596893,1.1249999916180968,45.20679705033665,4.552741263225393,50.24046168643797,79.87499940488487,65.43404638552765,50.04166762034098,0.25054516803648114,58.75,3
2021-09-25,1227.0,371.0,1612.0,11.937777519226074,12.010555267333984,4.64722204208374,3.0,3.0,5.0,470.78399658203125,2021,9,2021-09,1612.0,1598.0,3210.0,1983.0,23.94833278656006,6.0,28.5955548286438,11.0,0.29204962567123527,0.23740998314777167,49.74073966344197,0.25130305830950767,50.043980280558266,0.24978029185372694,19.363425175348915,1.0759115778677275,38.22429906542056,11.557632398753894,50.218068535825545,79.83263907778539,67.31157506315695,50.043980280558266,0.2505393612772591,51.125,3
2021-09-26,1268.0,268.0,1549.0,9.483333587646484,12.604999542236328,3.357222318649292,3.0,4.0,3.0,416.35198974609375,2021,9,2021-09,1549.0,1536.0,3085.0,1817.0,22.088333129882812,7.0,25.445555448532104,10.0,0.26878759828669707,0.22914253700940768,39.51388994852702,0.3163444554885179,52.5208314259847,0.3173344026389656,13.988426327705383,0.893595870411998,41.102106969205835,8.687196110210698,50.210696920583466,79.82789775680514,70.12751894367224,52.5208314259847,0.3169093819275053,52.833333333333336,3
2021-09-27,1332.0,87.0,1434.0,10.2122220993042,11.782221794128418,1.0816667079925537,3.0,3.0,2.0,335.90399169921875,2021,9,2021-09,1434.0,1419.0,2853.0,1521.0,21.994443893432617,6.0,23.07611060142517,8.0,0.2342426720357174,0.2208441760021162,42.5509254137675,0.29376564383616394,49.09259080886841,0.25462090702578927,4.506944616635641,1.8489983885255792,46.68769716088328,3.0494216614090432,50.262881177707676,80.4314299008627,65.19828402791225,49.09259080886841,0.27279616748080443,55.5,3
2021-09-28,1365.0,152.0,1535.0,11.969444274902344,12.010000228881836,1.9094444513320923,3.0,3.0,3.0,390.239990234375,2021,9,2021-09,1535.0,1517.0,3052.0,1687.0,23.97944450378418,6.0,25.888888955116272,9.0,0.2542280066673453,0.23132186735884708,49.872684478759766,0.2506382026683086,50.04166762034098,0.24979183537278818,7.9560185472170515,1.5711376143501319,44.72477064220183,4.980340760157274,50.2948885976409,79.60430579374001,64.01315926053928,50.04166762034098,0.2502143032985249,56.875,3
2021-09-29,1286.0,291.0,1590.0,11.975555419921875,12.010000228881836,3.6433334350585938,3.0,3.0,5.0,438.0159912109375,2021,9,2021-09,1590.0,1577.0,3167.0,1881.0,23.98555564880371,6.0,27.628889083862305,11.0,0.27548175547857706,0.23286336587503323,49.89814758300781,0.25051030159397575,50.04166762034098,0.24979183537278818,15.180555979410807,1.3723695865677987,40.606251973476475,9.18850647300284,50.205241553520686,79.87190993824588,66.28989643937233,50.04166762034098,0.250150552601405,53.583333333333336,3
2021-09-30,1389.0,124.0,1528.0,12.994999885559082,10.987777709960938,1.5533332824707031,3.0,4.0,2.0,378.239990234375,2021,9,2021-09,1528.0,1513.0,3041.0,1652.0,23.98277759552002,7.0,25.536110877990723,9.0,0.24753926062459097,0.22895883186100183,54.14583285649618,0.2308580243493347,45.782407124837235,0.36404085572042577,6.472222010294597,1.2875536902285627,45.6757645511345,4.077606050641236,50.246629398224265,79.82832879417089,63.712386687246365,54.14583285649618,0.2918761170227255,57.875,3
2021-10-01,1370.0,170.0,1555.0,12.008333206176758,11.976666450500488,2.132777690887451,3.0,3.0,3.0,399.45599365234375,2021,10,2021-10,1555.0,1540.0,3095.0,1725.0,23.984999656677246,6.0,26.117777347564697,9.0,0.25688488337771304,0.23156869197237318,50.03472169240316,0.24982651201391398,49.90277687708537,0.25048706268968807,8.886573712031048,1.4066163636359572,44.26494345718901,5.492730210016155,50.24232633279483,79.70826060603757,64.83218771141819,50.03472169240316,0.2501563512980766,57.083333333333336,3
2021-10-02,1218.0,441.0,1675.0,12.008333206176758,11.966666221618652,5.527222156524658,3.0,3.0,6.0,501.7279968261719,2021,10,2021-10,1675.0,1659.0,3334.0,2116.0,23.97499942779541,6.0,29.50222158432007,12.0,0.29953910258278915,0.2371115296910075,50.03472169240316,0.24982651201391398,49.861109256744385,0.25069638815364315,23.030092318852745,1.0855362477003474,36.53269346130774,13.227354529094182,50.23995200959808,79.78691420597553,69.86444379465091,50.03472169240316,0.2502606941897943,50.75,3
2021-10-03,1253.0,311.0,1576.0,12.008333206176758,11.963889122009277,3.8955554962158203,3.0,3.0,5.0,441.31201171875,2021,10,2021-10,1576.0,1564.0,3140.0,1887.0,23.972222328186035,6.0,27.867777824401855,11.0,0.280020312004283,0.23386964055047696,50.03472169240316,0.24982651201391398,49.849538008371994,0.2507545806723562,16.231481234232582,1.283513995592425,39.904458598726116,9.904458598726116,50.19108280254777,79.83457052584885,65.74275753095166,50.03472169240316,0.25028968603154184,52.208333333333336,3
2021-10-04,1221.0,291.0,1529.0,12.008333206176758,11.97166633605957,3.6388888359069824,3.0,3.0,5.0,429.1199951171875,2021,10,2021-10,1529.0,1512.0,3041.0,1820.0,23.979999542236328,6.0,27.61888837814331,11.0,0.28065401904328807,0.23578021709735578,50.03472169240316,0.24982651201391398,49.88194306691487,0.25059168170798174,15.162036816279093,1.3740458215327054,40.15126603091089,9.569220651101611,50.2795133179875,79.96946681320345,63.761469107076074,50.03472169240316,0.2502085118655699,50.875,3
2021-10-05,1316.0,222.0,1549.0,12.008333206176758,11.971111297607422,2.7766666412353516,3.0,3.0,4.0,410.4960021972656,2021,10,2021-10,1549.0,1538.0,3087.0,1771.0,23.97944450378418,6.0,26.75611114501953,10.0,0.26500710277421924,0.23178769181099132,50.03472169240316,0.24982651201391398,49.879630406697586,0.25060330034685985,11.569444338480633,1.4405762436863438,42.63038548752834,7.191448007774539,50.17816650469712,79.95198152459209,64.5969926349025,50.03472169240316,0.2502143032985249,54.833333333333336,3
2021-10-06,1344.0,175.0,1532.0,12.008333206176758,11.96166706085205,2.1872222423553467,3.0,3.0,3.0,394.3680114746094,2021,10,2021-10,1532.0,1519.0,3051.0,1707.0,23.97000026702881,6.0,26.157222509384155,9.0,0.25742037302520193,0.23102988369924393,50.03472169240316,0.24982651201391398,49.84027942021687,0.2508011621405474,9.113426009813946,1.3716027305800438,44.051130776794494,5.735824319895117,50.21304490331039,80.01015928383589,63.91322415241251,50.03472169240316,0.25031288832537535,56.0,3
2021-10-07,1385.0,0.0,1401.0,12.008333206176758,11.95111083984375,0.0,3.0,3.0,0.0,316.8320007324219,2021,10,2021-10,1401.0,1385.0,2786.0,1401.0,23.959444046020508,6.0,23.959444046020508,6.0,0.2261470383529064,0.2261470383529064,50.03472169240316,0.24982651201391398,49.796295166015625,0.2510226907107509,0.0,,49.71284996410625,0.0,50.28715003589376,,58.47381088263173,50.03472169240316,0.25042317294488964,57.708333333333336,2
2021-10-08,1422.0,0.0,1437.0,12.008333206176758,11.976666450500488,0.0,3.0,3.0,0.0,324.0320129394531,2021,10,2021-10,1437.0,1422.0,2859.0,1437.0,23.984999656677246,6.0,23.984999656677246,6.0,0.2254920062209138,0.2254920062209138,50.03472169240316,0.24982651201391398,49.90277687708537,0.25048706268968807,0.0,,49.73767051416579,0.0,50.262329485834215,,59.91244613588935,50.03472169240316,0.2501563512980766,59.25,2
2021-10-09,1346.0,109.0,1470.0,12.008333206176758,11.97166633605957,1.369444489479065,3.0,3.0,2.0,363.20001220703125,2021,10,2021-10,1470.0,1455.0,2925.0,1579.0,23.979999542236328,6.0,25.349444031715393,8.0,0.24707483823607568,0.23001900709754988,50.03472169240316,0.24982651201391398,49.88194306691487,0.25059168170798174,5.706018706162771,1.4604461994372606,46.01709401709402,3.7264957264957266,50.256410256410255,79.59431786933071,61.30108540706463,50.03472169240316,0.2502085118655699,56.083333333333336,3
2021-10-10,1396.0,0.0,1412.0,12.008333206176758,11.927778244018555,0.0,3.0,3.0,0.0,320.76800537109375,2021,10,2021-10,1412.0,1396.0,2808.0,1412.0,23.936111450195312,6.0,23.936111450195312,6.0,0.22717280833646866,0.22717280833646866,50.03472169240316,0.24982651201391398,49.69907601674397,0.25151373027113544,0.0,,49.71509971509971,0.0,50.28490028490028,,58.99036704178107,50.03472169240316,0.2506672820472283,58.166666666666664,2
2021-10-11,1414.0,0.0,1430.0,12.008333206176758,11.958333015441895,0.0,3.0,3.0,0.0,323.5840148925781,2021,10,2021-10,1430.0,1414.0,2844.0,1430.0,23.966666221618652,6.0,23.966666221618652,6.0,0.22628252789690778,0.22628252789690778,50.03472169240316,0.24982651201391398,49.82638756434123,0.2508710868083432,0.0,,49.71870604781997,0.0,50.28129395218003,,59.66620416777437,50.03472169240316,0.2503477097948575,58.916666666666664,2
2021-10-12,1420.0,0.0,1437.0,12.381111145019531,11.600000381469727,0.0,4.0,4.0,0.0,325.3760070800781,2021,10,2021-10,1437.0,1420.0,2857.0,1437.0,23.981111526489258,8.0,23.981111526489258,8.0,0.22642728398056933,0.22642728398056933,51.58796310424805,0.3230727802333843,48.33333492279053,0.34482757486713095,0.0,,49.702485124256214,0.0,50.297514875743786,,59.922159922099794,51.58796310424805,0.33359587987251105,59.166666666666664,2
2021-10-13,1432.0,0.0,1448.0,12.008333206176758,11.96833324432373,0.0,3.0,3.0,0.0,327.23199462890625,2021,10,2021-10,1448.0,1432.0,2880.0,1448.0,23.97666645050049,6.0,23.97666645050049,6.0,0.2259889465669242,0.2259889465669242,50.03472169240316,0.24982651201391398,49.868055184682206,0.25066146962634267,0.0,,49.72222222222222,0.0,50.27777777777778,,60.39204836874955,50.03472169240316,0.2502432943456473,59.666666666666664,2
2021-10-14,1399.0,0.0,1415.0,12.008333206176758,11.974444389343262,0.0,3.0,3.0,0.0,320.2560119628906,2021,10,2021-10,1415.0,1399.0,2814.0,1415.0,23.98277759552002,6.0,23.98277759552002,6.0,0.2263293370762478,0.2263293370762478,50.03472169240316,0.24982651201391398,49.89351828893025,0.2505335448106361,0.0,,49.71570717839375,0.0,50.28429282160626,,59.00067222673665,50.03472169240316,0.2501795288766218,58.291666666666664,2
2021-10-15,1425.0,12.0,1453.0,12.008333206176758,11.97611141204834,0.15111111104488373,3.0,3.0,1.0,332.4800109863281,2021,10,2021-10,1453.0,1437.0,2890.0,1465.0,23.984444618225098,6.0,24.13555572926998,7.0,0.22882313213098976,0.22694881295995095,50.03472169240316,0.24982651201391398,49.90046421686809,0.2504986716290821,0.6296296293536823,6.617647061723842,49.30795847750865,0.4152249134948097,50.27681660899654,79.41176474068611,60.58093164666847,50.03472169240316,0.2501621403165938,59.375,3
2021-10-16,1374.0,118.0,1507.0,12.008333206176758,11.97611141204834,1.4822221994400024,3.0,3.0,2.0,374.55999755859375,2021,10,2021-10,1507.0,1492.0,2999.0,1625.0,23.984444618225098,6.0,25.4666668176651,8.0,0.24854678006542386,0.2304984600360577,50.03472169240316,0.24982651201391398,49.90046421686809,0.2504986716290821,6.17592583100001,1.3493253580708877,45.81527175725242,3.934644881627209,50.25008336112038,79.61019612618237,62.83239090951781,50.03472169240316,0.2501621403165938,57.25,3
2021-10-17,1449.0,0.0,1465.0,12.008333206176758,11.978333473205566,0.0,3.0,3.0,0.0,330.75201416015625,2021,10,2021-10,1465.0,1449.0,2914.0,1465.0,23.986666679382324,6.0,23.986666679382324,6.0,0.22576929294208617,0.22576929294208617,50.03472169240316,0.24982651201391398,49.90972280502319,0.2504522024462522,0.0,,49.7254632807138,0.0,50.2745367192862,,61.07559752181977,50.03472169240316,0.25013896595967144,60.375,2
2021-10-18,1452.0,0.0,1469.0,12.008333206176758,11.97611141204834,0.0,3.0,3.0,0.0,331.2959899902344,2021,10,2021-10,1469.0,1452.0,2921.0,1469.0,23.984444618225098,6.0,23.984444618225098,6.0,0.2255248400205816,0.2255248400205816,50.03472169240316,0.24982651201391398,49.90046421686809,0.2504986716290821,0.0,,49.70900376583362,0.0,50.290996234166386,,61.24803068751272,50.03472169240316,0.2501621403165938,60.5,2
2021-10-19,1416.0,47.0,1479.0,10.211111068725586,13.77388858795166,0.5883333086967468,4.0,3.0,1.0,348.9599914550781,2021,10,2021-10,1479.0,1463.0,2942.0,1526.0,23.984999656677246,7.0,24.573332965373993,8.0,0.2359431990906546,0.22867627225103415,42.54629611968994,0.3917301430841479,57.391202449798584,0.21780341701211156,2.4513887862364454,1.6997167850570305,48.130523453433035,1.5975526852481305,50.27192386131883,79.88668889768043,61.663540594975885,57.391202449798584,0.2918490765144227,59.0,3
2021-10-20,1445.0,0.0,1460.0,11.969444274902344,12.010000228881836,0.0,3.0,3.0,0.0,329.66400146484375,2021,10,2021-10,1460.0,1445.0,2905.0,1460.0,23.97944450378418,6.0,23.97944450378418,6.0,0.22579726127729025,0.22579726127729025,49.872684478759766,0.2506382026683086,50.04166762034098,0.24979183537278818,0.0,,49.74182444061962,0.0,50.25817555938038,,60.885480469307716,50.04166762034098,0.2502143032985249,60.208333333333336,2
2021-10-21,1427.0,0.0,1443.0,11.975555419921875,12.010000228881836,0.0,3.0,3.0,0.0,327.45599365234375,2021,10,2021-10,1443.0,1427.0,2870.0,1443.0,23.98555564880371,6.0,23.98555564880371,6.0,0.22692723052830474,0.22692723052830474,49.89814758300781,0.25051030159397575,50.04166762034098,0.24979183537278818,0.0,,49.721254355400696,0.0,50.2787456445993,,60.161207900637905,50.04166762034098,0.250150552601405,59.458333333333336,2
2021-10-22,1421.0,0.0,1437.0,11.970555305480957,12.010000228881836,0.0,3.0,3.0,0.0,326.6239929199219,2021,10,2021-10,1437.0,1421.0,2858.0,1437.0,23.980555534362793,6.0,23.980555534362793,6.0,0.22729575011824765,0.22729575011824765,49.877313772837326,0.25061494002925583,50.04166762034098,0.24979183537278818,0.0,,49.72008397480756,0.0,50.27991602519244,,59.92354922474,50.04166762034098,0.2502027107504802,59.208333333333336,2
2021-10-23,1366.0,0.0,1381.0,11.984444618225098,12.010000228881836,0.0,3.0,3.0,0.0,315.90399169921875,2021,10,2021-10,1381.0,1366.0,2747.0,1381.0,23.994444847106934,6.0,23.994444847106934,6.0,0.2287501750175371,0.2287501750175371,49.93518590927124,0.25032449108553695,50.04166762034098,0.24979183537278818,0.0,,49.72697488168912,0.0,50.27302511831089,,57.55498861506314,50.04166762034098,0.2500578795730477,56.916666666666664,2
2021-10-24,1367.0,0.0,1384.0,11.969444274902344,12.010000228881836,0.0,3.0,3.0,0.0,316.0639953613281,2021,10,2021-10,1384.0,1367.0,2751.0,1384.0,23.97944450378418,6.0,23.97944450378418,6.0,0.22836993884489026,0.22836993884489026,49.872684478759766,0.2506382026683086,50.04166762034098,0.24979183537278818,0.0,,49.69102144674664,0.0,50.30897855325336,,57.71609929419307,50.04166762034098,0.2502143032985249,56.958333333333336,2
2021-10-25,1408.0,0.0,1423.0,11.97166633605957,12.010000228881836,0.0,3.0,3.0,0.0,322.0799865722656,2021,10,2021-10,1423.0,1408.0,2831.0,1423.0,23.981666564941406,6.0,23.981666564941406,6.0,0.2263387115757313,0.2263387115757313,49.88194306691487,0.25059168170798174,50.04166762034098,0.24979183537278818,0.0,,49.7350759448958,0.0,50.264924055104196,,59.33699378842468,50.04166762034098,0.25019111927656223,58.666666666666664,2
2021-10-26,1363.0,0.0,1379.0,11.952221870422363,12.010000228881836,0.0,3.0,3.0,0.0,313.5360107421875,2021,10,2021-10,1379.0,1363.0,2742.0,1379.0,23.9622220993042,6.0,23.9622220993042,6.0,0.22736476486017948,0.22736476486017948,49.800924460093185,0.25099935664882256,50.04166762034098,0.24979183537278818,0.0,,49.70824215900802,0.0,50.29175784099198,,57.54891989086615,50.04166762034098,0.25039414020681433,56.791666666666664,2
2021-10-27,1435.0,0.0,1450.0,11.978333473205566,12.010000228881836,0.0,3.0,3.0,0.0,328.76800537109375,2021,10,2021-10,1450.0,1435.0,2885.0,1450.0,23.988333702087402,6.0,23.988333702087402,6.0,0.2267365554283405,0.2267365554283405,49.90972280502319,0.2504522024462522,50.04166762034098,0.24979183537278818,0.0,,49.74003466204506,0.0,50.25996533795494,,60.44604923408352,50.04166762034098,0.25012158303758697,59.791666666666664,2
2021-10-28,1337.0,48.0,1402.0,11.969444274902344,12.010000228881836,0.602222204208374,3.0,3.0,1.0,334.8160095214844,2021,10,2021-10,1402.0,1385.0,2787.0,1450.0,23.97944450378418,6.0,24.581666707992554,7.0,0.23881313089977488,0.2309075927734375,49.872684478759766,0.2506382026683086,50.04166762034098,0.24979183537278818,2.509259184201558,1.660516654835914,47.97273053462504,1.7222820236813776,50.304987441693584,79.70479943212388,58.466742204088646,50.04166762034098,0.2502143032985249,55.708333333333336,3
2021-10-29,1399.0,0.0,1413.0,11.958333015441895,12.010000228881836,0.0,3.0,3.0,0.0,323.23199462890625,2021,10,2021-10,1413.0,1399.0,2812.0,1413.0,23.96833324432373,6.0,23.96833324432373,6.0,0.22875583483999026,0.22875583483999026,49.82638756434123,0.2508710868083432,50.04166762034098,0.24979183537278818,0.0,,49.75106685633001,0.0,50.24893314366998,,58.95278514348226,50.04166762034098,0.2503302978491816,58.291666666666664,2
2021-10-30,1284.0,155.0,1455.0,11.973889350891113,12.010000228881836,1.9427777528762817,3.0,3.0,3.0,377.7919921875,2021,10,2021-10,1455.0,1439.0,2894.0,1610.0,23.98388957977295,6.0,25.92666733264923,9.0,0.2596508537371134,0.23465341129658385,49.89120562871297,0.25054515805900074,50.04166762034098,0.24979183537278818,8.094907303651173,1.5441807461293506,44.367657221838286,5.355908776779543,50.27643400138218,79.78267188334979,60.665722928739996,50.04166762034098,0.2501679296030515,53.5,3
2021-10-31,1425.0,54.0,1494.0,12.97944450378418,12.010000228881836,0.6783333420753479,3.0,3.0,1.0,356.6719970703125,2021,10,2021-10,1494.0,1479.0,2973.0,1548.0,24.989444732666016,6.0,25.667778074741364,7.0,0.23873627648615295,0.23040826684128715,54.08101876576742,0.23113469911022347,50.04166762034098,0.24979183537278818,2.8263889253139496,1.4742014552027165,47.931382441977796,1.8163471241170535,50.252270433905146,79.6068785809467,59.78524196846416,54.08101876576742,0.24010137336732595,59.375,3
2021-11-01,1420.0,6.0,1442.0,11.973889350891113,12.010000228881836,0.07388889044523239,3.0,3.0,1.0,329.7279968261719,2021,11,2021-11,1442.0,1426.0,2868.0,1448.0,23.98388957977295,6.0,24.05777847021818,7.0,0.2286601919737669,0.22771270499045018,49.89120562871297,0.25054515805900074,50.04166762034098,0.24979183537278818,0.30787037685513496,13.533834301399015,49.5118549511855,0.20920502092050208,50.278940027894,81.20300580839408,60.12369241460005,50.04166762034098,0.2501679296030515,59.166666666666664,3
2021-11-02,1393.0,0.0,1409.0,11.943333625793457,12.010000228881836,0.0,3.0,3.0,0.0,320.54400634765625,2021,11,2021-11,1409.0,1393.0,2802.0,1409.0,23.953333854675293,6.0,23.953333854675293,6.0,0.22749752047385113,0.22749752047385113,49.76389010747273,0.25118615070092665,50.04166762034098,0.24979183537278818,0.0,,49.714489650249824,0.0,50.285510349750176,,58.82270954633677,50.04166762034098,0.2504870527168351,58.041666666666664,2
2021-11-03,1423.0,0.0,1439.0,11.960000038146973,12.010000228881836,0.0,3.0,3.0,0.0,327.7120056152344,2021,11,2021-11,1439.0,1423.0,2862.0,1439.0,23.97000026702881,6.0,23.97000026702881,6.0,0.22773593162976677,0.22773593162976677,49.83333349227905,0.2508361196012844,50.04166762034098,0.24979183537278818,0.0,,49.72047519217331,0.0,50.27952480782669,,60.03337438336919,50.04166762034098,0.25031288832537535,59.291666666666664,2
2021-11-04,1428.0,0.0,1443.0,11.971111297607422,12.010000228881836,0.0,3.0,3.0,0.0,326.9440002441406,2021,11,2021-11,1443.0,1428.0,2871.0,1443.0,23.981111526489258,6.0,23.981111526489258,6.0,0.2265724187416082,0.2265724187416082,49.879630406697586,0.25060330034685985,50.04166762034098,0.24979183537278818,0.0,,49.738766980146295,0.0,50.26123301985371,,60.172356832004176,50.04166762034098,0.25019690990438326,59.5,2
2021-11-05,1414.0,0.0,1430.0,11.967222213745117,12.010000228881836,0.0,3.0,3.0,0.0,325.5360107421875,2021,11,2021-11,1430.0,1414.0,2844.0,1430.0,23.977222442626953,6.0,23.977222442626953,6.0,0.22764755995957167,0.22764755995957167,49.86342589060466,0.2506847409045609,50.04166762034098,0.24979183537278818,0.0,,49.71870604781997,0.0,50.28129395218003,,59.63993550219275,50.04166762034098,0.25023749161759196,58.916666666666664,2
2021-11-06,1320.0,163.0,1497.0,11.988333702087402,12.010000228881836,2.0377776622772217,3.0,3.0,3.0,387.3280029296875,2021,11,2021-11,1497.0,1483.0,2980.0,1660.0,23.99833393096924,6.0,26.03611159324646,9.0,0.25873614090159486,0.2333301222467997,49.95139042536418,0.2502432843921955,50.04166762034098,0.24979183537278818,8.490740259488422,1.4721920136505435,44.29530201342282,5.469798657718121,50.234899328859065,79.98909940834619,62.37933034460195,50.04166762034098,0.250017356090589,55.0,3
2021-11-07,1403.0,50.0,1468.0,11.96500015258789,12.010000228881836,0.6305555701255798,3.0,3.0,1.0,346.656005859375,2021,11,2021-11,1468.0,1453.0,2921.0,1518.0,23.975000381469727,6.0,24.605555951595306,7.0,0.23614169336469687,0.2283636402235672,49.85416730244954,0.2507312964263636,50.04166762034098,0.24979183537278818,2.6273148755232496,1.5859030470555395,48.031496062992126,1.7117425539198903,50.25676138308799,79.29515235277698,61.230447409486466,50.04166762034098,0.2502606842349583,58.458333333333336,3
2021-11-08,1392.0,11.0,1418.0,11.971111297607422,12.010000228881836,0.1366666704416275,3.0,3.0,1.0,325.8240051269531,2021,11,2021-11,1418.0,1403.0,2821.0,1429.0,23.981111526489258,6.0,24.117778196930885,7.0,0.229777154532407,0.2280084010685466,49.879630406697586,0.25060330034685985,50.04166762034098,0.24979183537278818,0.5694444601734479,7.3170729686219715,49.344204182913856,0.38993264799716415,50.26586316908897,80.48780265484169,59.12986970740258,50.04166762034098,0.25019690990438326,58.0,3
2021-11-09,1446.0,0.0,1462.0,11.972777366638184,12.010000228881836,0.0,3.0,3.0,0.0,331.8399963378906,2021,11,2021-11,1462.0,1446.0,2908.0,1462.0,23.98277759552002,6.0,23.98277759552002,6.0,0.22697674168118373,0.22697674168118373,49.88657236099243,0.25056842770328447,50.04166762034098,0.24979183537278818,0.0,,49.72489683631362,0.0,50.27510316368639,,60.96041186960352,50.04166762034098,0.2501795288766218,60.25,2
2021-11-10,1379.0,0.0,1394.0,11.978333473205566,12.010000228881836,0.0,3.0,3.0,0.0,316.89599609375,2021,11,2021-11,1394.0,1379.0,2773.0,1394.0,23.988333702087402,6.0,23.988333702087402,6.0,0.2273285481303802,0.2273285481303802,49.90972280502319,0.2504522024462522,50.04166762034098,0.24979183537278818,0.0,,49.72953479985575,0.0,50.270465200144244,,58.111581125732705,50.04166762034098,0.25012158303758697,57.458333333333336,2
2021-11-11,1395.0,0.0,1412.0,11.966666221618652,12.010000228881836,0.0,3.0,3.0,0.0,323.42401123046875,2021,11,2021-11,1412.0,1395.0,2807.0,1412.0,23.97666645050049,6.0,23.97666645050049,6.0,0.229053832316196,0.229053832316196,49.861109256744385,0.25069638815364315,50.04166762034098,0.24979183537278818,0.0,,49.69718560741004,0.0,50.30281439258996,,58.89058860267566,50.04166762034098,0.2502432943456473,58.125,2
2021-11-12,1405.0,0.0,1421.0,11.97944450378418,12.010000228881836,0.0,3.0,3.0,0.0,324.5119934082031,2021,11,2021-11,1421.0,1405.0,2826.0,1421.0,23.989444732666016,6.0,23.989444732666016,6.0,0.22836874975946736,0.22836874975946736,49.91435209910075,0.25042897431949634,50.04166762034098,0.24979183537278818,0.0,,49.716914366595894,0.0,50.2830856334041,,59.2343847819474,50.04166762034098,0.25010999907929937,58.541666666666664,2
2021-11-13,1396.0,0.0,1412.0,11.974444389343262,12.010000228881836,0.0,3.0,3.0,0.0,324.1600036621094,2021,11,2021-11,1412.0,1396.0,2808.0,1412.0,23.984444618225098,6.0,23.984444618225098,6.0,0.22957507341509162,0.22957507341509162,49.89351828893025,0.2505335448106361,50.04166762034098,0.24979183537278818,0.0,,49.71509971509971,0.0,50.28490028490028,,58.87149035450508,50.04166762034098,0.2501621403165938,58.166666666666664,2
2021-11-14,1390.0,0.0,1406.0,12.641111373901367,11.302778244018555,0.0,3.0,4.0,0.0,320.12799072265625,2021,11,2021-11,1406.0,1390.0,2796.0,1406.0,23.943889617919922,7.0,23.943889617919922,7.0,0.2276870488781339,0.2276870488781339,52.6712973912557,0.2373209056755683,47.094909350077316,0.35389529137376513,0.0,,49.71387696709585,0.0,50.28612303290415,,58.72061818008596,52.6712973912557,0.2923501616362743,57.916666666666664,2
2021-11-15,1368.0,0.0,1384.0,12.008333206176758,11.975000381469727,0.0,3.0,3.0,0.0,317.2799987792969,2021,11,2021-11,1384.0,1368.0,2752.0,1384.0,23.983333587646484,6.0,23.983333587646484,6.0,0.22924855403128386,0.22924855403128386,50.03472169240316,0.24982651201391398,49.89583492279053,0.2505219126875553,0.0,,49.7093023255814,0.0,50.2906976744186,,57.70674018030926,50.03472169240316,0.250173729105387,57.0,2
2021-11-16,1401.0,0.0,1417.0,12.008333206176758,11.980555534362793,0.0,3.0,3.0,0.0,324.54400634765625,2021,11,2021-11,1417.0,1401.0,2818.0,1417.0,23.98888874053955,6.0,23.98888874053955,6.0,0.22903599601104888,0.22903599601104888,50.03472169240316,0.24982651201391398,49.9189813931783,0.2504057505009145,0.0,,49.71611071682044,0.0,50.28388928317956,,59.06901379743234,50.03472169240316,0.2501157958959732,58.375,2
2021-11-17,1398.0,0.0,1414.0,12.008333206176758,11.968889236450195,0.0,3.0,3.0,0.0,323.45599365234375,2021,11,2021-11,1414.0,1398.0,2812.0,1414.0,23.977222442626953,6.0,23.977222442626953,6.0,0.22875247075837607,0.22875247075837607,50.03472169240316,0.24982651201391398,49.87037181854248,0.25064982562155935,0.0,,49.71550497866287,0.0,50.28449502133713,,58.97263552454584,50.03472169240316,0.25023749161759196,58.25,2
2021-11-18,1396.0,0.0,1412.0,12.008333206176758,11.981111526489258,0.0,3.0,3.0,0.0,321.47198486328125,2021,11,2021-11,1412.0,1396.0,2808.0,1412.0,23.989444732666016,6.0,23.989444732666016,6.0,0.22767137738192722,0.22767137738192722,50.03472169240316,0.24982651201391398,49.921298027038574,0.2503941302413591,0.0,,49.71509971509971,0.0,50.28490028490028,,58.85921978332845,50.03472169240316,0.25010999907929937,58.166666666666664,2
2021-11-19,1391.0,0.0,1406.0,12.008333206176758,11.96500015258789,0.0,3.0,3.0,0.0,320.6080017089844,2021,11,2021-11,1406.0,1391.0,2797.0,1406.0,23.97333335876465,6.0,23.97333335876465,6.0,0.2280284507176276,0.2280284507176276,50.03472169240316,0.24982651201391398,49.85416730244954,0.2507312964263636,0.0,,49.731855559528064,0.0,50.26814444047193,,58.64849826926411,50.03472169240316,0.2502780864975709,57.958333333333336,2
2021-11-20,1443.0,0.0,1460.0,11.114444732666016,12.85777759552002,0.0,4.0,3.0,0.0,335.5840148925781,2021,11,2021-11,1460.0,1443.0,2903.0,1460.0,23.972222328186035,7.0,23.972222328186035,7.0,0.22985206499491653,0.22985206499491653,46.3101863861084,0.3598920230575048,53.57407331466675,0.23332181457589352,0.0,,49.707199448846026,0.0,50.29280055115398,,60.90382360100852,53.57407331466675,0.2920046337034655,60.125,2
2021-11-21,1411.0,0.0,1426.0,11.973889350891113,12.010000228881836,0.0,3.0,3.0,0.0,325.1199951171875,2021,11,2021-11,1426.0,1411.0,2837.0,1426.0,23.98388957977295,6.0,23.98388957977295,6.0,0.2279943864776911,0.2279943864776911,49.89120562871297,0.25054515805900074,50.04166762034098,0.24979183537278818,0.0,,49.73563623545999,0.0,50.26436376454001,,59.45657793565858,50.04166762034098,0.2501679296030515,58.791666666666664,2
2021-11-22,1367.0,0.0,1384.0,11.967222213745117,12.010000228881836,0.0,3.0,3.0,0.0,315.23199462890625,2021,11,2021-11,1384.0,1367.0,2751.0,1384.0,23.977222442626953,6.0,23.977222442626953,6.0,0.22776878224631955,0.22776878224631955,49.86342589060466,0.2506847409045609,50.04166762034098,0.24979183537278818,0.0,,49.69102144674664,0.0,50.30897855325336,,57.72144806645788,50.04166762034098,0.25023749161759196,56.958333333333336,2
2021-11-23,1352.0,0.0,1368.0,11.967778205871582,12.010000228881836,0.0055555556900799274,3.0,3.0,1.0,313.0559997558594,2021,11,2021-11,1368.0,1352.0,2720.0,1368.0,23.977778434753418,6.0,23.983333990443498,7.0,0.22884210508469252,0.22884210508469252,49.86574252446492,0.2506730947376809,50.04166762034098,0.24979183537278818,0.023148148708666362,179.99999564141046,49.705882352941174,0.0,50.294117647058826,0.0,57.05282512817031,50.04166762034098,0.2502316891586417,56.333333333333336,3
2021-11-24,1365.0,0.0,1381.0,11.980555534362793,12.010000228881836,0.0,3.0,3.0,0.0,316.9599914550781,2021,11,2021-11,1381.0,1365.0,2746.0,1381.0,23.99055576324463,6.0,23.99055576324463,6.0,0.22951483812822457,0.22951483812822457,49.9189813931783,0.2504057505009145,50.04166762034098,0.24979183537278818,0.0,,49.708667152221416,0.0,50.29133284777859,,57.564318793972994,50.04166762034098,0.25009841619394496,56.875,2
2021-11-25,1354.0,0.0,1369.0,11.966111183166504,12.010000228881836,0.0,3.0,3.0,0.0,314.9119873046875,2021,11,2021-11,1369.0,1354.0,2723.0,1369.0,23.97611141204834,6.0,23.97611141204834,6.0,0.23003067005455624,0.23003067005455624,49.8587965965271,0.2507080165041666,50.04166762034098,0.24979183537278818,0.0,,49.72456849063533,0.0,50.27543150936468,,57.09850010590365,50.04166762034098,0.25024908738891305,56.416666666666664,2
2021-11-26,1358.0,0.0,1378.0,11.965555191040039,12.010000228881836,0.0,3.0,3.0,0.0,317.88800048828125,2021,11,2021-11,1378.0,1358.0,2736.0,1378.0,23.975555419921875,6.0,23.975555419921875,6.0,0.23068795391021862,0.23068795391021862,49.856479962666825,0.2507196659162492,50.04166762034098,0.24979183537278818,0.0,,49.63450292397661,0.0,50.36549707602339,,57.47520655371287,50.04166762034098,0.250254890654773,56.583333333333336,2
2021-11-27,1439.0,0.0,1453.0,11.973333358764648,12.010000228881836,0.0,3.0,3.0,0.0,322.8160095214844,2021,11,2021-11,1453.0,1439.0,2892.0,1453.0,23.983333587646484,6.0,23.983333587646484,6.0,0.2221720643644077,0.2221720643644077,49.88888899485271,0.2505567923408695,50.04166762034098,0.24979183537278818,0.0,,49.757952973720606,0.0,50.242047026279394,,60.58373806502121,50.04166762034098,0.250173729105387,59.958333333333336,2
2021-11-28,1359.0,0.0,1374.0,11.949444770812988,12.010000228881836,0.0,3.0,3.0,0.0,315.0719909667969,2021,11,2021-11,1374.0,1359.0,2733.0,1374.0,23.959444999694824,6.0,23.959444999694824,6.0,0.22931003709373862,0.22931003709373862,49.78935321172078,0.25105768992109356,50.04166762034098,0.24979183537278818,0.0,,49.72557628979144,0.0,50.27442371020856,,57.346904321761244,50.04166762034098,0.25042316297712336,56.625,2
2021-11-29,1349.0,0.0,1366.0,11.940555572509766,12.010000228881836,0.0,4.0,3.0,0.0,313.21600341796875,2021,11,2021-11,1366.0,1349.0,2715.0,1366.0,23.9505558013916,7.0,23.9505558013916,7.0,0.2292942923996843,0.2292942923996843,49.75231488545735,0.3349927878740442,50.04166762034098,0.24979183537278818,0.0,,49.68692449355433,0.0,50.31307550644567,,57.0341670284174,50.04166762034098,0.2922687915072634,56.208333333333336,2
2021-11-30,1375.0,0.0,1391.0,11.979999542236328,12.010000228881836,0.0,3.0,3.0,0.0,319.23199462890625,2021,11,2021-11,1391.0,1375.0,2766.0,1391.0,23.989999771118164,6.0,23.989999771118164,6.0,0.2294981988705293,0.2294981988705293,49.91666475931804,0.2504173718390631,50.04166762034098,0.24979183537278818,0.0,,49.71077368040492,0.0,50.28922631959508,,57.98249325848852,50.04166762034098,0.25010421247371034,57.291666666666664,2
2021-12-01,1379.0,0.0,1396.0,11.96833324432373,12.010000228881836,0.0,3.0,3.0,0.0,320.0,2021,12,2021-12,1396.0,1379.0,2775.0,1396.0,23.978333473205566,6.0,23.978333473205566,6.0,0.22922636103151864,0.22922636103151864,49.868055184682206,0.25066146962634267,50.04166762034098,0.24979183537278818,0.0,,49.69369369369369,0.0,50.306306306306304,,58.2192253502501,50.04166762034098,0.2502258969208457,57.458333333333336,2
2021-12-02,1354.0,0.0,1371.0,11.981111526489258,12.010000228881836,0.0,3.0,3.0,0.0,314.9119873046875,2021,12,2021-12,1371.0,1354.0,2725.0,1371.0,23.991111755371094,6.0,23.991111755371094,6.0,0.22969510379627098,0.22969510379627098,49.921298027038574,0.2503941302413591,50.04166762034098,0.24979183537278818,0.0,,49.68807339449541,0.0,50.31192660550459,,57.14616371177807,50.04166762034098,0.25009262018283623,56.416666666666664,2
2021-12-03,1399.0,0.0,1416.0,11.966666221618652,12.010000228881836,0.0,3.0,3.0,0.0,323.45599365234375,2021,12,2021-12,1416.0,1399.0,2815.0,1416.0,23.97666645050049,6.0,23.97666645050049,6.0,0.22842937404826535,0.22842937404826535,49.861109256744385,0.25069638815364315,50.04166762034098,0.24979183537278818,0.0,,49.69804618117229,0.0,50.301953818827705,,59.05741746557276,50.04166762034098,0.2502432943456473,58.291666666666664,2
2021-12-04,1401.0,49.0,1468.0,11.962778091430664,12.010000228881836,0.6166666746139526,3.0,3.0,1.0,349.0880126953125,2021,12,2021-12,1468.0,1450.0,2918.0,1517.0,23.9727783203125,6.0,24.589444994926453,7.0,0.23779837377064883,0.2301173452177406,49.844908714294434,0.25077786924334905,50.04166762034098,0.24979183537278818,2.569444477558136,1.6216216007229882,48.012337217272105,1.679232350925291,50.308430431802606,79.45945843542643,61.23612292181175,50.04166762034098,0.25028388115181915,58.375,3
2021-12-05,1361.0,50.0,1425.0,11.964444160461426,12.010000228881836,0.6200000047683716,3.0,3.0,1.0,340.12799072265625,2021,12,2021-12,1425.0,1411.0,2836.0,1475.0,23.97444438934326,6.0,24.594444394111633,7.0,0.238686309279057,0.23059524794756356,49.85185066858928,0.25074294800204916,50.04166762034098,0.24979183537278818,2.5833333532015486,1.612903213401739,47.9901269393512,1.7630465444287728,50.24682651622003,80.64516067008695,59.43829090919072,50.04166762034098,0.2502664880386978,56.708333333333336,3
2021-12-06,1386.0,0.0,1404.0,11.973889350891113,12.010000228881836,0.0,3.0,3.0,0.0,320.9280090332031,2021,12,2021-12,1404.0,1386.0,2790.0,1404.0,23.98388957977295,6.0,23.98388957977295,6.0,0.22858120301510193,0.22858120301510193,49.89120562871297,0.25054515805900074,50.04166762034098,0.24979183537278818,0.0,,49.67741935483871,0.0,50.32258064516129,,58.53929552711406,50.04166762034098,0.2501679296030515,57.75,2
2021-12-07,1407.0,0.0,1424.0,11.967778205871582,12.010000228881836,0.0,3.0,3.0,0.0,324.3840026855469,2021,12,2021-12,1424.0,1407.0,2831.0,1424.0,23.977778434753418,6.0,23.977778434753418,6.0,0.2277977546949065,0.2277977546949065,49.86574252446492,0.2506730947376809,50.04166762034098,0.24979183537278818,0.0,,49.69975273754857,0.0,50.30024726245143,,59.38832089365097,50.04166762034098,0.2502316891586417,58.625,2
2021-12-08,1392.0,0.0,1408.0,11.963889122009277,12.010000228881836,0.0,3.0,3.0,0.0,321.4079895019531,2021,12,2021-12,1408.0,1392.0,2800.0,1408.0,23.973889350891113,6.0,23.973889350891113,6.0,0.22827271981672806,0.22827271981672806,49.849538008371994,0.2507545806723562,50.04166762034098,0.24979183537278818,0.0,,49.714285714285715,0.0,50.28571428571429,,58.73056221257918,50.04166762034098,0.25027228215587716,58.0,2
2021-12-09,1364.0,0.0,1381.0,11.972777366638184,12.010000228881836,0.0,3.0,3.0,0.0,316.3840026855469,2021,12,2021-12,1381.0,1364.0,2745.0,1381.0,23.98277759552002,6.0,23.98277759552002,6.0,0.22909775719445827,0.22909775719445827,49.88657236099243,0.25056842770328447,50.04166762034098,0.24979183537278818,0.0,,49.690346083788704,0.0,50.309653916211296,,57.58298822976913,50.04166762034098,0.2501795288766218,56.833333333333336,2
2021-12-10,1356.0,0.0,1373.0,12.323888778686523,11.648333549499512,0.0,3.0,4.0,0.0,313.343994140625,2021,12,2021-12,1373.0,1356.0,2729.0,1373.0,23.972222328186035,7.0,23.972222328186035,7.0,0.22821849536826294,0.22821849536826294,51.34953657786051,0.24342965551493229,48.53472312291463,0.3433967599744657,0.0,,49.688530597288384,0.0,50.311469402711616,,57.27462315355116,51.34953657786051,0.2920046337034655,56.5,2
2021-12-11,1364.0,0.0,1382.0,12.008333206176758,11.965555191040039,0.0,3.0,3.0,0.0,317.5360107421875,2021,12,2021-12,1382.0,1364.0,2746.0,1382.0,23.973888397216797,6.0,23.973888397216797,6.0,0.22976556493645983,0.22976556493645983,50.03472169240316,0.24982651201391398,49.856479962666825,0.2507196659162492,0.0,,49.67225054624909,0.0,50.32774945375091,,57.646051283046795,50.03472169240316,0.2502722921116359,56.833333333333336,2
2021-12-12,1414.0,0.0,1430.0,12.008333206176758,11.981111526489258,0.0,3.0,3.0,0.0,327.42401123046875,2021,12,2021-12,1430.0,1414.0,2844.0,1430.0,23.989444732666016,6.0,23.989444732666016,6.0,0.22896784002130682,0.22896784002130682,50.03472169240316,0.24982651201391398,49.921298027038574,0.2503941302413591,0.0,,49.71870604781997,0.0,50.28129395218003,,59.60954978056635,50.03472169240316,0.25010999907929937,58.916666666666664,2
2021-12-13,1417.0,0.0,1435.0,12.008333206176758,11.953332901000977,0.0,3.0,3.0,0.0,333.31201171875,2021,12,2021-12,1435.0,1417.0,2852.0,1435.0,23.961666107177734,6.0,23.961666107177734,6.0,0.23227317889808363,0.23227317889808363,50.03472169240316,0.24982651201391398,49.80555375417073,0.25097602692457255,0.0,,49.684431977559605,0.0,50.315568022440395,,59.887321423369,50.03472169240316,0.2503999502022397,59.041666666666664,2
2021-12-14,1382.0,0.0,1398.0,12.008333206176758,11.987777709960938,0.0,3.0,3.0,0.0,332.4159851074219,2021,12,2021-12,1398.0,1382.0,2780.0,1398.0,23.996110916137695,6.0,23.996110916137695,6.0,0.23777967461188976,0.23777967461188976,50.03472169240316,0.24982651201391398,49.949073791503906,0.250254890654773,0.0,,49.71223021582733,0.0,50.28776978417267,,58.25944066043748,50.03472169240316,0.2500405178559548,57.583333333333336,2
2021-12-15,1378.0,0.0,1394.0,12.008333206176758,11.949444770812988,0.0,3.0,3.0,0.0,331.42401123046875,2021,12,2021-12,1394.0,1378.0,2772.0,1394.0,23.957777976989746,6.0,23.957777976989746,6.0,0.23775036673634775,0.23775036673634775,50.03472169240316,0.24982651201391398,49.78935321172078,0.25105768992109356,0.0,,49.711399711399714,0.0,50.28860028860029,,58.1856965758205,50.03472169240316,0.2504405878442776,57.416666666666664,2
2021-12-16,1361.0,0.0,1379.0,12.008333206176758,11.957777976989746,0.0,3.0,3.0,0.0,328.0,2021,12,2021-12,1379.0,1361.0,2740.0,1379.0,23.966111183166504,6.0,23.966111183166504,6.0,0.2378535170413343,0.2378535170413343,50.03472169240316,0.24982651201391398,49.82407490412395,0.2508827313714032,0.0,,49.67153284671533,0.0,50.32846715328467,,57.539581180303976,50.03472169240316,0.25035350767354886,56.708333333333336,2
2021-12-17,0.0,0.0,0.0,0.0,0.0005555555690079927,0.0,0.0,0.0,0.0,0.0,2021,12,2021-12,0.0,0.0,0.0,0.0,0.0005555555690079927,0.0,0.0005555555690079927,0.0,,,0.0,,0.0023148148708666367,0.0,0.0,,,,,,0.0,0.0023148148708666367,0.0,,1
2021-12-18,1342.0,0.0,1358.0,12.008333206176758,11.988333702087402,0.0,3.0,3.0,0.0,326.3999938964844,2021,12,2021-12,1358.0,1342.0,2700.0,1358.0,23.99666690826416,6.0,23.99666690826416,6.0,0.24035345647752898,0.24035345647752898,50.03472169240316,0.24982651201391398,49.95139042536418,0.2502432843921955,0.0,,49.7037037037037,0.0,50.2962962962963,,56.59119265152284,50.03472169240316,0.25003472452808323,55.916666666666664,2
2021-12-19,1321.0,0.0,1339.0,12.008333206176758,11.985555648803711,0.0,3.0,3.0,0.0,322.3999938964844,2021,12,2021-12,1339.0,1321.0,2660.0,1339.0,23.99388885498047,6.0,23.99388885498047,6.0,0.2407766944708621,0.2407766944708621,50.03472169240316,0.24982651201391398,49.9398152033488,0.2503012866407602,0.0,,49.661654135338345,0.0,50.33834586466165,,55.80587657519555,50.03472169240316,0.2500636739739905,55.041666666666664,2
2021-12-20,1328.0,0.0,1345.0,12.008333206176758,11.977222442626953,0.0,3.0,3.0,0.0,323.23199462890625,2021,12,2021-12,1345.0,1328.0,2673.0,1345.0,23.98555564880371,6.0,23.98555564880371,6.0,0.24032118559769983,0.24032118559769983,50.03472169240316,0.24982651201391398,49.90509351094563,0.250475434882381,0.0,,49.682005237560794,0.0,50.31799476243921,,56.075415541481625,50.03472169240316,0.250150552601405,55.333333333333336,2
2021-12-21,1343.0,0.0,1360.0,12.008333206176758,11.976666450500488,0.0,3.0,3.0,0.0,324.5119934082031,2021,12,2021-12,1360.0,1343.0,2703.0,1360.0,23.984999656677246,6.0,23.984999656677246,6.0,0.2386117598589729,0.2386117598589729,50.03472169240316,0.24982651201391398,49.90277687708537,0.25048706268968807,0.0,,49.685534591194966,0.0,50.314465408805034,,56.702106294230695,50.03472169240316,0.2501563512980766,55.958333333333336,2
2021-12-22,1328.0,0.0,1345.0,12.008333206176758,11.96166706085205,0.0,3.0,3.0,0.0,322.2080078125,2021,12,2021-12,1345.0,1328.0,2673.0,1345.0,23.97000026702881,6.0,23.97000026702881,6.0,0.23955985710966543,0.23955985710966543,50.03472169240316,0.24982651201391398,49.84027942021687,0.2508011621405474,0.0,,49.682005237560794,0.0,50.31799476243921,,56.11180579960498,50.03472169240316,0.25031288832537535,55.333333333333336,2
2021-12-23,1331.0,0.0,1348.0,12.008333206176758,11.979999542236328,0.0,3.0,3.0,0.0,322.75201416015625,2021,12,2021-12,1348.0,1331.0,2679.0,1348.0,23.988332748413086,6.0,23.988332748413086,6.0,0.23943027756688148,0.23943027756688148,50.03472169240316,0.24982651201391398,49.91666475931804,0.2504173718390631,0.0,,49.68271743187756,0.0,50.31728256812244,,56.19398455647882,50.03472169240316,0.2501215929813597,55.458333333333336,2
2021-12-24,1360.0,0.0,1377.0,12.008333206176758,11.978888511657715,0.0,3.0,3.0,0.0,328.6719970703125,2021,12,2021-12,1377.0,1360.0,2737.0,1377.0,23.987221717834473,6.0,23.987221717834473,6.0,0.23868699859862927,0.23868699859862927,50.03472169240316,0.24982651201391398,49.91203546524048,0.2504405978134311,0.0,,49.68944099378882,0.0,50.31055900621118,,57.40556435413285,50.03472169240316,0.25013317801365076,56.666666666666664,2
2021-12-25,1317.0,0.0,1333.0,12.008333206176758,11.980555534362793,0.0,3.0,3.0,0.0,321.7919921875,2021,12,2021-12,1333.0,1317.0,2650.0,1333.0,23.98888874053955,6.0,23.98888874053955,6.0,0.24140434522693174,0.24140434522693174,50.03472169240316,0.24982651201391398,49.9189813931783,0.2504057505009145,0.0,,49.698113207547166,0.0,50.301886792452834,,55.567392654888714,50.03472169240316,0.2501157958959732,54.875,2
2021-12-26,1329.0,0.0,1345.0,12.008333206176758,11.962778091430664,0.0,3.0,3.0,0.0,323.42401123046875,2021,12,2021-12,1345.0,1329.0,2674.0,1345.0,23.971111297607422,6.0,23.971111297607422,6.0,0.24046394887023698,0.24046394887023698,50.03472169240316,0.24982651201391398,49.844908714294434,0.25077786924334905,0.0,,49.70082273747195,0.0,50.29917726252805,,56.109205088637076,50.03472169240316,0.2503012866407602,55.375,2
2021-12-27,1330.0,0.0,1348.0,12.008333206176758,11.981666564941406,0.0,3.0,3.0,0.0,325.31201171875,2021,12,2021-12,1348.0,1330.0,2678.0,1348.0,23.989999771118164,6.0,23.989999771118164,6.0,0.24132938554803413,0.24132938554803413,50.03472169240316,0.24982651201391398,49.92361068725586,0.25038253098930824,0.0,,49.663928304705,0.0,50.33607169529499,,56.19007973576026,50.03472169240316,0.25010421247371034,55.416666666666664,2
2021-12-28,1315.0,11.0,1339.0,13.094444274902344,11.071666717529297,0.1111111119389534,4.0,4.0,1.0,326.4320068359375,2021,12,2021-12,1339.0,1326.0,2665.0,1350.0,24.16611099243164,8.0,24.277222104370594,9.0,0.24378790652422516,0.2418014865451389,54.560184478759766,0.30547306292842513,46.13194465637207,0.3612825514036627,0.46296296641230583,8.999999932944775,49.34333958724203,0.41275797373358347,50.24390243902439,98.99999926239252,55.40817057487442,54.560184478759766,0.33104209454741995,54.791666666666664,3
2021-12-29,1332.0,4.0,1349.0,13.199999809265137,10.792222023010254,0.0,3.0,4.0,0.0,324.35198974609375,2021,12,2021-12,1349.0,1336.0,2685.0,1353.0,23.99222183227539,7.0,23.99222183227539,7.0,0.24043883598672627,0.2397280042469281,54.9999992052714,0.22727273055672978,44.967591762542725,0.370637297071126,0.0,,49.608938547486034,0.14897579143389197,50.24208566108007,,56.22655581590472,54.9999992052714,0.2917612236555471,55.5,2
2021-12-30,1351.0,5.0,1368.0,12.008333206176758,11.960000038146973,0.0,3.0,3.0,0.0,329.1520080566406,2021,12,2021-12,1368.0,1356.0,2724.0,1373.0,23.96833324432373,6.0,23.96833324432373,6.0,0.2406081930238601,0.23973197964795384,50.03472169240316,0.24982651201391398,49.83333349227905,0.2508361196012844,0.0,,49.59618208516887,0.18355359765051393,50.22026431718062,,57.0753079096134,50.03472169240316,0.2503302978491816,56.291666666666664,2
2021-12-31,1366.0,3.0,1383.0,12.008333206176758,11.984999656677246,0.0,3.0,3.0,0.0,332.864013671875,2021,12,2021-12,1383.0,1369.0,2752.0,1386.0,23.993332862854004,6.0,23.993332862854004,6.0,0.2406825839999096,0.24016162602588384,50.03472169240316,0.24982651201391398,49.937498569488525,0.2503128982843649,0.0,,49.63662790697674,0.10901162790697674,50.25436046511628,,57.64101252232168,50.03472169240316,0.250069468643478,56.916666666666664,2
2022-01-01,1280.0,1.0,1294.0,12.008333206176758,11.963889122009277,0.0,3.0,3.0,0.0,312.57598876953125,2022,1,2022-01,1294.0,1281.0,2575.0,1295.0,23.972222328186035,6.0,23.972222328186035,6.0,0.24155795113565012,0.24137141989925193,50.03472169240316,0.24982651201391398,49.849538008371994,0.2507545806723562,0.0,,49.70873786407767,0.03883495145631068,50.25242718446602,,53.979142287469195,50.03472169240316,0.25028968603154184,53.333333333333336,2
2022-01-02,1268.0,1.0,1283.0,12.008333206176758,11.985555648803711,0.0,3.0,3.0,0.0,314.0799865722656,2022,1,2022-01,1283.0,1269.0,2552.0,1284.0,23.99388885498047,6.0,23.99388885498047,6.0,0.24480123661127484,0.24461058144257447,50.03472169240316,0.24982651201391398,49.9398152033488,0.2503012866407602,0.0,,49.686520376175544,0.03918495297805642,50.274294670846395,,53.4719489514383,50.03472169240316,0.2500636739739905,52.833333333333336,2
2022-01-03,1212.0,5.0,1230.0,12.008333206176758,11.95888900756836,0.0555555559694767,3.0,3.0,1.0,305.9200134277344,2022,1,2022-01,1230.0,1217.0,2447.0,1235.0,23.967222213745117,6.0,24.022777769714594,7.0,0.24871545807132875,0.24770851289695092,50.03472169240316,0.24982651201391398,49.82870419820149,0.25085942332113004,0.23148148320615292,17.99999986588955,49.53003677973028,0.2043318348998774,50.265631385369836,89.99999932944775,51.32008995579802,50.03472169240316,0.25034190222340497,50.5,3
2022-01-04,0.0,0.0,0.0,0.0,0.004444444552063942,0.0,0.0,0.0,0.0,0.03200000151991844,2022,1,2022-01,0.0,0.0,0.0,0.0,0.004444444552063942,0.0,0.004444444552063942,0.0,,,0.0,,0.018518518966933094,0.0,0.0,,,,,,0.0,0.018518518966933094,0.0,,1
2022-01-05,1271.0,20.0,1305.0,12.008333206176758,11.959444046020508,0.24944444000720978,3.0,3.0,1.0,322.78399658203125,2022,1,2022-01,1305.0,1291.0,2596.0,1325.0,23.967777252197266,6.0,24.217221692204475,7.0,0.24734405868354886,0.24361056345813678,50.03472169240316,0.24982651201391398,49.83101685841878,0.2508477809215761,1.0393518333633742,4.0089087572811675,48.95993836671803,0.7704160246533128,50.26964560862866,80.17817514562334,54.4481028118852,50.03472169240316,0.2503361048822308,52.958333333333336,3
2022-01-06,1286.0,1.0,1302.0,12.008333206176758,11.984444618225098,0.0,3.0,3.0,0.0,317.2799987792969,2022,1,2022-01,1302.0,1287.0,2589.0,1303.0,23.992777824401855,6.0,23.992777824401855,6.0,0.24368663500714047,0.24349961533330536,50.03472169240316,0.24982651201391398,49.93518590927124,0.25032449108553695,0.0,,49.67168791039011,0.03862495171881035,50.28968713789108,,54.26633004019238,50.03472169240316,0.25007525364143957,53.583333333333336,2
2022-01-07,1278.0,3.0,1293.0,12.008333206176758,11.966111183166504,0.0,3.0,3.0,0.0,314.5920104980469,2022,1,2022-01,1293.0,1281.0,2574.0,1296.0,23.97444438934326,6.0,23.97444438934326,6.0,0.24330395243468436,0.24274074884108554,50.03472169240316,0.24982651201391398,49.8587965965271,0.2507080165041666,0.0,,49.65034965034965,0.11655011655011654,50.23310023310024,,53.932428172339364,50.03472169240316,0.2502664880386978,53.25,2
2022-01-08,1311.0,2.0,1326.0,12.008333206176758,11.982222557067871,0.0,3.0,3.0,0.0,316.6080017089844,2022,1,2022-01,1326.0,1313.0,2639.0,1328.0,23.99055576324463,6.0,23.99055576324463,6.0,0.23876923205805758,0.2384096398411027,50.03472169240316,0.24982651201391398,49.925927321116134,0.2503709128846393,0.0,,49.677908298597956,0.07578628268283441,50.24630541871922,,55.271749978861834,50.03472169240316,0.25009841619394496,54.625,2
2022-01-09,1324.0,1.0,1340.0,12.008333206176758,11.966666221618652,0.0,3.0,3.0,0.0,311.0719909667969,2022,1,2022-01,1340.0,1325.0,2665.0,1341.0,23.97499942779541,6.0,23.97499942779541,6.0,0.2321432768408932,0.2319701647776263,50.03472169240316,0.24982651201391398,49.861109256744385,0.25069638815364315,0.0,,49.68105065666041,0.0375234521575985,50.28142589118198,,55.89155503572072,50.03472169240316,0.2502606941897943,55.166666666666664,2
2022-01-10,0.0,0.0,0.0,0.0,0.0011111111380159855,0.0,0.0,0.0,0.0,0.0,2022,1,2022-01,0.0,0.0,0.0,0.0,0.0011111111380159855,0.0,0.0011111111380159855,0.0,,,0.0,,0.0046296297417332734,0.0,0.0,,,,,,0.0,0.0046296297417332734,0.0,,1
2022-01-11,1314.0,1.0,1331.0,12.008333206176758,11.980555534362793,0.0,3.0,3.0,0.0,308.0320129394531,2022,1,2022-01,1331.0,1315.0,2646.0,1332.0,23.98888874053955,6.0,23.98888874053955,6.0,0.23142901047291745,0.2312552649695594,50.03472169240316,0.24982651201391398,49.9189813931783,0.2504057505009145,0.0,,49.65986394557823,0.03779289493575208,50.30234315948602,,55.48402072292339,50.03472169240316,0.2501157958959732,54.75,2
2022-01-12,1335.0,1.0,1351.0,12.008333206176758,11.984444618225098,0.0,3.0,3.0,0.0,311.00799560546875,2022,1,2022-01,1351.0,1336.0,2687.0,1352.0,23.992777824401855,6.0,23.992777824401855,6.0,0.23020577024831143,0.23003549970818696,50.03472169240316,0.24982651201391398,49.93518590927124,0.25032449108553695,0.0,,49.68366207666543,0.037216226274655755,50.279121697059914,,56.30861127826414,50.03472169240316,0.25007525364143957,55.625,2
2022-01-13,1328.0,0.0,1344.0,12.008333206176758,11.959444046020508,0.0,3.0,3.0,0.0,309.1199951171875,2022,1,2022-01,1344.0,1328.0,2672.0,1344.0,23.967777252197266,6.0,23.967777252197266,6.0,0.22999999636695498,0.22999999636695498,50.03472169240316,0.24982651201391398,49.83101685841878,0.2508477809215761,0.0,,49.700598802395206,0.0,50.29940119760479,,56.0752874936197,50.03472169240316,0.2503361048822308,55.333333333333336,2
2022-01-14,1376.0,1.0,1394.0,12.008333206176758,11.989444732666016,0.0,3.0,3.0,0.0,320.76800537109375,2022,1,2022-01,1394.0,1377.0,2771.0,1395.0,23.997777938842773,6.0,23.997777938842773,6.0,0.2301061731499955,0.22994122248823926,50.03472169240316,0.24982651201391398,49.95601971944173,0.25022009499958797,0.0,,49.65716347888849,0.03608805485384337,50.306748466257666,,58.08871152789831,50.03472169240316,0.25002314861362257,57.333333333333336,2
2022-01-15,1415.0,1.0,1432.0,12.008333206176758,11.95555591583252,0.0,3.0,3.0,0.0,327.9360046386719,2022,1,2022-01,1432.0,1416.0,2848.0,1433.0,23.963889122009277,6.0,23.963889122009277,6.0,0.22900558983147476,0.22884578132496292,50.03472169240316,0.24982651201391398,49.81481631596883,0.2509293604680612,0.0,,49.68398876404495,0.0351123595505618,50.28089887640449,,59.756577603457565,50.03472169240316,0.2503767218021965,58.958333333333336,2
2022-01-16,1390.0,2.0,1407.0,10.787221908569336,13.212778091430664,0.0,3.0,3.0,0.0,323.23199462890625,2022,1,2022-01,1407.0,1392.0,2799.0,1409.0,24.0,6.0,24.0,6.0,0.2297313394661736,0.22940524813974894,44.94675795237224,0.27810682170326073,55.05324204762777,0.22705293158186718,0.0,,49.6605930689532,0.07145409074669525,50.26795284030011,,58.625,55.05324204762777,0.25,57.916666666666664,2
2022-01-17,1371.0,1.0,1388.0,12.006667137145996,11.954444885253906,0.0,3.0,3.0,0.0,319.0400085449219,2022,1,2022-01,1388.0,1372.0,2760.0,1389.0,23.961112022399902,6.0,23.961112022399902,6.0,0.2298559139372636,0.2296904309178703,50.027779738108315,0.24986117843799113,49.81018702189128,0.25095268151686173,0.0,,49.673913043478265,0.036231884057971016,50.289855072463766,,57.92719464365579,50.027779738108315,0.2504057405345351,57.125,2
2022-01-18,1381.0,1.0,1397.0,12.006667137145996,11.99222183227539,0.0,3.0,3.0,0.0,320.9280090332031,2022,1,2022-01,1397.0,1382.0,2779.0,1398.0,23.998888969421387,6.0,23.998888969421387,6.0,0.22972656337380323,0.22956223822117533,50.027779738108315,0.24986117843799113,49.96759096781413,0.2501621502635916,0.0,,49.69413458078446,0.035984166966534725,50.269881252249014,,58.211028093009325,50.027779738108315,0.25001157377097777,57.541666666666664,2
2022-01-19,1408.0,1.0,1426.0,12.006667137145996,11.975000381469727,0.0,3.0,3.0,0.0,327.4880065917969,2022,1,2022-01,1426.0,1409.0,2835.0,1427.0,23.981667518615723,6.0,23.981667518615723,6.0,0.2296549835847103,0.22949404806713167,50.027779738108315,0.24986117843799113,49.89583492279053,0.2505219126875553,0.0,,49.66490299823633,0.035273368606701945,50.29982363315697,,59.462086983445595,50.027779738108315,0.2501911093272606,58.666666666666664,2
2022-01-20,1398.0,1.0,1415.0,12.006667137145996,11.992777824401855,0.0,3.0,3.0,0.0,324.4159851074219,2022,1,2022-01,1415.0,1399.0,2814.0,1416.0,23.99944496154785,6.0,23.99944496154785,6.0,0.22926924742573984,0.22910733411541093,50.027779738108315,0.24986117843799113,49.96990760167439,0.250150552601405,0.0,,49.68017057569296,0.03553660270078181,50.28429282160626,,58.9596968707871,50.027779738108315,0.25000578178425625,58.25,2
2022-01-21,1391.0,0.0,1408.0,12.006667137145996,11.95888900756836,0.0,3.0,3.0,0.0,321.47198486328125,2022,1,2022-01,1408.0,1391.0,2799.0,1408.0,23.965556144714355,6.0,23.965556144714355,6.0,0.22831817106767135,0.22831817106767135,50.027779738108315,0.24986117843799113,49.82870419820149,0.25085942332113004,0.0,,49.69632011432655,0.0,50.30367988567346,,58.75098376594681,50.027779738108315,0.2503593058207961,57.958333333333336,2
2022-01-22,1433.0,0.0,1452.0,12.006667137145996,11.99222183227539,0.0,3.0,3.0,0.0,332.6719970703125,2022,1,2022-01,1452.0,1433.0,2885.0,1452.0,23.998888969421387,6.0,23.998888969421387,6.0,0.22911294564071108,0.22911294564071108,50.027779738108315,0.24986117843799113,49.96759096781413,0.2501621502635916,0.0,,49.67071057192374,0.0,50.32928942807625,,60.50280085257663,50.027779738108315,0.25001157377097777,59.708333333333336,2
2022-01-23,1434.0,0.0,1451.0,12.006667137145996,11.970555305480957,0.0,3.0,3.0,0.0,330.8479919433594,2022,1,2022-01,1451.0,1434.0,2885.0,1451.0,23.977222442626953,6.0,23.977222442626953,6.0,0.22801377804504436,0.22801377804504436,50.027779738108315,0.24986117843799113,49.877313772837326,0.25061494002925583,0.0,,49.7053726169844,0.0,50.2946273830156,,60.51576672285432,50.027779738108315,0.25023749161759196,59.75,2
2022-01-24,1436.0,1.0,1451.0,12.006667137145996,11.991666793823242,0.0,3.0,3.0,0.0,329.343994140625,2022,1,2022-01,1451.0,1437.0,2888.0,1452.0,23.99833393096924,6.0,23.99833393096924,6.0,0.2269772530259304,0.22682093260373623,50.027779738108315,0.24986117843799113,49.96527830759685,0.250173729105387,0.0,,49.72299168975069,0.03462603878116344,50.242382271468145,,60.4625306145741,50.027779738108315,0.250017356090589,59.833333333333336,2
2022-01-25,1467.0,0.0,1483.0,12.006667137145996,11.974444389343262,0.0,3.0,3.0,0.0,337.5039978027344,2022,1,2022-01,1483.0,1467.0,2950.0,1483.0,23.981111526489258,6.0,23.981111526489258,6.0,0.22758192704162802,0.22758192704162802,50.027779738108315,0.24986117843799113,49.89351828893025,0.2505335448106361,0.0,,49.728813559322035,0.0,50.271186440677965,,61.840336231366734,50.027779738108315,0.25019690990438326,61.125,2
2022-01-26,1340.0,220.0,1578.0,12.006667137145996,11.99222183227539,2.7699999809265137,3.0,3.0,4.0,420.32000732421875,2022,1,2022-01,1578.0,1560.0,3138.0,1798.0,23.998888969421387,6.0,26.7688889503479,10.0,0.26636248879861774,0.23377086058076682,50.027779738108315,0.24986117843799113,49.96759096781413,0.2501621502635916,11.541666587193806,1.4440433312429388,42.70235818992989,7.0108349267049075,50.2868068833652,79.42238321836165,65.75304390176716,50.027779738108315,0.25001157377097777,55.833333333333336,3
2022-01-27,1423.0,165.0,1598.0,12.006667137145996,11.975000381469727,2.073333263397217,3.0,3.0,3.0,402.7200012207031,2022,1,2022-01,1598.0,1588.0,3186.0,1763.0,23.981667518615723,6.0,26.05500078201294,9.0,0.25201501953736116,0.22842881521310443,50.027779738108315,0.24986117843799113,49.89583492279053,0.2505219126875553,8.638888597488403,1.4469453864278494,44.66415568110483,5.178907721280603,50.15693659761457,79.58199625353171,66.63423211749374,50.027779738108315,0.2501911093272606,59.291666666666664,3
2022-01-28,1362.0,159.0,1531.0,12.006667137145996,11.98888874053955,1.9977778196334839,3.0,3.0,3.0,391.7120056152344,2022,1,2022-01,1531.0,1521.0,3052.0,1690.0,23.995555877685547,6.0,25.99333369731903,9.0,0.255853694066123,0.23178225184333395,50.027779738108315,0.24986117843799113,49.953703085581466,0.2502316991111711,8.32407424847285,1.5016684891167655,44.626474442988204,5.209698558322411,50.16382699868939,79.58842992318857,63.80348126978545,50.027779738108315,0.25004630151450863,56.75,3
2022-01-29,1401.0,100.0,1514.0,12.006667137145996,11.95888900756836,1.2494444847106934,3.0,3.0,2.0,370.68798828125,2022,1,2022-01,1514.0,1501.0,3015.0,1614.0,23.965556144714355,6.0,25.21500062942505,8.0,0.24484015078021795,0.22967037687809788,50.027779738108315,0.24986117843799113,49.82870419820149,0.25085942332113004,5.206018686294556,1.6007113757143812,46.46766169154229,3.316749585406302,50.21558872305141,80.03556878571905,63.17399816878088,50.027779738108315,0.2503593058207961,58.375,3
2022-01-30,1313.0,228.0,1554.0,12.006667137145996,11.989444732666016,2.8561110496520996,3.0,3.0,4.0,417.5679931640625,2022,1,2022-01,1554.0,1541.0,3095.0,1782.0,23.99611186981201,6.0,26.85222291946411,10.0,0.2687052723063465,0.23432547315603955,50.027779738108315,0.24986117843799113,49.95601971944173,0.25022009499958797,11.900462706883747,1.4005057683199105,42.423263327948305,7.366720516962843,50.21001615508885,79.82882879423491,64.7604915509245,50.027779738108315,0.2500405079186274,54.708333333333336,3
2022-01-31,1416.0,101.0,1530.0,9.610555648803711,14.351666450500488,1.2644444704055786,4.0,3.0,2.0,376.5119934082031,2022,1,2022-01,1530.0,1517.0,3047.0,1631.0,23.9622220993042,7.0,25.226666569709778,9.0,0.24608627020143994,0.23084732888301848,40.04398187001546,0.4162090253853227,59.7986102104187,0.20903495843825023,5.268518626689911,1.5817222873840298,46.471939612733834,3.314735805710535,50.21332458155563,79.87697551289351,63.85050575273765,59.7986102104187,0.29212649690795,59.0,3
2022-02-01,1482.0,3.0,1498.0,11.984444618225098,12.010000228881836,0.0,3.0,3.0,0.0,338.8800048828125,2022,2,2022-02,1498.0,1485.0,2983.0,1501.0,23.994444847106934,6.0,23.994444847106934,6.0,0.22622163209800566,0.22576949026170054,49.93518590927124,0.25032449108553695,50.04166762034098,0.24979183537278818,0.0,,49.681528662420384,0.10056989607777406,50.217901441501844,,62.43111726673757,50.04166762034098,0.2500578795730477,61.75,2
2022-02-02,1484.0,4.0,1499.0,11.957221984863281,12.010000228881836,0.0,3.0,3.0,0.0,338.6239929199219,2022,2,2022-02,1499.0,1488.0,2987.0,1503.0,23.967222213745117,6.0,23.967222213745117,6.0,0.22589992856565835,0.2252987311509793,49.82175827026367,0.25089439702614186,50.04166762034098,0.24979183537278818,0.0,,49.681955138935386,0.13391362571141616,50.1841312353532,,62.543751905480676,50.04166762034098,0.25034190222340497,61.833333333333336,2
2022-02-03,1442.0,49.0,1507.0,11.98611068725586,12.010000228881836,0.601111114025116,3.0,3.0,1.0,354.0480041503906,2022,2,2022-02,1507.0,1491.0,2998.0,1556.0,23.996110916137695,6.0,24.59722203016281,7.0,0.23493563646343107,0.2275372777316135,49.942127863566085,0.2502896959886852,50.04166762034098,0.24979183537278818,2.5046296417713165,1.6635859438762888,48.09873248832555,1.6344229486324215,50.26684456304202,81.51571124993815,62.80184340148732,50.04166762034098,0.2500405178559548,60.083333333333336,3
2022-02-04,1392.0,108.0,1514.0,11.957777976989746,12.010000228881836,1.358888864517212,3.0,3.0,2.0,373.8559875488281,2022,2,2022-02,1514.0,1500.0,3014.0,1622.0,23.967778205871582,6.0,25.326667070388794,8.0,0.2469326205738627,0.23049074448139836,49.82407490412395,0.2508827313714032,50.04166762034098,0.24979183537278818,5.662036935488382,1.4717907050556065,46.18447246184472,3.5832780358327807,50.23224950232249,79.47669807300275,63.16814128516523,50.04166762034098,0.2503360949213946,58.0,3
2022-02-05,1386.0,101.0,1502.0,0.0005555555690079927,0.0,0.0,0.0,0.0,0.0,0.0,2022,2,2022-02,1502.0,1487.0,2989.0,1603.0,0.0005555555690079927,0.0,0.0005555555690079927,0.0,0.0,0.0,0.0023148148708666367,0.0,0.0,,0.0,,46.37002341920375,3.3790565406490467,50.25092004014721,,2703599.934533985,0.0023148148708666367,0.0,57.75,1
2022-02-06,1313.0,225.0,1552.0,11.956110954284668,12.010000228881836,2.819444417953491,3.0,3.0,4.0,416.9280090332031,2022,2,2022-02,1552.0,1538.0,3090.0,1777.0,23.966111183166504,6.0,26.785555601119995,10.0,0.2686391810780948,0.23462465336702484,49.81712897618611,0.2509177115761795,50.04166762034098,0.24979183537278818,11.747685074806213,1.4187192251526708,42.49190938511327,7.281553398058252,50.22653721682848,79.80295641483774,64.75810731822463,50.04166762034098,0.25035350767354886,54.708333333333336,3
2022-02-07,1468.0,1.0,1486.0,11.990555763244629,12.010000228881836,0.0,3.0,3.0,0.0,335.9679870605469,2022,2,2022-02,1486.0,1469.0,2955.0,1487.0,24.000555992126465,6.0,24.000555992126465,6.0,0.22608882036375968,0.225936776772392,49.96064901351929,0.25019690990438326,50.04166762034098,0.24979183537278818,0.0,,49.67851099830795,0.0338409475465313,50.28764805414552,,61.91523231743014,50.04166762034098,0.24999420854951604,61.166666666666664,2
2022-02-08,1448.0,2.0,1464.0,11.953888893127441,12.010000228881836,0.0,3.0,3.0,0.0,330.55999755859375,2022,2,2022-02,1464.0,1450.0,2914.0,1466.0,23.963889122009277,6.0,23.963889122009277,6.0,0.22579234805914875,0.22548430938512534,49.807870388031006,0.25096435367780334,50.04166762034098,0.24979183537278818,0.0,,49.69114619080302,0.06863417982155114,50.240219629375424,,61.091920119735946,50.04166762034098,0.2503767218021965,60.333333333333336,2
2022-02-09,1407.0,35.0,1456.0,11.989999771118164,12.010000228881836,0.41555556654930115,3.0,3.0,1.0,340.2879943847656,2022,2,2022-02,1456.0,1442.0,2898.0,1491.0,24.0,6.0,24.4155555665493,7.0,0.2337142818576687,0.2282280311098361,49.95833237965901,0.2502085118655699,50.04166762034098,0.24979183537278818,1.7314815272887547,2.406417048636409,48.55072463768116,1.2077294685990339,50.24154589371981,84.22459670227431,60.666666666666664,50.04166762034098,0.25,58.625,3
2022-02-10,1407.0,1.0,1424.0,11.947221755981445,12.010000228881836,0.0,3.0,3.0,0.0,323.1679992675781,2022,2,2022-02,1424.0,1408.0,2832.0,1425.0,23.95722198486328,6.0,23.95722198486328,6.0,0.2269438197103779,0.2267845608895285,49.780090649922684,0.2511044041262591,50.04166762034098,0.24979183537278818,0.0,,49.68220338983051,0.03531073446327684,50.282485875706215,,59.43927893224497,50.04166762034098,0.2504463999954142,58.625,2
2022-02-11,1447.0,1.0,1465.0,11.989999771118164,12.010000228881836,0.0,3.0,3.0,0.0,331.3919982910156,2022,2,2022-02,1465.0,1448.0,2913.0,1466.0,24.0,6.0,24.0,6.0,0.22620614217816767,0.2260518405805018,49.95833237965901,0.2502085118655699,50.04166762034098,0.24979183537278818,0.0,,49.6738757294885,0.03432887058015791,50.29179539993134,,61.041666666666664,50.04166762034098,0.25,60.291666666666664,2
2022-02-12,1424.0,1.0,1441.0,11.94777774810791,12.010000228881836,0.0,3.0,3.0,0.0,325.0880126953125,2022,2,2022-02,1441.0,1425.0,2866.0,1442.0,23.957777976989746,6.0,23.957777976989746,6.0,0.22559889847002948,0.22544244985805306,49.78240728378296,0.25109271893470647,50.04166762034098,0.24979183537278818,0.0,,49.68597348220516,0.034891835310537335,50.2791346824843,,60.14748118060067,50.04166762034098,0.2504405878442776,59.333333333333336,2
2022-02-13,1474.0,2.0,1495.0,11.989999771118164,12.010000228881836,0.0,3.0,3.0,0.0,338.239990234375,2022,2,2022-02,1495.0,1476.0,2971.0,1497.0,24.0,6.0,24.0,6.0,0.22624748510660536,0.22594521725743152,49.95833237965901,0.2502085118655699,50.04166762034098,0.24979183537278818,0.0,,49.612924941097276,0.06731740154830024,50.31975765735442,,62.291666666666664,50.04166762034098,0.25,61.416666666666664,2
2022-02-14,1453.0,2.0,1468.0,11.946110725402832,12.010000228881836,0.0,3.0,3.0,0.0,326.33599853515625,2022,2,2022-02,1468.0,1455.0,2923.0,1470.0,23.956110954284668,6.0,23.956110954284668,6.0,0.222299726522586,0.2219972779150723,49.77546135584514,0.25112775772458257,50.04166762034098,0.24979183537278818,0.0,,49.709202873759835,0.06842285323297981,50.22237427300718,,61.27872770339799,50.04166762034098,0.25045801513650406,60.541666666666664,2
2022-02-15,1391.0,2.0,1408.0,11.990555763244629,12.010000228881836,0.0,3.0,3.0,0.0,319.3280029296875,2022,2,2022-02,1408.0,1393.0,2801.0,1410.0,24.000555992126465,6.0,24.000555992126465,6.0,0.22679545662619852,0.22647376094304078,49.96064901351929,0.25019690990438326,50.04166762034098,0.24979183537278818,0.0,,49.66083541592288,0.07140307033202428,50.26776151374509,,58.665307606286426,50.04166762034098,0.24999420854951604,57.958333333333336,2
2022-02-16,1379.0,1.0,1396.0,11.957221984863281,12.010000228881836,0.0,3.0,3.0,0.0,317.343994140625,2022,2,2022-02,1396.0,1380.0,2776.0,1397.0,23.967222213745117,6.0,23.967222213745117,6.0,0.227323778037697,0.22716105521877236,49.82175827026367,0.25089439702614186,50.04166762034098,0.24979183537278818,0.0,,49.67579250720461,0.03602305475504323,50.28818443804035,,58.24621591731223,50.04166762034098,0.25034190222340497,57.458333333333336,2
2022-02-17,1399.0,0.0,1416.0,11.991666793823242,12.010000228881836,0.0,3.0,3.0,0.0,321.21600341796875,2022,2,2022-02,1416.0,1399.0,2815.0,1416.0,24.001667022705078,6.0,24.001667022705078,6.0,0.2268474600409384,0.2268474600409384,49.96527830759685,0.250173729105387,50.04166762034098,0.24979183537278818,0.0,,49.69804618117229,0.0,50.301953818827705,,58.99590218714781,50.04166762034098,0.24998263638621954,58.291666666666664,2
2022-02-18,1391.0,0.0,1409.0,11.783333778381348,12.171111106872559,0.0,3.0,4.0,0.0,320.2879943847656,2022,2,2022-02,1409.0,1391.0,2800.0,1409.0,23.954444885253906,7.0,23.954444885253906,7.0,0.2273158228422751,0.2273158228422751,49.097224076588944,0.25459687864431385,50.71296294530233,0.32864706967808005,0.0,,49.67857142857143,0.0,50.32142857142857,,58.81998129154581,50.71296294530233,0.2922213406961112,57.958333333333336,2
2022-02-19,1051.0,374.0,1431.0,11.081110954284668,12.009444236755371,4.67722225189209,3.0,3.0,7.0,424.79998779296875,2022,2,2022-02,1431.0,1425.0,2856.0,1805.0,23.09055519104004,6.0,27.76777744293213,13.0,0.2968553373815295,0.23534625362491343,46.17129564285278,0.2707309774603428,50.03935098648071,0.24980339979583596,19.488426049550377,1.4966147903637186,36.799719887955185,13.095238095238097,50.10504201680672,79.9619902280044,61.97339077214043,50.03935098648071,0.259846502189268,43.791666666666664,3
2022-02-20,1381.0,1.0,1400.0,11.954444885253906,12.010000228881836,0.0,3.0,3.0,0.0,316.57598876953125,2022,2,2022-02,1400.0,1382.0,2782.0,1401.0,23.964445114135742,6.0,23.964445114135742,6.0,0.2261257062639509,0.22596430319024358,49.81018702189128,0.25095268151686173,50.04166762034098,0.24979183537278818,0.0,,49.64054636951833,0.03594536304816679,50.3235082674335,,58.419879673082505,50.04166762034098,0.2503709128846393,57.541666666666664,2
2022-02-21,1403.0,2.0,1420.0,11.987777709960938,12.010000228881836,0.0,3.0,3.0,0.0,320.6080017089844,2022,2,2022-02,1420.0,1405.0,2825.0,1422.0,23.997777938842773,6.0,23.997777938842773,6.0,0.22578028289365096,0.22546272975315357,49.949073791503906,0.250254890654773,50.04166762034098,0.24979183537278818,0.0,,49.663716814159294,0.07079646017699115,50.26548672566372,,59.172145171890676,50.04166762034098,0.25002314861362257,58.458333333333336,2
2022-02-22,1398.0,1.0,1416.0,11.960000038146973,12.010000228881836,0.0,3.0,3.0,0.0,320.2879943847656,2022,2,2022-02,1416.0,1399.0,2815.0,1417.0,23.97000026702881,6.0,23.97000026702881,6.0,0.22619208642991923,0.2260324589871317,49.83333349227905,0.2508361196012844,50.04166762034098,0.24979183537278818,0.0,,49.662522202486684,0.035523978685612786,50.301953818827705,,59.07384164478859,50.04166762034098,0.25031288832537535,58.25,2
2022-02-23,1300.0,97.0,1412.0,11.988333702087402,12.010000228881836,1.2066667079925537,3.0,3.0,2.0,346.6239929199219,2022,2,2022-02,1412.0,1397.0,2809.0,1509.0,23.99833393096924,6.0,25.205000638961792,8.0,0.24548441424923645,0.22970443533460694,49.95139042536418,0.2502432843921955,50.04166762034098,0.24979183537278818,5.027777949968973,1.657458506771318,46.279814880740474,3.4531861872552505,50.26699893200427,80.38673757840893,58.837417799985275,50.04166762034098,0.250017356090589,54.166666666666664,3
2022-02-24,1361.0,0.0,1377.0,11.95555591583252,12.010000228881836,0.0,3.0,3.0,0.0,313.8559875488281,2022,2,2022-02,1377.0,1361.0,2738.0,1377.0,23.965556144714355,6.0,23.965556144714355,6.0,0.22792736931650553,0.22792736931650553,49.81481631596883,0.2509293604680612,50.04166762034098,0.24979183537278818,0.0,,49.70781592403214,0.0,50.29218407596786,,57.457460685872704,50.04166762034098,0.2503593058207961,56.708333333333336,2
2022-02-25,1391.0,0.0,1407.0,11.983888626098633,12.010000228881836,0.0,3.0,3.0,0.0,318.3999938964844,2022,2,2022-02,1407.0,1391.0,2798.0,1407.0,23.99388885498047,6.0,23.99388885498047,6.0,0.22629708166061435,0.22629708166061435,49.932869275410965,0.2503361048822308,50.04166762034098,0.24979183537278818,0.0,,49.714081486776266,0.0,50.28591851322373,,58.63993154690077,50.04166762034098,0.2500636739739905,57.958333333333336,2
2022-02-26,1406.0,0.0,1424.0,11.95888900756836,12.010000228881836,0.0,3.0,3.0,0.0,322.6239929199219,2022,2,2022-02,1424.0,1406.0,2830.0,1424.0,23.968889236450195,6.0,23.968889236450195,6.0,0.226561792780844,0.226561792780844,49.82870419820149,0.25085942332113004,50.04166762034098,0.24979183537278818,0.0,,49.68197879858657,0.0,50.31802120141343,,59.410345884300774,50.04166762034098,0.25032449108553695,58.583333333333336,2
2022-02-27,1177.0,194.0,1397.0,10.44111156463623,13.554444313049316,2.424999952316284,3.0,4.0,4.0,372.7040100097656,2022,2,2022-02,1397.0,1371.0,2768.0,1591.0,23.995555877685547,7.0,26.42055583000183,11.0,0.26678884037921663,0.2342577058515183,43.50463151931763,0.28732572977774906,56.476851304372154,0.295106159103038,10.104166467984516,1.6494845685169293,42.52167630057804,7.008670520231214,50.46965317919076,80.00000157307107,58.21911386929476,56.476851304372154,0.29172068510026006,49.041666666666664,3
2022-02-28,1351.0,50.0,1402.0,12.008333206176758,11.943333625793457,0.6155555844306946,3.0,3.0,1.0,332.2239990234375,2022,2,2022-02,1402.0,1401.0,2803.0,1452.0,23.951666831970215,6.0,24.56722241640091,7.0,0.23696433596536198,0.2288044070409349,50.03472169240316,0.24982651201391398,49.76389010747273,0.25118615070092665,2.5648149351278944,1.624548660256026,48.19835890117731,1.783803068141277,50.01783803068142,81.2274330128013,58.534548340019406,50.03472169240316,0.2505044864765452,56.291666666666664,3
2022-03-01,1375.0,2.0,1393.0,12.008333206176758,11.993332862854004,0.0,3.0,3.0,0.0,315.45599365234375,2022,3,2022-03,1393.0,1377.0,2770.0,1395.0,24.00166606903076,6.0,24.00166606903076,6.0,0.22645799975042624,0.22613332878304213,50.03472169240316,0.24982651201391398,49.97222026189168,0.25013897590482637,0.0,,49.63898916967509,0.07220216606498195,50.28880866425993,,58.037637720382314,50.03472169240316,0.2499826463189475,57.291666666666664,2
2022-03-02,1397.0,1.0,1414.0,12.008333206176758,11.95111083984375,0.0,3.0,3.0,0.0,321.0880126953125,2022,3,2022-03,1414.0,1398.0,2812.0,1415.0,23.959444046020508,6.0,23.959444046020508,6.0,0.22707780247193246,0.22691732345958482,50.03472169240316,0.24982651201391398,49.796295166015625,0.2510226907107509,0.0,,49.679943100995736,0.03556187766714083,50.28449502133713,,59.016394424012326,50.03472169240316,0.25042317294488964,58.208333333333336,2
2022-03-03,1418.0,1.0,1435.0,12.008333206176758,11.993888854980469,0.0,3.0,3.0,0.0,325.9200134277344,2022,3,2022-03,1435.0,1419.0,2854.0,1436.0,24.002222061157227,6.0,24.002222061157227,6.0,0.22712196057681838,0.2269637976516256,50.03472169240316,0.24982651201391398,49.97453689575195,0.2501273803912439,0.0,,49.68465311843027,0.0350385423966363,50.28030833917308,,59.786131314994336,50.03472169240316,0.2499768556724502,59.083333333333336,2
2022-03-04,1380.0,3.0,1398.0,12.008333206176758,11.944999694824219,0.0,3.0,3.0,0.0,317.7919921875,2022,3,2022-03,1398.0,1383.0,2781.0,1401.0,23.953332901000977,6.0,23.953332901000977,6.0,0.22731902159334763,0.22683225709314775,50.03472169240316,0.24982651201391398,49.77083206176758,0.2511511156672447,0.0,,49.622437971952536,0.10787486515641855,50.26968716289104,,58.363485606697324,50.03472169240316,0.25048706268968807,57.5,2
2022-03-05,1426.0,1.0,1446.0,9.4350004196167,14.56611156463623,0.0,4.0,3.0,0.0,328.4800109863281,2022,3,2022-03,1446.0,1427.0,2873.0,1447.0,24.00111198425293,7.0,24.00111198425293,7.0,0.22716459957560728,0.2270076095275246,39.31250174840291,0.42395334627473197,60.69213151931763,0.20595750531551837,0.0,,49.634528367560044,0.034806822137138885,50.330664810302814,,60.24720858553208,60.69213151931763,0.2916531535952452,59.416666666666664,2
2022-03-06,1374.0,51.0,1440.0,11.975000381469727,12.010000228881836,0.6233333349227905,3.0,3.0,1.0,340.54400634765625,2022,3,2022-03,1440.0,1425.0,2865.0,1491.0,23.985000610351562,6.0,24.608333945274353,7.0,0.2364888932969835,0.22839973598099012,49.89583492279053,0.2505219126875553,50.04166762034098,0.24979183537278818,2.5972222288449602,1.6042780707755113,47.95811518324607,1.780104712041885,50.26178010471204,81.81818160955108,60.03752192436959,50.04166762034098,0.25015634135153997,57.25,3
2022-03-07,1412.0,3.0,1430.0,11.989999771118164,12.010000228881836,0.0,3.0,3.0,0.0,323.5199890136719,2022,3,2022-03,1430.0,1415.0,2845.0,1433.0,24.0,6.0,24.0,6.0,0.2262377545550153,0.22576412352663774,49.95833237965901,0.2502085118655699,50.04166762034098,0.24979183537278818,0.0,,49.63093145869947,0.1054481546572935,50.26362038664324,,59.583333333333336,50.04166762034098,0.25,58.833333333333336,2
2022-03-08,1419.0,1.0,1436.0,11.970000267028809,12.010000228881836,0.0,3.0,3.0,0.0,325.24798583984375,2022,3,2022-03,1436.0,1420.0,2856.0,1437.0,23.980000495910645,6.0,23.980000495910645,6.0,0.22649581186618645,0.22633819473893094,49.87500111262004,0.2506265608250199,50.04166762034098,0.24979183537278818,0.0,,49.68487394957983,0.0350140056022409,50.280112044817926,,59.88323479162913,50.04166762034098,0.2502085019148849,59.125,2
2022-03-09,1423.0,1.0,1440.0,11.978333473205566,12.010000228881836,0.0,3.0,3.0,0.0,325.3760070800781,2022,3,2022-03,1440.0,1424.0,2864.0,1441.0,23.988333702087402,6.0,23.988333702087402,6.0,0.22595556047227647,0.22579875578076206,49.90972280502319,0.2504522024462522,50.04166762034098,0.24979183537278818,0.0,,49.685754189944134,0.034916201117318434,50.27932960893855,,60.02917992902087,50.04166762034098,0.25012158303758697,59.291666666666664,2
2022-03-10,1436.0,2.0,1453.0,11.956666946411133,12.010000228881836,0.0,3.0,3.0,0.0,327.8399963378906,2022,3,2022-03,1453.0,1438.0,2891.0,1455.0,23.96666717529297,6.0,23.96666717529297,6.0,0.22562972906943607,0.22531958511195233,49.81944561004639,0.25090604375331105,50.04166762034098,0.24979183537278818,0.0,,49.671393981321344,0.06918021445866482,50.259425804219994,,60.62586797624849,50.04166762034098,0.25034769983309774,59.833333333333336,2
2022-03-11,1435.0,3.0,1453.0,11.989999771118164,12.010000228881836,0.0,3.0,3.0,0.0,327.5199890136719,2022,3,2022-03,1453.0,1438.0,2891.0,1456.0,24.0,6.0,24.0,6.0,0.22540949003005634,0.22494504739949991,49.95833237965901,0.2502085118655699,50.04166762034098,0.24979183537278818,0.0,,49.63680387409201,0.10377032168799724,50.259425804219994,,60.541666666666664,50.04166762034098,0.25,59.791666666666664,2
2022-03-12,1463.0,3.0,1482.0,11.957777976989746,12.010000228881836,0.0,3.0,3.0,0.0,333.7919921875,2022,3,2022-03,1482.0,1466.0,2948.0,1485.0,23.967778205871582,6.0,23.967778205871582,6.0,0.2252307639591768,0.2247757523148148,49.82407490412395,0.2508827313714032,50.04166762034098,0.24979183537278818,0.0,,49.62686567164179,0.10176390773405698,50.27137042062415,,61.83301544558446,50.04166762034098,0.2503360949213946,60.958333333333336,2
2022-03-13,1453.0,55.0,1523.0,11.987777709960938,12.010000228881836,0.6616666913032532,3.0,3.0,1.0,357.6960144042969,2022,3,2022-03,1523.0,1508.0,3031.0,1578.0,23.997777938842773,6.0,24.659444630146027,7.0,0.23486278030485677,0.22667681521184846,49.949073791503906,0.250254890654773,50.04166762034098,0.24979183537278818,2.7569445470968885,1.5113349563212075,47.93797426591884,1.8145826459914218,50.24744308808974,83.1234225976664,63.464209223091196,50.04166762034098,0.25002314861362257,60.541666666666664,3
2022-03-14,1472.0,4.0,1490.0,11.95555591583252,12.010000228881836,0.0,3.0,3.0,0.0,334.9440002441406,2022,3,2022-03,1490.0,1476.0,2966.0,1494.0,23.965556144714355,6.0,23.965556144714355,6.0,0.22479463103633598,0.22419277124775142,49.81481631596883,0.2509293604680612,50.04166762034098,0.24979183537278818,0.0,,49.629130141604854,0.13486176668914363,50.236008091706,,62.17256094549769,50.04166762034098,0.2503593058207961,61.333333333333336,2
2022-03-15,1460.0,2.0,1478.0,11.98888874053955,12.010000228881836,0.0,3.0,3.0,0.0,334.4320068359375,2022,3,2022-03,1478.0,1462.0,2940.0,1480.0,23.998888969421387,6.0,23.998888969421387,6.0,0.22627334697966,0.22596757218644425,49.953703085581466,0.2502316991111711,50.04166762034098,0.24979183537278818,0.0,,49.65986394557823,0.06802721088435373,50.27210884353741,,61.586184338917526,50.04166762034098,0.25001157377097777,60.833333333333336,2
2022-03-16,1479.0,2.0,1497.0,11.972777366638184,12.010000228881836,0.0,3.0,3.0,0.0,337.24798583984375,2022,3,2022-03,1497.0,1481.0,2978.0,1499.0,23.98277759552002,6.0,23.98277759552002,6.0,0.2252825556712383,0.2249819785455929,49.88657236099243,0.25056842770328447,50.04166762034098,0.24979183537278818,0.0,,49.66420416386837,0.0671591672263264,50.26863666890531,,62.41979245471715,50.04166762034098,0.2501795288766218,61.625,2
2022-03-17,1498.0,2.0,1515.0,11.989444732666016,12.010000228881836,0.0,3.0,3.0,0.0,341.9840087890625,2022,3,2022-03,1515.0,1500.0,3015.0,1517.0,23.99944496154785,6.0,23.99944496154785,6.0,0.22573201900268153,0.2254344158134888,49.95601971944173,0.25022009499958797,50.04166762034098,0.24979183537278818,0.0,,49.6849087893864,0.06633499170812604,50.24875621890548,,63.1264599005247,50.04166762034098,0.25000578178425625,62.416666666666664,2
2022-03-18,1439.0,2.0,1457.0,11.954444885253906,12.010000228881836,0.0,3.0,3.0,0.0,328.1919860839844,2022,3,2022-03,1457.0,1441.0,2898.0,1459.0,23.964445114135742,6.0,23.964445114135742,6.0,0.2252518778888019,0.22494310218230595,49.81018702189128,0.25095268151686173,50.04166762034098,0.24979183537278818,0.0,,49.65493443754313,0.06901311249137336,50.27605244996549,,60.79840334548658,50.04166762034098,0.2503709128846393,59.958333333333336,2
2022-03-19,1431.0,52.0,1500.0,11.990555763244629,12.010000228881836,0.6361111402511597,3.0,3.0,1.0,352.447998046875,2022,3,2022-03,1500.0,1483.0,2983.0,1552.0,24.000555992126465,6.0,24.636667132377625,7.0,0.23496533203125,0.22709278224669782,49.96064901351929,0.25019690990438326,50.04166762034098,0.24979183537278818,2.6504630843798322,1.5720523297315054,47.97184042909822,1.7432115320147503,50.28494803888702,81.74672114603828,62.49855213737901,50.04166762034098,0.24999420854951604,59.625,3
2022-03-20,1419.0,50.0,1484.0,11.954999923706055,12.010000228881836,0.6111111044883728,3.0,3.0,1.0,346.8160095214844,2022,3,2022-03,1484.0,1469.0,2953.0,1534.0,23.96500015258789,6.0,24.576111257076263,7.0,0.23370351045922128,0.2260860557506417,49.812499682108566,0.2509410304596638,50.04166762034098,0.24979183537278818,2.5462962687015533,1.63636365409725,48.05282763291568,1.6931933626820181,50.253979004402304,81.8181827048625,61.923638245408,50.04166762034098,0.2503651141997628,59.125,3
2022-03-21,1454.0,2.0,1471.0,11.977222442626953,12.010000228881836,0.0,3.0,3.0,0.0,331.7439880371094,2022,3,2022-03,1471.0,1456.0,2927.0,1473.0,23.98722267150879,6.0,23.98722267150879,6.0,0.22552276549089692,0.22521655671222632,49.90509351094563,0.250475434882381,50.04166762034098,0.24979183537278818,0.0,,49.675435599590024,0.0683293474547318,50.25623505295525,,61.324315038239256,50.04166762034098,0.25013316806895686,60.583333333333336,2
2022-03-22,1436.0,2.0,1454.0,12.508889198303223,11.402777671813965,0.0,3.0,4.0,0.0,329.9200134277344,2022,3,2022-03,1454.0,1438.0,2892.0,1456.0,23.911666870117188,7.0,23.911666870117188,7.0,0.2269050986435587,0.22659341581575163,52.12037165959676,0.2398294486777401,47.51157363255818,0.35079172067762293,0.0,,49.654218533886585,0.06915629322268327,50.27662517289073,,60.80713686326436,52.12037165959676,0.29274412520141024,59.833333333333336,2
2022-03-23,1403.0,48.0,1466.0,13.640000343322754,10.360555648803711,0.5827777981758118,4.0,3.0,1.0,346.0799865722656,2022,3,2022-03,1466.0,1451.0,2917.0,1514.0,24.000555992126465,7.0,24.583333790302277,8.0,0.23607093217753453,0.2285865168905321,56.83333476384481,0.2932551245834929,43.16898187001546,0.28955975931140304,2.4282408257325487,1.715919863677307,48.09736030167981,1.64552622557422,50.25711347274597,82.36415345651073,61.081918288931746,56.83333476384481,0.29165990997443536,58.458333333333336,3
2022-03-24,1305.0,152.0,1473.0,11.92388916015625,12.010000228881836,1.890555500984192,3.0,3.0,3.0,376.99200439453125,2022,3,2022-03,1473.0,1457.0,2930.0,1625.0,23.933889389038086,6.0,25.824444890022278,9.0,0.2559348298672989,0.23199507962740384,49.682871500651046,0.2515957637399481,50.04166762034098,0.24979183537278818,7.877314587434133,1.586835191264287,44.53924914675768,5.187713310580205,50.27303754266212,80.39964969072388,61.54453110636693,50.04166762034098,0.2506905544047533,54.375,3
2022-03-25,1364.0,52.0,1432.0,11.898333549499512,12.010000228881836,0.6472222208976746,3.0,3.0,1.0,338.656005859375,2022,3,2022-03,1432.0,1416.0,2848.0,1484.0,23.908333778381348,6.0,24.555555999279022,7.0,0.23649162420347417,0.22820485570038745,49.5763897895813,0.2521361489421509,50.04166762034098,0.24979183537278818,2.6967592537403107,1.5450643808443953,47.89325842696629,1.8258426966292134,50.28089887640449,80.34334780390856,59.895432834171764,50.04166762034098,0.2509585174616135,56.833333333333336,3
2022-03-26,1221.0,273.0,1507.0,11.957777976989746,12.010000228881836,3.413888931274414,3.0,3.0,5.0,417.7919921875,2022,3,2022-03,1507.0,1494.0,3001.0,1780.0,23.967778205871582,6.0,27.381667137145996,11.0,0.2772342350282017,0.23471460235252808,49.82407490412395,0.2508827313714032,50.04166762034098,0.24979183537278818,14.224537213643393,1.4646053520357167,40.68643785404865,9.096967677440853,50.2165944685105,79.96745222115014,62.876082507756934,50.04166762034098,0.2503360949213946,50.875,3
2022-03-27,1254.0,163.0,1432.0,10.98888874053955,12.010000228881836,2.040555477142334,3.0,3.0,3.0,370.656005859375,2022,3,2022-03,1432.0,1417.0,2849.0,1595.0,22.998888969421387,6.0,25.03944444656372,9.0,0.25883799291855797,0.23238621057014106,45.787036418914795,0.27300303705256196,50.04166762034098,0.24979183537278818,8.50231448809306,1.470187913832809,44.01544401544402,5.721305721305722,50.26325026325026,79.88020998491595,62.26387726398188,50.04166762034098,0.26088216730718666,52.25,3
2022-03-28,1421.0,0.0,1437.0,11.954444885253906,12.010000228881836,0.0,3.0,3.0,0.0,326.11199951171875,2022,3,2022-03,1437.0,1421.0,2858.0,1437.0,23.964445114135742,6.0,23.964445114135742,6.0,0.2269394568627131,0.2269394568627131,49.81018702189128,0.25095268151686173,50.04166762034098,0.24979183537278818,0.0,,49.72008397480756,0.0,50.27991602519244,,59.96383363587111,50.04166762034098,0.2503709128846393,59.208333333333336,2
2022-03-29,1272.0,215.0,1504.0,11.981111526489258,12.010000228881836,2.6905555725097656,3.0,3.0,4.0,402.52801513671875,2022,3,2022-03,1504.0,1487.0,2991.0,1719.0,23.991111755371094,6.0,26.68166732788086,10.0,0.2676383079366481,0.23416405767115692,49.921298027038574,0.2503941302413591,50.04166762034098,0.24979183537278818,11.210648218790691,1.4866817994280555,42.52758274824473,7.1882313607489134,50.28418589100635,79.90914671925798,62.68988345916428,50.04166762034098,0.25009262018283623,53.0,3
2022-03-30,1378.0,102.0,1493.0,11.958333015441895,12.010000228881836,1.269444465637207,3.0,3.0,2.0,365.5679931640625,2022,3,2022-03,1493.0,1480.0,2973.0,1595.0,23.96833324432373,6.0,25.237777709960938,8.0,0.24485465047827362,0.22919623395865987,49.82638756434123,0.2508710868083432,50.04166762034098,0.24979183537278818,5.289351940155029,1.5754923150545899,46.350487722838885,3.4308779011099895,50.21863437605113,80.35010806778408,62.29052244813801,50.04166762034098,0.2503302978491816,57.416666666666664,3
2022-03-31,1418.0,1.0,1435.0,14.614444732666016,9.348889350891113,0.0,3.0,4.0,0.0,322.52801513671875,2022,3,2022-03,1435.0,1419.0,2854.0,1436.0,23.96333408355713,7.0,23.96333408355713,7.0,0.22475819870154617,0.2246016818500827,60.893519719441734,0.2052763587585671,38.95370562871297,0.42785831020865916,0.0,,49.68465311843027,0.0350385423966363,50.28030833917308,,59.88315294509252,60.893519719441734,0.29211294119557324,59.083333333333336,2
2022-04-01,1360.0,105.0,1482.0,12.008333206176758,11.962778091430664,1.3049999475479126,3.0,3.0,2.0,365.7279968261719,2022,4,2022-04,1482.0,1465.0,2947.0,1587.0,23.971111297607422,6.0,25.276111245155334,8.0,0.24678002484896888,0.23045242396104088,50.03472169240316,0.24982651201391398,49.844908714294434,0.25077786924334905,5.437499781449636,1.5325671114071602,46.14862572107228,3.5629453681710213,50.2884289107567,80.45977334887591,61.82441780026777,50.03472169240316,0.2503012866407602,56.666666666666664,3
2022-04-02,1350.0,105.0,1470.0,12.008333206176758,11.983888626098633,1.3138889074325562,3.0,3.0,2.0,362.55999755859375,2022,4,2022-04,1470.0,1455.0,2925.0,1575.0,23.99222183227539,6.0,25.306110739707947,8.0,0.24663945412149235,0.23019682384672618,50.03472169240316,0.24982651201391398,49.932869275410965,0.2503361048822308,5.474537114302317,1.522198710017394,46.15384615384615,3.5897435897435894,50.256410256410255,79.91543227591318,61.269856967664886,50.03472169240316,0.2500810488476118,56.25,3
2022-04-03,1354.0,103.0,1474.0,12.008333206176758,11.94444465637207,1.2905555963516235,3.0,3.0,2.0,361.9200134277344,2022,4,2022-04,1474.0,1457.0,2931.0,1577.0,23.952777862548828,6.0,25.24333345890045,8.0,0.24553596569045752,0.22949905734161977,50.03472169240316,0.24982651201391398,49.76851940155029,0.25116278624134886,5.377314984798431,1.5497201404216623,46.19583759808939,3.514158990105766,50.29000341180484,79.8105872317156,61.53774766577954,50.03472169240316,0.25049286702488277,56.416666666666664,3
2022-04-04,1400.0,57.0,1473.0,12.008333206176758,11.975000381469727,0.7094444632530212,3.0,3.0,1.0,348.2879943847656,2022,4,2022-04,1473.0,1457.0,2930.0,1530.0,23.983333587646484,6.0,24.692778050899506,7.0,0.23644806136100857,0.22763921201618667,50.03472169240316,0.24982651201391398,49.89583492279053,0.2505219126875553,2.9560185968875885,1.4095536039772474,47.781569965870304,1.9453924914675766,50.27303754266212,80.34455542670311,61.4176504953725,50.03472169240316,0.250173729105387,58.333333333333336,3
2022-04-05,1379.0,154.0,1548.0,12.008333206176758,11.946110725402832,1.920555591583252,3.0,3.0,3.0,391.7120056152344,2022,4,2022-04,1548.0,1533.0,3081.0,1702.0,23.95444393157959,6.0,25.874999523162842,9.0,0.2530439312759912,0.23014806440378047,50.03472169240316,0.24982651201391398,49.77546135584514,0.25112775772458257,8.002314964930218,1.5620479892107078,44.75819539110678,4.998377150275885,50.243427458617326,80.18513011281634,64.62266477241172,50.03472169240316,0.250475444854309,57.458333333333336,3
2022-04-06,1326.0,214.0,1554.0,12.008333206176758,11.98277759552002,2.67722225189209,3.0,3.0,4.0,410.2080078125,2022,4,2022-04,1554.0,1540.0,3094.0,1768.0,23.991110801696777,6.0,26.668333053588867,10.0,0.26396911699646075,0.23201810396634615,50.03472169240316,0.24982651201391398,49.92823998133342,0.25035931578347953,11.155092716217041,1.4940858933818644,42.857142857142854,6.91661279896574,50.2262443438914,79.93359529592975,64.77399120219532,50.03472169240316,0.2500926301243062,55.25,3
2022-04-07,1430.0,0.0,1448.0,12.008333206176758,11.928889274597168,0.0,3.0,3.0,0.0,325.6319885253906,2022,4,2022-04,1448.0,1430.0,2878.0,1448.0,23.937222480773926,6.0,23.937222480773926,6.0,0.2248839699760985,0.2248839699760985,50.03472169240316,0.24982651201391398,49.70370531082153,0.251490304834044,0.0,,49.68728283530229,0.0,50.31271716469771,,60.49156292727844,50.03472169240316,0.2506556474887228,59.583333333333336,2
2022-04-08,1398.0,103.0,1519.0,12.008333206176758,11.976666450500488,1.288888931274414,3.0,3.0,2.0,371.9360046386719,2022,4,2022-04,1519.0,1501.0,3020.0,1622.0,23.984999656677246,6.0,25.27388858795166,8.0,0.24485582925521518,0.22930703121989635,50.03472169240316,0.24982651201391398,49.90277687708537,0.25048706268968807,5.370370546976725,1.5517240869020894,46.29139072847682,3.410596026490066,50.29801324503311,79.9137904754576,63.33124960362973,50.03472169240316,0.2501563512980766,58.25,3
2022-04-09,1253.0,302.0,1570.0,12.008333206176758,11.950555801391602,3.7899999618530273,3.0,3.0,5.0,439.64801025390625,2022,4,2022-04,1570.0,1555.0,3125.0,1872.0,23.95888900756836,6.0,27.748888969421387,11.0,0.28003057977955814,0.2348547063322149,50.03472169240316,0.24982651201391398,49.79398250579834,0.25103434935224184,15.791666507720947,1.3192612269988977,40.096,9.664,50.239999999999995,79.68337811073341,65.52891494693488,50.03472169240316,0.25042897431949634,52.208333333333336,3
2022-04-10,1451.0,52.0,1519.0,12.008333206176758,11.974444389343262,0.6433333158493042,3.0,3.0,1.0,353.7919921875,2022,4,2022-04,1519.0,1503.0,3022.0,1571.0,23.98277759552002,6.0,24.626110911369324,7.0,0.23291112059743252,0.22520177733131763,50.03472169240316,0.24982651201391398,49.89351828893025,0.2505335448106361,2.680555482705434,1.5544041873221472,48.01455989410986,1.7207147584381206,50.26472534745202,80.82901774075167,63.33711739393143,50.03472169240316,0.2501795288766218,60.458333333333336,3
2022-04-11,1276.0,282.0,1572.0,12.008333206176758,11.951666831970215,3.526111125946045,3.0,3.0,5.0,434.78399658203125,2022,4,2022-04,1572.0,1558.0,3130.0,1854.0,23.960000038146973,6.0,27.486111164093018,11.0,0.27658015049747536,0.23451132501727684,50.03472169240316,0.24982651201391398,49.7986117998759,0.25101101312288293,14.692129691441854,1.417992746515757,40.766773162939295,9.00958466453674,50.22364217252397,79.97479090348868,65.60934881040075,50.03472169240316,0.2504173618717586,53.166666666666664,3
2022-04-12,1262.0,293.0,1568.0,12.008333206176758,11.985555648803711,3.6677777767181396,3.0,3.0,5.0,436.3840026855469,2022,4,2022-04,1568.0,1555.0,3123.0,1861.0,23.99388885498047,6.0,27.66166663169861,11.0,0.2783061241617008,0.23448898586004668,50.03472169240316,0.24982651201391398,49.9398152033488,0.2503012866407602,15.282407402992249,1.3632232660709092,40.4098623118796,9.382004482869036,50.20813320525136,79.88488339175528,65.34997346520285,50.03472169240316,0.2500636739739905,52.583333333333336,3
2022-04-13,1467.0,66.0,1551.0,12.008333206176758,11.946666717529297,0.8316666483879089,3.0,3.0,1.0,369.5039978027344,2022,4,2022-04,1551.0,1533.0,3084.0,1617.0,23.954999923706055,6.0,24.786666572093964,7.0,0.23823597537249153,0.22851205801034902,50.03472169240316,0.24982651201391398,49.7777779897054,0.2511160703594511,3.4652777016162872,1.2024048360462525,47.568093385214006,2.140077821011673,50.291828793774314,79.35871917905267,64.74639970527065,50.03472169240316,0.25046963135501216,61.125,3
2022-04-14,1353.0,227.0,1595.0,12.008333206176758,11.973333358764648,2.842777729034424,3.0,3.0,4.0,423.87200927734375,2022,4,2022-04,1595.0,1580.0,3175.0,1822.0,23.981666564941406,6.0,26.82444429397583,10.0,0.2657504760359522,0.2326410588788934,50.03472169240316,0.24982651201391398,49.88888899485271,0.2505567923408695,11.8449072043101,1.4070744818162895,42.61417322834646,7.149606299212598,50.23622047244094,79.85147684307442,66.50913920768613,50.03472169240316,0.25019111927656223,56.375,3
2022-04-15,1341.0,233.0,1591.0,12.008333206176758,11.942222595214844,2.9277777671813965,3.0,3.0,4.0,424.8320007324219,2022,4,2022-04,1591.0,1574.0,3165.0,1824.0,23.9505558013916,6.0,26.878333568572998,10.0,0.2670219992032821,0.23291228110330148,50.03472169240316,0.24982651201391398,49.75926081339519,0.25120951950787423,12.199074029922485,1.366223913863122,42.3696682464455,7.36176935229068,50.26856240126383,79.58254298252686,66.42852104115087,50.03472169240316,0.2505161070062258,55.875,3
2022-04-16,1350.0,220.0,1585.0,12.008333206176758,11.974444389343262,2.7527778148651123,3.0,3.0,4.0,416.57598876953125,2022,4,2022-04,1585.0,1570.0,3155.0,1805.0,23.98277759552002,6.0,26.735555410385132,10.0,0.2628239676779377,0.23079002147896469,50.03472169240316,0.24982651201391398,49.89351828893025,0.2505335448106361,11.46990756193797,1.4530776797167708,42.789223454833596,6.9730586370839935,50.237717908082416,79.9192723844224,66.08909221157427,50.03472169240316,0.2501795288766218,56.25,3
2022-04-17,1491.0,0.0,1508.0,12.008333206176758,11.896666526794434,0.0,3.0,3.0,0.0,337.6000061035156,2022,4,2022-04,1508.0,1491.0,2999.0,1508.0,23.90499973297119,6.0,23.90499973297119,6.0,0.22387268309251698,0.22387268309251698,50.03472169240316,0.24982651201391398,49.56944386164348,0.25217147956893704,0.0,,49.71657219073025,0.0,50.28342780926975,,63.08303772620742,50.03472169240316,0.2509935188045388,62.125,2
2022-04-18,1446.0,1.0,1464.0,12.008333206176758,11.984444618225098,0.0,3.0,3.0,0.0,327.8080139160156,2022,4,2022-04,1464.0,1447.0,2911.0,1465.0,23.992777824401855,6.0,23.992777824401855,6.0,0.22391257781148607,0.22375973646144412,50.03472169240316,0.24982651201391398,49.93518590927124,0.25032449108553695,0.0,,49.67365166609412,0.034352456200618345,50.291995877705254,,61.01836188851125,50.03472169240316,0.25007525364143957,60.25,2
2022-04-19,1339.0,211.0,1567.0,12.008333206176758,11.949444770812988,2.6338889598846436,3.0,3.0,4.0,411.23199462890625,2022,4,2022-04,1567.0,1550.0,3117.0,1778.0,23.957777976989746,6.0,26.59166693687439,10.0,0.26243267047154195,0.23128908584302937,50.03472169240316,0.24982651201391398,49.78935321172078,0.25105768992109356,10.97453733285268,1.5186669069660355,42.95797240936798,6.769329483477702,50.27269810715431,80.10967934245838,65.40673352533051,50.03472169240316,0.2504405878442776,55.791666666666664,3
2022-04-20,1413.0,97.0,1526.0,12.008333206176758,11.97611141204834,1.2100000381469727,3.0,3.0,2.0,367.7439880371094,2022,4,2022-04,1526.0,1510.0,3036.0,1623.0,23.984444618225098,6.0,25.19444465637207,8.0,0.24098557538473747,0.2265828638552738,50.03472169240316,0.24982651201391398,49.90046421686809,0.2504986716290821,5.041666825612387,1.6528925098736815,46.541501976284586,3.194993412384717,50.2635046113307,80.16528672887355,63.62457102052036,50.03472169240316,0.2501621403165938,58.875,3
2022-04-21,1199.0,378.0,1591.0,12.008333206176758,11.942222595214844,4.747777938842773,3.0,3.0,6.0,465.0880126953125,2022,4,2022-04,1591.0,1577.0,3168.0,1969.0,23.9505558013916,6.0,28.698333740234375,12.0,0.2923243323037791,0.23620518674215973,50.03472169240316,0.24982651201391398,49.75926081339519,0.25120951950787423,19.78240807851156,1.263749079524651,37.84722222222222,11.931818181818182,50.22095959595959,79.61619201005301,66.42852104115087,50.03472169240316,0.2505161070062258,49.958333333333336,3
2022-04-22,1357.0,172.0,1544.0,12.008333206176758,11.972777366638184,2.1616666316986084,3.0,3.0,3.0,393.9840087890625,2022,4,2022-04,1544.0,1529.0,3073.0,1716.0,23.98111057281494,6.0,26.14277720451355,9.0,0.25517099014835654,0.2295944107162369,50.03472169240316,0.24982651201391398,49.88657236099243,0.25056842770328447,9.006944298744202,1.3878180640844886,44.15880247315327,5.597136348844777,50.24406117800196,79.56823567417734,64.38400737580031,50.03472169240316,0.25019691985414627,56.541666666666664,3
2022-04-23,1133.0,508.0,1654.0,12.008333206176758,11.943333625793457,6.374444484710693,3.0,3.0,7.0,515.072021484375,2022,4,2022-04,1654.0,1641.0,3295.0,2162.0,23.951666831970215,6.0,30.326111316680908,13.0,0.311409928346055,0.23823867783736125,50.03472169240316,0.24982651201391398,49.76389010747273,0.25118615070092665,26.560185352961224,1.0981349067812451,34.38543247344461,15.41729893778452,50.19726858877086,79.6932189492675,69.05573677203431,50.03472169240316,0.2505044864765452,47.208333333333336,3
2022-04-24,1402.0,108.0,1525.0,12.008333206176758,11.975000381469727,1.358888864517212,3.0,3.0,2.0,372.9599914550781,2022,4,2022-04,1525.0,1510.0,3035.0,1633.0,23.983333587646484,6.0,25.342222452163696,8.0,0.24456392882300204,0.22838946200555918,50.03472169240316,0.24982651201391398,49.89583492279053,0.2505219126875553,5.662036935488382,1.4717907050556065,46.19439868204283,3.558484349258649,50.24711696869851,79.47669807300275,63.585822814285855,50.03472169240316,0.250173729105387,58.416666666666664,3
2022-04-25,1281.0,245.0,1540.0,12.008333206176758,11.94111156463623,3.077777862548828,3.0,3.0,4.0,416.2560119628906,2022,4,2022-04,1540.0,1526.0,3066.0,1785.0,23.94944477081299,6.0,27.027222633361816,10.0,0.2702961116642147,0.2331966453573617,50.03472169240316,0.24982651201391398,49.75463151931763,0.25123289266340515,12.824074427286783,1.2996389533737966,41.78082191780822,7.9908675799086755,50.2283105022831,79.60288589414505,64.30211701094576,50.03472169240316,0.2505277286140744,53.375,3
2022-04-26,1180.0,385.0,1581.0,12.008333206176758,11.985555648803711,4.833333492279053,3.0,3.0,6.0,464.4159851074219,2022,4,2022-04,1581.0,1565.0,3146.0,1966.0,23.99388885498047,6.0,28.82722234725952,12.0,0.2937482511748399,0.2362237971044872,50.03472169240316,0.24982651201391398,49.9398152033488,0.2503012866407602,20.13888955116272,1.2413792695216714,37.50794659885569,12.237762237762238,50.25429116338207,79.65516979430726,65.8917780921465,50.03472169240316,0.2500636739739905,49.166666666666664,3
2022-04-27,1117.0,513.0,1650.0,12.008333206176758,11.949999809265137,6.451666831970215,3.0,3.0,7.0,518.656005859375,2022,4,2022-04,1650.0,1630.0,3280.0,2163.0,23.958333015441895,6.0,30.40999984741211,13.0,0.31433697324810606,0.23978548583420017,50.03472169240316,0.24982651201391398,49.791665871938065,0.25104602911156737,26.88194513320923,1.0849909306092198,34.05487804878049,15.640243902439025,50.30487804878049,79.51433534321853,68.86956613118798,50.03472169240316,0.2504347859315927,46.541666666666664,3
2022-04-28,1144.0,523.0,1682.0,12.008333206176758,11.978333473205566,6.56944465637207,3.0,3.0,7.0,524.6079711914062,2022,4,2022-04,1682.0,1667.0,3349.0,2205.0,23.986666679382324,6.0,30.556111335754395,13.0,0.31189534553591336,0.23791744725233843,50.03472169240316,0.24982651201391398,49.90972280502319,0.2504522024462522,27.37268606821696,1.0655390776768794,34.15945058226336,15.616601970737534,50.223947446999105,79.61099108928686,70.12229012402788,50.03472169240316,0.25013896595967144,47.666666666666664,3
2022-04-29,1278.0,302.0,1584.0,12.008333206176758,11.95111083984375,3.7927777767181396,3.0,3.0,5.0,436.6080017089844,2022,4,2022-04,1584.0,1580.0,3164.0,1886.0,23.959444046020508,6.0,27.752221822738647,11.0,0.2756363647152679,0.23149947068344875,50.03472169240316,0.24982651201391398,49.796295166015625,0.2510226907107509,15.803240736325582,1.3182950054950122,40.391908975979774,9.544879898862199,50.06321112515803,79.62501833189873,66.11171765745087,50.03472169240316,0.25042317294488964,53.25,3
2022-04-30,1124.0,455.0,1595.0,12.008333206176758,11.975000381469727,5.713889122009277,3.0,3.0,6.0,490.1759948730469,2022,4,2022-04,1595.0,1579.0,3174.0,2050.0,23.983333587646484,6.0,29.69722270965576,12.0,0.30732037296115794,0.2391102414014863,50.03472169240316,0.24982651201391398,49.89583492279053,0.2505219126875553,23.807871341705322,1.050072878888856,35.412728418399496,14.335223692501575,50.252047889098925,79.63052664907158,66.50451632051536,50.03472169240316,0.250173729105387,46.833333333333336,3
2022-05-01,1258.0,249.0,1517.0,12.008333206176758,11.957221984863281,3.1305556297302246,3.0,3.0,4.0,411.7120056152344,2022,5,2022-05,1517.0,1507.0,3024.0,1766.0,23.96555519104004,6.0,27.096110820770264,10.0,0.2713988171491327,0.2331325060108915,50.03472169240316,0.24982651201391398,49.82175827026367,0.25089439702614186,13.043981790542603,1.2777284524232204,41.6005291005291,8.234126984126984,50.16534391534392,79.53859616334547,63.299180340589736,50.03472169240316,0.25035931578347953,52.416666666666664,3
2022-05-02,1420.0,55.0,1493.0,12.008333206176758,11.96833324432373,0.6927777528762817,3.0,3.0,1.0,350.2720031738281,2022,5,2022-05,1493.0,1475.0,2968.0,1548.0,23.97666645050049,6.0,24.66944420337677,7.0,0.23460951317737985,0.2262739038590621,50.03472169240316,0.24982651201391398,49.868055184682206,0.25066146962634267,2.8865739703178406,1.4434643662389415,47.84366576819407,1.853099730458221,50.3032345013477,79.39054014314178,62.268873076341904,50.03472169240316,0.2502432943456473,59.166666666666664,3
2022-05-03,1337.0,163.0,1516.0,12.008333206176758,11.938333511352539,2.0350000858306885,3.0,3.0,3.0,386.55999755859375,2022,5,2022-05,1516.0,1500.0,3016.0,1679.0,23.946666717529297,6.0,25.981666803359985,9.0,0.2549868057774365,0.2302322796656306,50.03472169240316,0.24982651201391398,49.743056297302246,0.2512913546222515,8.479167024294537,1.4742014120237237,44.33023872679045,5.404509283819628,50.265251989389924,80.09827671995566,63.3073495314597,50.03472169240316,0.2505567923408695,55.708333333333336,3
2022-05-04,1204.0,342.0,1558.0,12.008333206176758,11.973889350891113,4.291110992431641,3.0,3.0,6.0,447.10400390625,2022,5,2022-05,1558.0,1546.0,3104.0,1900.0,23.98222255706787,6.0,28.27333354949951,12.0,0.28697304486922337,0.23531789679276316,50.03472169240316,0.24982651201391398,49.89120562871297,0.25054515805900074,17.879629135131836,1.3982392929435705,38.78865979381443,11.018041237113401,50.19329896907217,79.69963969778351,64.96478782534012,50.03472169240316,0.2501853189679337,50.166666666666664,3
2022-05-05,1176.0,372.0,1561.0,12.008333206176758,11.977777481079102,4.673333168029785,3.0,3.0,6.0,457.2799987792969,2022,5,2022-05,1561.0,1548.0,3109.0,1933.0,23.98611068725586,6.0,28.659443855285645,12.0,0.2929404220238929,0.23656492435555967,50.03472169240316,0.24982651201391398,49.90740617116292,0.2504638280965731,19.472221533457436,1.2838802165969947,37.82566741717594,11.9652621421679,50.209070440656156,79.60057342901366,65.07932946500493,50.03472169240316,0.25014476411917336,49.0,3
2022-05-06,1351.0,146.0,1512.0,12.008333206176758,11.984444618225098,1.8177777528762817,3.0,3.0,3.0,378.3039855957031,2022,5,2022-05,1512.0,1497.0,3009.0,1658.0,23.992777824401855,6.0,25.810555577278137,9.0,0.25020104867440685,0.22816886947871118,50.03472169240316,0.24982651201391398,49.93518590927124,0.25032449108553695,7.574073970317841,1.650366770774414,44.89863742107013,4.852110335659687,50.24925224327019,80.31784951102149,63.018963917642765,50.03472169240316,0.25007525364143957,56.291666666666664,3
2022-05-07,1092.0,562.0,1670.0,12.008333206176758,11.975555419921875,7.054444313049316,3.0,3.0,7.0,536.1279907226562,2022,5,2022-05,1670.0,1654.0,3324.0,2232.0,23.983888626098633,6.0,31.03833293914795,13.0,0.3210347249836265,0.2402007126893621,50.03472169240316,0.24982651201391398,49.89814758300781,0.25051030159397575,29.39351797103882,0.9922822676552134,32.851985559566785,16.90734055354994,50.24067388688327,79.66609063174714,69.6300765082252,50.03472169240316,0.2501679395505097,45.5,3
2022-05-08,1177.0,462.0,1651.0,12.008333206176758,11.985555648803711,5.807222366333008,3.0,3.0,7.0,498.4960021972656,2022,5,2022-05,1651.0,1639.0,3290.0,2113.0,23.99388885498047,6.0,29.801111221313477,13.0,0.30193579781784713,0.23591860018801022,50.03472169240316,0.24982651201391398,49.9398152033488,0.2503012866407602,24.196759859720864,1.2053955503033675,35.775075987841944,14.042553191489363,50.182370820668694,79.55610632002225,68.80918762184305,50.03472169240316,0.2500636739739905,49.041666666666664,3
2022-05-09,1176.0,432.0,1624.0,12.008333206176758,11.976666450500488,5.433333396911621,3.0,3.0,5.0,487.90399169921875,2022,5,2022-05,1624.0,1608.0,3232.0,2056.0,23.984999656677246,6.0,29.418333053588867,11.0,0.30043349242562734,0.237307388958764,50.03472169240316,0.24982651201391398,49.90277687708537,0.25048706268968807,22.638889153798424,0.9202453880047314,36.386138613861384,13.366336633663368,50.24752475247525,79.5092015236088,67.70898575134606,50.03472169240316,0.2501563512980766,49.0,3
2022-05-10,1073.0,436.0,1506.0,9.093889236450195,11.324444770812988,5.478888988494873,4.0,2.0,5.0,443.23199462890625,2022,5,2022-05,1506.0,1509.0,3015.0,1942.0,20.418334007263184,6.0,25.897222995758057,11.0,0.2943107534056482,0.22823480670901455,37.89120515187581,0.4398558082241831,47.18518654505412,0.1766091000906898,22.828704118728638,0.9125937777712794,35.58872305140962,14.461028192371476,49.950248756218905,79.57817742165557,73.75724187214723,47.18518654505412,0.293853553275487,44.708333333333336,3
2022-05-11,1139.0,411.0,1559.0,11.972777366638184,12.010000228881836,5.164444446563721,3.0,3.0,7.0,466.9440002441406,2022,5,2022-05,1559.0,1550.0,3109.0,1970.0,23.98277759552002,6.0,29.14722204208374,13.0,0.2995150739218349,0.23702741129144195,49.88657236099243,0.25056842770328447,50.04166762034098,0.24979183537278818,21.51851852734884,1.3554216861907784,36.63557413959472,13.219684786104857,50.14474107430041,79.58261614634428,65.00498091977558,50.04166762034098,0.2501795288766218,47.458333333333336,3
2022-05-12,1119.0,427.0,1559.0,11.975555419921875,12.010000228881836,5.370555400848389,3.0,3.0,6.0,473.5679931640625,2022,5,2022-05,1559.0,1546.0,3105.0,1986.0,23.98555564880371,6.0,29.3561110496521,12.0,0.3037639468659798,0.23845316876337488,49.89814758300781,0.25051030159397575,50.04166762034098,0.24979183537278818,22.377314170201622,1.1172028872567217,36.03864734299517,13.752012882447664,50.20933977455717,79.5076054764367,64.99745191759841,50.04166762034098,0.250150552601405,46.625,3
2022-05-13,1257.0,209.0,1478.0,11.975000381469727,12.010000228881836,2.6222221851348877,3.0,3.0,4.0,393.5679931640625,2022,5,2022-05,1478.0,1466.0,2944.0,1687.0,23.985000610351562,6.0,26.60722279548645,10.0,0.2662841631691898,0.23329460175700206,49.89583492279053,0.2505219126875553,50.04166762034098,0.24979183537278818,10.925925771395367,1.525423750388352,42.69701086956522,7.099184782608696,50.203804347826086,79.7033909577914,61.62184541959601,50.04166762034098,0.25015634135153997,52.375,3
2022-05-14,1274.0,144.0,1429.0,11.808333396911621,12.17388916015625,1.7916666269302368,3.0,3.0,3.0,366.4960021972656,2022,5,2022-05,1429.0,1418.0,2847.0,1573.0,23.98222255706787,6.0,25.773889183998108,9.0,0.256470260459948,0.23299173693405317,49.20138915379842,0.2540578673688725,50.72453816731771,0.2464290548840101,7.46527761220932,1.6744186417872104,44.74885844748858,5.05795574288725,50.19318580962416,80.3720948057861,59.585803467529544,50.72453816731771,0.2501853189679337,53.083333333333336,3
2022-05-15,1133.0,406.0,1556.0,11.972777366638184,12.010000228881836,5.129444599151611,3.0,3.0,6.0,467.5199890136719,2022,5,2022-05,1556.0,1539.0,3095.0,1962.0,23.98277759552002,6.0,29.11222219467163,12.0,0.3004627178751105,0.23828745617414468,49.88657236099243,0.25056842770328447,50.04166762034098,0.24979183537278818,21.372685829798378,1.1697172830353553,36.607431340872374,13.117932148626817,50.274636510500805,79.15086948539238,64.87989115533726,50.04166762034098,0.2501795288766218,47.208333333333336,3
2022-05-16,1173.0,377.0,1562.0,11.982222557067871,12.010000228881836,4.739444255828857,3.0,3.0,6.0,457.0880126953125,2022,5,2022-05,1562.0,1550.0,3112.0,1939.0,23.992222785949707,6.0,28.731667041778564,12.0,0.2926299697153089,0.23573388999242523,49.925927321116134,0.2503709128846393,50.04166762034098,0.24979183537278818,19.747684399286904,1.2659712143719877,37.692802056555266,12.11439588688946,50.19280205655527,79.54519130303989,65.10443046213861,50.04166762034098,0.2500810389070625,48.875,3
2022-05-17,1080.0,468.0,1557.0,11.973889350891113,12.010000228881836,5.884444236755371,3.0,3.0,7.0,485.9200134277344,2022,5,2022-05,1557.0,1548.0,3105.0,2025.0,23.98388957977295,6.0,29.86833381652832,13.0,0.31208735608717686,0.23996050045814044,49.89120562871297,0.25054515805900074,50.04166762034098,0.24979183537278818,24.518517653147377,1.1895770812605637,34.78260869565217,15.072463768115943,50.14492753623189,79.53172486142054,64.91857773199187,50.04166762034098,0.2501679296030515,45.0,3
2022-05-18,1164.0,320.0,1495.0,11.980555534362793,12.010000228881836,4.011666774749756,3.0,3.0,6.0,427.87200927734375,2022,5,2022-05,1495.0,1484.0,2979.0,1815.0,23.99055576324463,6.0,28.002222537994385,12.0,0.28620201289454433,0.23574215387181474,49.9189813931783,0.2504057505009145,50.04166762034098,0.24979183537278818,16.715278228123985,1.4956376830112652,39.07351460221551,10.741859684457872,50.184625713326625,79.76734309393414,62.31618870165795,50.04166762034098,0.25009841619394496,48.5,3
2022-05-19,1027.0,525.0,1558.0,12.131111145019531,11.852222442626953,6.597222328186035,3.0,3.0,5.0,502.4639892578125,2022,5,2022-05,1558.0,1552.0,3110.0,2083.0,23.983333587646484,6.0,30.58055591583252,11.0,0.3225057697418566,0.24122131025339055,50.54629643758138,0.2472980392428158,49.384260177612305,0.2531170853839521,27.488426367441814,0.7578947246688887,33.02250803858521,16.881028938906752,50.09646302250804,79.57894609023332,64.96177832436548,50.54629643758138,0.250173729105387,42.791666666666664,3
2022-05-20,1025.0,593.0,1646.0,11.980555534362793,12.010000228881836,7.461111068725586,3.0,3.0,7.0,539.6160278320312,2022,5,2022-05,1646.0,1618.0,3264.0,2239.0,23.99055576324463,6.0,31.451666831970215,13.0,0.3278347678201891,0.24100760510586478,49.9189813931783,0.2504057505009145,50.04166762034098,0.24979183537278818,31.08796278635661,0.9381980693655124,31.403186274509803,18.167892156862745,50.42892156862745,79.47877930482127,68.61033217587223,50.04166762034098,0.25009841619394496,42.708333333333336,3
2022-05-21,1042.0,588.0,1627.0,11.972777366638184,12.010000228881836,7.385000228881836,3.0,3.0,8.0,534.3679809570312,2022,5,2022-05,1627.0,1630.0,3257.0,2215.0,23.98277759552002,6.0,31.367777824401855,14.0,0.3284376035384335,0.24124965280227145,49.88657236099243,0.25056842770328447,50.04166762034098,0.24979183537278818,30.77083428700765,1.0832768790870142,31.99263125575683,18.053423395762973,49.9539453484802,79.62085061289554,67.84034891371063,50.04166762034098,0.2501795288766218,43.416666666666664,3
2022-05-22,1014.0,642.0,1678.0,11.957221984863281,12.010000228881836,8.074444770812988,3.0,3.0,7.0,554.7520141601562,2022,5,2022-05,1678.0,1656.0,3334.0,2320.0,23.967222213745117,6.0,32.041666984558105,13.0,0.3306031073660049,0.23911724748282598,49.82175827026367,0.25089439702614186,50.04166762034098,0.24979183537278818,33.64351987838745,0.8669326744673732,30.41391721655669,19.25614877024595,50.32993401319737,79.5101110011505,70.01228532181226,50.04166762034098,0.25034190222340497,42.25,3
2022-05-23,1019.0,586.0,1608.0,11.973889350891113,12.010000228881836,7.360555648803711,3.0,3.0,7.0,530.719970703125,2022,5,2022-05,1608.0,1605.0,3213.0,2194.0,23.98388957977295,6.0,31.34444522857666,13.0,0.3300497330243315,0.24189606686559936,49.89120562871297,0.25054515805900074,50.04166762034098,0.24979183537278818,30.66898187001546,0.9510151589082394,31.71490818549642,18.238406473700593,50.04668534080299,79.61355473146118,67.0450051336178,50.04166762034098,0.2501679296030515,42.458333333333336,3
2022-05-24,1061.0,494.0,1572.0,11.980555534362793,12.010000228881836,6.2133331298828125,3.0,3.0,7.0,495.8080139160156,2022,5,2022-05,1572.0,1555.0,3127.0,2066.0,23.99055576324463,6.0,30.20388889312744,13.0,0.31539949994657485,0.2399845178683522,49.9189813931783,0.2504057505009145,50.04166762034098,0.24979183537278818,25.888888041178387,1.1266094789499923,33.93028461784458,15.797889350815478,50.27182603133994,79.50644037161373,65.52578504281358,50.04166762034098,0.25009841619394496,44.208333333333336,3
2022-05-25,995.0,595.0,1594.0,11.974444389343262,12.010000228881836,7.467777729034424,3.0,3.0,8.0,530.7839965820312,2022,5,2022-05,1594.0,1590.0,3184.0,2189.0,23.984444618225098,6.0,31.45222234725952,14.0,0.3329887055094299,0.24247784220284663,49.89351828893025,0.2505335448106361,50.04166762034098,0.24979183537278818,31.115740537643433,1.0712691633678808,31.25,18.687185929648244,50.062814070351756,79.67564402548614,66.45974194410842,50.04166762034098,0.2501621403165938,41.458333333333336,3
2022-05-26,1042.0,600.0,1652.0,11.978333473205566,12.010000228881836,7.534999847412109,3.0,3.0,8.0,542.9119873046875,2022,5,2022-05,1652.0,1642.0,3294.0,2252.0,23.988333702087402,6.0,31.52333354949951,14.0,0.3286392174967842,0.2410799233146925,49.90972280502319,0.2504522024462522,50.04166762034098,0.24979183537278818,31.395832697550457,1.061712032117372,31.633272616879175,18.21493624772313,50.151791135397694,79.62840240880291,68.86680919634894,50.04166762034098,0.25012158303758697,43.416666666666664,3
2022-05-27,722.0,940.0,1661.0,9.472777366638184,14.50777816772461,11.806666374206543,3.0,5.0,10.0,636.6400146484375,2022,5,2022-05,1661.0,1662.0,3323.0,2601.0,23.980555534362793,8.0,35.787221908569336,18.0,0.38328718521880645,0.24476740278678874,39.46990569432576,0.3166969816651225,60.44907569885254,0.344642711116405,49.194443225860596,0.8469791288289911,21.727354799879627,28.287691844718626,49.98495335540174,79.61603810992516,69.26445042609126,60.44907569885254,0.33360361433397356,30.083333333333332,3
2022-05-28,290.0,1416.0,1710.0,12.006667137145996,11.982222557067871,17.774999618530273,3.0,3.0,17.0,784.3200073242188,2022,5,2022-05,1710.0,1706.0,3416.0,3126.0,23.988889694213867,6.0,41.76388931274414,23.0,0.45866667094983554,0.2509021136673764,50.027779738108315,0.24986117843799113,49.925927321116134,0.2503709128846393,74.06249841054282,0.9563994579374087,8.489461358313816,41.451990632318505,50.05854800936768,79.6624489670218,71.2829989965085,50.027779738108315,0.2501157859526614,12.083333333333334,3
2022-05-29,389.0,1113.0,1504.0,11.750555992126465,12.234999656677246,13.95555591583252,3.0,3.0,26.0,651.072021484375,2022,5,2022-05,1504.0,1502.0,3006.0,2617.0,23.98555564880371,6.0,37.94111156463623,32.0,0.4328936313061004,0.24878564061305886,48.9606499671936,0.2553070681940641,50.97916523615519,0.24519820876028806,58.14814964930216,1.863057276744032,12.94078509647372,37.025948103792416,50.033266799733866,79.75318265446568,62.70440518541886,50.97916523615519,0.250150552601405,16.208333333333332,3
2022-05-30,434.0,1053.0,1487.0,12.008333206176758,11.973333358764648,13.19444465637207,3.0,3.0,24.0,632.9600219726562,2022,5,2022-05,1487.0,1487.0,2974.0,2540.0,23.981666564941406,6.0,37.17611122131348,30.0,0.42566242230844403,0.24919685904435285,50.03472169240316,0.24982651201391398,49.88888899485271,0.2505567923408695,54.97685273488363,1.8189473392053328,14.593140551445863,35.40685944855414,50.0,79.80631450763399,62.00569906070801,50.03472169240316,0.25019111927656223,18.083333333333332,3
2022-05-31,429.0,1072.0,1501.0,12.008333206176758,11.973889350891113,13.4399995803833,3.0,3.0,24.0,643.4879760742188,2022,5,2022-05,1501.0,1501.0,3002.0,2573.0,23.98222255706787,6.0,37.42222213745117,30.0,0.42870617992952614,0.25009248972958364,50.03472169240316,0.24982651201391398,49.89120562871297,0.25054515805900074,55.999998251597084,1.7857143414669314,14.29047301798801,35.709526982011994,50.0,79.7619072521896,62.58802729514475,50.03472169240316,0.2501853189679337,17.875,3
2022-06-01,376.0,1198.0,1583.0,12.008333206176758,11.972222328186035,15.040555953979492,3.0,3.0,20.0,698.68798828125,2022,6,2022-06,1583.0,1574.0,3157.0,2781.0,23.980555534362793,6.0,39.021111488342285,26.0,0.44136954408164875,0.25123624174083065,50.03472169240316,0.24982651201391398,49.88425970077515,0.250580044185877,62.668983141581215,1.329738080240865,11.910041178333861,37.94741843522331,50.142540386442825,79.6513110064278,66.01181518633501,50.03472169240316,0.2502027107504802,15.666666666666666,3
2022-06-02,342.0,1297.0,1642.0,12.008333206176758,11.977222442626953,16.2994441986084,3.0,3.0,19.0,739.0399780273438,2022,6,2022-06,1642.0,1639.0,3281.0,2939.0,23.98555564880371,6.0,40.28499984741211,25.0,0.45008524849411924,0.2514596726870853,50.03472169240316,0.24982651201391398,49.90509351094563,0.250475434882381,67.914350827535,1.165683919554887,10.4236513258153,39.53063090521183,50.04571776897288,79.57326545593097,68.45786789525117,50.03472169240316,0.250150552601405,14.25,3
2022-06-03,316.0,1361.0,1682.0,12.008333206176758,11.972777366638184,17.108333587646484,3.0,3.0,17.0,767.2639770507812,2022,6,2022-06,1682.0,1677.0,3359.0,3043.0,23.98111057281494,6.0,41.089444160461426,23.0,0.45616169860331823,0.2521406431320346,50.03472169240316,0.24982651201391398,49.88657236099243,0.25056842770328447,71.28472328186035,0.9936677884440651,9.4075617743376,40.51801131289074,50.07442691277166,79.55187412190428,70.13853653244567,50.03472169240316,0.25019691985414627,13.166666666666666,3
2022-06-04,275.0,1434.0,1705.0,12.008333206176758,11.984999656677246,18.024999618530273,3.0,3.0,16.0,792.2239990234375,2022,6,2022-06,1705.0,1709.0,3414.0,3139.0,23.993332862854004,6.0,42.01833248138428,22.0,0.4646475067586144,0.25238101275037833,50.03472169240316,0.24982651201391398,49.937498569488525,0.2503128982843649,75.10416507720947,0.8876560520728939,8.055067369654365,42.00351493848858,49.94141769185706,79.55617366703311,71.06140733952166,50.03472169240316,0.250069468643478,11.458333333333334,3
2022-06-05,297.0,1409.0,1716.0,12.008333206176758,11.973889350891113,17.717222213745117,3.0,3.0,17.0,788.0960083007812,2022,6,2022-06,1716.0,1706.0,3422.0,3125.0,23.98222255706787,6.0,41.69944477081299,23.0,0.4592634081006884,0.25219072265625,50.03472169240316,0.24982651201391398,49.89120562871297,0.25054515805900074,73.82175922393799,0.9595183598708441,8.679135008766803,41.174751607247224,50.14611338398597,79.52713935635407,71.55300122482905,50.03472169240316,0.2501853189679337,12.375,3
2022-06-06,300.0,1356.0,1656.0,12.008333206176758,11.98277759552002,17.049999237060547,3.0,3.0,19.0,757.4080200195312,2022,6,2022-06,1656.0,1656.0,3312.0,3012.0,23.991110801696777,6.0,41.041110038757324,25.0,0.4573719927654174,0.2514634860622614,50.03472169240316,0.24982651201391398,49.92823998133342,0.25035931578347953,71.04166348775229,1.1143695513311729,9.057971014492754,40.94202898550724,50.0,79.53079534763528,69.02556591430852,50.03472169240316,0.2500926301243062,12.5,3
2022-06-07,293.0,1413.0,1715.0,12.008333206176758,11.97166633605957,17.76277732849121,3.0,3.0,17.0,785.9840087890625,2022,6,2022-06,1715.0,1706.0,3421.0,3128.0,23.979999542236328,6.0,41.74277687072754,23.0,0.4582997135796283,0.25127366009880514,50.03472169240316,0.24982651201391398,49.88194306691487,0.25059168170798174,74.01157220204672,0.957057541487742,8.564747149956153,41.30371236480561,50.13154048523823,79.5483709483635,71.51793297490875,50.03472169240316,0.2502085118655699,12.208333333333334,3
2022-06-08,302.0,1406.0,1701.0,12.008333206176758,11.977777481079102,17.662776947021484,3.0,3.0,18.0,777.0239868164062,2022,6,2022-06,1701.0,1708.0,3409.0,3107.0,23.98611068725586,6.0,41.648887634277344,24.0,0.45680422505373675,0.25008818371947417,50.03472169240316,0.24982651201391398,49.90740617116292,0.2504638280965731,73.59490394592285,1.0190923009439568,8.858902904077443,41.24376650044001,49.89733059548255,79.60243195151129,70.91604062778565,50.03472169240316,0.25014476411917336,12.583333333333334,3
2022-06-10,427.0,1091.0,1512.0,11.767777442932129,12.010000228881836,13.679444313049316,4.0,3.0,26.0,642.8159790039062,2022,6,2022-06,1512.0,1518.0,3030.0,2603.0,23.777777671813965,7.0,37.45722198486328,33.0,0.4251428432565518,0.24695197042024827,49.03240601221721,0.33991125506902314,50.04166762034098,0.24979183537278818,56.99768463770548,1.9006620009555257,14.092409240924091,36.006600660066006,49.9009900990099,79.75470165547995,63.588785330107434,50.04166762034098,0.2943925246764233,17.791666666666668,3
2022-06-11,436.0,1025.0,1479.0,11.962778091430664,12.010000228881836,12.842222213745117,3.0,3.0,25.0,620.6079711914062,2022,6,2022-06,1479.0,1461.0,2940.0,2504.0,23.9727783203125,6.0,36.81500053405762,31.0,0.4196132327190035,0.24784663386238268,49.844908714294434,0.25077786924334905,50.04166762034098,0.24979183537278818,53.50925922393799,1.946703583219603,14.829931972789115,34.863945578231295,50.30612244897959,79.81484691200372,61.694976703923416,50.04166762034098,0.25028388115181915,18.166666666666668,3
2022-06-12,447.0,1021.0,1469.0,11.973889350891113,12.010000228881836,12.79111099243164,3.0,3.0,24.0,618.68798828125,2022,6,2022-06,1469.0,1468.0,2937.0,2490.0,23.98388957977295,6.0,36.77500057220459,30.0,0.4211626877340027,0.24846907159889559,49.89120562871297,0.25054515805900074,50.04166762034098,0.24979183537278818,53.2962958017985,1.8763030055950993,15.219611848825332,34.763363976847124,50.01702417432754,79.82105702969152,61.24944809781378,50.04166762034098,0.2501679296030515,18.625,3
2022-06-13,416.0,1109.0,1522.0,11.968889236450195,12.010000228881836,13.907221794128418,3.0,3.0,23.0,655.552001953125,2022,6,2022-06,1522.0,1525.0,3047.0,2631.0,23.97888946533203,6.0,37.88611125946045,29.0,0.43071747828720436,0.2491645769491163,49.87037181854248,0.25064982562155935,50.04166762034098,0.24979183537278818,57.94675747553507,1.6538170125186702,13.652773219560224,36.396455530029534,49.95077125041024,79.74274203840022,63.47249743156215,50.04166762034098,0.25022009499958797,17.333333333333332,3
2022-06-14,391.0,1165.0,1562.0,11.975000381469727,12.010000228881836,14.619999885559082,3.0,3.0,22.0,681.0880126953125,2022,6,2022-06,1562.0,1556.0,3118.0,2727.0,23.985000610351562,6.0,38.605000495910645,28.0,0.436035859600072,0.24975724704631921,49.89583492279053,0.2505219126875553,50.04166762034098,0.24979183537278818,60.916666189829506,1.5047879734753296,12.540089801154586,37.3636946760744,50.096215522771004,79.68536314085267,65.12403419851758,50.04166762034098,0.25015634135153997,16.291666666666668,3
2022-06-15,350.0,1268.0,1622.0,11.96500015258789,12.010555267333984,15.931666374206543,3.0,3.0,19.0,724.6079711914062,2022,6,2022-06,1622.0,1618.0,3240.0,2890.0,23.975555419921875,6.0,39.90722179412842,25.0,0.44673734352121225,0.25072940179633435,49.85416730244954,0.2507312964263636,50.043980280558266,0.24978029185372694,66.3819432258606,1.1925933893996867,10.802469135802468,39.1358024691358,50.061728395061735,79.58991672414751,67.65223877367364,50.043980280558266,0.250254890654773,14.583333333333334,3
2022-06-16,327.0,1306.0,1646.0,11.96833324432373,12.010000228881836,16.401111602783203,3.0,3.0,20.0,737.6320190429688,2022,6,2022-06,1646.0,1633.0,3279.0,2952.0,23.978333473205566,6.0,40.37944507598877,26.0,0.4481360990540515,0.2498753452042577,49.868055184682206,0.25066146962634267,50.04166762034098,0.24979183537278818,68.33796501159668,1.219429541385846,9.972552607502287,39.829216224458676,50.19823116803903,79.62874905249575,68.64530438861867,50.04166762034098,0.2502258969208457,13.625,3
2022-06-17,323.0,1314.0,1645.0,11.970555305480957,12.010000228881836,16.50611114501953,3.0,3.0,19.0,738.5599975585938,2022,6,2022-06,1645.0,1637.0,3282.0,2959.0,23.980555534362793,6.0,40.486666679382324,25.0,0.4489726428927622,0.24959783628205265,49.877313772837326,0.25061494002925583,50.04166762034098,0.24979183537278818,68.77546310424805,1.151088819957023,9.841560024375381,40.036563071297984,50.12187690432663,79.6068794433436,68.59724319742331,50.04166762034098,0.2502027107504802,13.458333333333334,3
2022-06-18,345.0,1303.0,1645.0,11.971111297607422,12.010000228881836,16.35944366455078,3.0,3.0,21.0,736.5759887695312,2022,6,2022-06,1645.0,1648.0,3293.0,2948.0,23.981111526489258,6.0,40.34055519104004,27.0,0.4477665585225114,0.2498561698675479,49.879630406697586,0.25060330034685985,50.04166762034098,0.24979183537278818,68.16434860229492,1.2836622339123196,10.476768903735195,39.56878226541148,49.95444883085332,79.64818527560726,68.59565279878508,50.04166762034098,0.25019690990438326,14.375,3
2022-06-19,326.0,1327.0,1664.0,11.968889236450195,12.010555267333984,16.671667098999023,3.0,3.0,19.0,748.416015625,2022,6,2022-06,1664.0,1653.0,3317.0,2991.0,23.97944450378418,6.0,40.6511116027832,25.0,0.4497692401592548,0.2502226732280174,49.87037181854248,0.25064982562155935,50.043980280558266,0.24978029185372694,69.4652795791626,1.1396580730154318,9.828157974072957,40.006029544769376,50.165812481157666,79.59611909955147,69.39276678145757,50.043980280558266,0.2502143032985249,13.583333333333334,3
2022-06-20,312.0,1372.0,1674.0,11.981111526489258,12.010000228881836,17.236665725708008,3.0,3.0,21.0,760.0,2022,6,2022-06,1674.0,1684.0,3358.0,3046.0,23.991111755371094,6.0,41.2277774810791,27.0,0.4540023894862604,0.2495075508864084,49.921298027038574,0.2503941302413591,50.04166762034098,0.24979183537278818,71.81944052378336,1.2183330775324537,9.291244788564622,40.85765336509827,49.8511018463371,79.59776106545364,69.77584103101131,50.04166762034098,0.25009262018283623,13.0,3
2022-06-21,323.0,1327.0,1666.0,11.97166633605957,12.010555267333984,16.6744441986084,3.0,3.0,18.0,750.239990234375,2022,6,2022-06,1666.0,1650.0,3316.0,2993.0,23.982221603393555,6.0,40.65666580200195,24.0,0.45032412379014103,0.2506648814682175,49.88194306691487,0.25059168170798174,50.043980280558266,0.24978029185372694,69.476850827535,1.0794962510056094,9.74065138721351,40.018094089264174,50.241254523522315,79.58286250469132,69.46812632922449,50.043980280558266,0.25018532891677486,13.458333333333334,3
2022-06-22,319.0,1416.0,1725.0,11.973333358764648,12.010555267333984,17.80500030517578,3.0,3.0,17.0,789.280029296875,2022,6,2022-06,1725.0,1735.0,3460.0,3141.0,23.983888626098633,6.0,41.788888931274414,23.0,0.45755364017210143,0.2512830402091293,49.88888899485271,0.2505567923408695,50.043980280558266,0.24978029185372694,74.18750127156576,0.9547879645392776,9.21965317919075,40.92485549132948,49.85549132947977,79.52822104633042,71.92328262077154,50.043980280558266,0.2501679395505097,13.291666666666666,3
2022-06-23,306.0,1434.0,1750.0,11.970000267028809,12.010555267333984,18.017221450805664,3.0,3.0,18.0,792.9920043945312,2022,6,2022-06,1750.0,1740.0,3490.0,3184.0,23.980555534362793,6.0,41.99777698516846,24.0,0.45313828822544644,0.2490552777621015,49.87500111262004,0.2506265608250199,50.043980280558266,0.24978029185372694,75.07175604502359,0.9990441672234154,8.767908309455587,41.088825214899714,50.1432664756447,79.59051865546542,72.9757906355567,50.043980280558266,0.2502027107504802,12.75,3
2022-06-24,300.0,1411.0,1719.0,11.98277759552002,12.010555267333984,17.726667404174805,3.0,3.0,17.0,784.0960083007812,2022,6,2022-06,1719.0,1711.0,3430.0,3130.0,23.993332862854004,6.0,41.72000026702881,23.0,0.4561349670161613,0.25050990680536145,49.92823998133342,0.25035931578347953,50.043980280558266,0.24978029185372694,73.86111418406168,0.9590071056444784,8.746355685131196,41.137026239067055,50.116618075801746,79.59758976849172,71.64490276635645,50.043980280558266,0.250069468643478,12.5,3
2022-06-25,223.0,1530.0,1759.0,11.947221755981445,12.010555267333984,19.23055648803711,3.0,3.0,14.0,828.1599731445312,2022,6,2022-06,1759.0,1753.0,3512.0,3289.0,23.95777702331543,6.0,43.18833351135254,20.0,0.4708129466427125,0.2517968905881822,49.780090649922684,0.2511044041262591,50.043980280558266,0.24978029185372694,80.12731870015463,0.728008053677962,6.349658314350798,43.56492027334852,50.085421412300676,79.56088015194871,73.42083525897088,50.043980280558266,0.2504405978134311,9.291666666666666,3
2022-06-26,249.0,1494.0,1733.0,11.972222328186035,12.010555267333984,18.780555725097656,3.0,3.0,16.0,812.9600219726562,2022,6,2022-06,1733.0,1743.0,3476.0,3227.0,23.98277759552002,6.0,42.763333320617676,22.0,0.4691056099092073,0.2519243947854528,49.88425970077515,0.250580044185877,50.043980280558266,0.24978029185372694,78.25231552124023,0.8519449708625064,7.163406214039125,42.98043728423475,49.856156501726126,79.55036165428653,72.26018725719761,50.043980280558266,0.2501795288766218,10.375,3
2022-06-27,296.0,1444.0,1751.0,11.972777366638184,12.010000228881836,18.147777557373047,3.0,3.0,17.0,800.0960083007812,2022,6,2022-06,1751.0,1740.0,3491.0,3195.0,23.98277759552002,6.0,42.130555152893066,23.0,0.4569366123933645,0.25042128585313966,49.88657236099243,0.25056842770328447,50.04166762034098,0.24979183537278818,75.6157398223877,0.9367538226791451,8.478945860784876,41.36350615869379,50.15754798052134,79.56897176168738,73.01072584382747,50.04166762034098,0.2501795288766218,12.333333333333334,3
2022-06-28,340.0,1364.0,1703.0,11.957221984863281,12.010555267333984,17.135555267333984,3.0,3.0,18.0,767.2000122070312,2022,6,2022-06,1703.0,1704.0,3407.0,3067.0,23.967777252197266,6.0,41.10333251953125,24.0,0.45049912636936656,0.25014672716238384,49.82175827026367,0.25089439702614186,50.043980280558266,0.24978029185372694,71.39814694722494,1.0504474304555471,9.979454065159965,40.035221602582915,49.98532433225712,79.60057195229813,71.0537311024065,50.043980280558266,0.2503361048822308,14.166666666666666,3
2022-06-29,318.0,1423.0,1748.0,11.971111297607422,12.010555267333984,17.877222061157227,3.0,3.0,17.0,792.89599609375,2022,6,2022-06,1748.0,1741.0,3489.0,3171.0,23.981666564941406,6.0,41.85888862609863,23.0,0.4536018284289188,0.25004604102609584,49.879630406697586,0.25060330034685985,50.043980280558266,0.24978029185372694,74.48842525482178,0.9509307397896448,9.114359415305245,40.78532530811121,50.10031527658355,79.59849663062732,72.88901274923846,50.043980280558266,0.25019111927656223,13.25,3
2022-06-30,323.0,1409.0,1738.0,11.971111297607422,12.010000228881836,17.699443817138672,3.0,3.0,18.0,785.9520263671875,2022,6,2022-06,1738.0,1732.0,3470.0,3147.0,23.981111526489258,6.0,41.68055534362793,24.0,0.4522163557923979,0.2497464335453408,49.879630406697586,0.25060330034685985,50.04166762034098,0.24979183537278818,73.74768257141113,1.0169811088962182,9.30835734870317,40.60518731988473,50.086455331412104,79.60702124637619,72.47370490230303,50.04166762034098,0.25019690990438326,13.458333333333334,3
2022-07-01,280.0,1400.0,1680.0,11.973333358764648,12.010000228881836,17.584444046020508,3.0,3.0,18.0,769.9840087890625,2022,7,2022-07,1680.0,1680.0,3360.0,3080.0,23.983333587646484,6.0,41.56777763366699,24.0,0.45832381475539435,0.2499948080483969,49.88888899485271,0.2505567923408695,50.04166762034098,0.24979183537278818,73.26851685841879,1.0236320211712087,8.333333333333332,41.66666666666667,50.0,79.61582386887179,70.04864414950835,50.04166762034098,0.250173729105387,11.666666666666666,3
2022-07-02,312.0,1395.0,1708.0,11.983888626098633,12.010000228881836,17.52055549621582,3.0,3.0,17.0,777.760009765625,2022,7,2022-07,1708.0,1707.0,3415.0,3103.0,23.99388885498047,6.0,41.51444435119629,23.0,0.45536300337565866,0.2506477633791895,49.932869275410965,0.2503361048822308,50.04166762034098,0.24979183537278818,73.00231456756592,0.9702888703312944,9.136163982430453,40.849194729136165,50.01464128843338,79.62076318306798,71.18479252459596,50.04166762034098,0.2500636739739905,13.0,3
2022-07-03,366.0,1318.0,1696.0,12.873888969421387,11.10444450378418,16.552221298217773,3.0,3.0,20.0,756.5759887695312,2022,7,2022-07,1696.0,1684.0,3380.0,3014.0,23.978333473205566,6.0,40.53055477142334,26.0,0.44609433300090284,0.2510205669441046,53.641204039255776,0.2330298177284058,46.26851876576741,0.27016209581466755,68.96758874257407,1.208297039996285,10.828402366863905,38.994082840236686,50.177514792899416,79.62677493575518,70.73052019629239,53.641204039255776,0.2502258969208457,15.25,3
2022-07-04,323.0,1442.0,1765.0,13.105555534362793,10.885555267333984,18.135000228881836,3.0,4.0,17.0,801.4080200195312,2022,7,2022-07,1765.0,1765.0,3530.0,3207.0,23.991110801696777,7.0,42.12611103057861,24.0,0.45405553542183075,0.24989336452121336,54.606481393178306,0.2289105556902181,45.35648028055827,0.36745943608438936,75.56250095367432,0.9374138288085471,9.15014164305949,40.84985835694051,50.0,79.51474947893676,73.56891536156675,54.606481393178306,0.29177473514502394,13.458333333333334,3
2022-07-05,293.0,1414.0,1714.0,12.006667137145996,11.972777366638184,17.782222747802734,3.0,3.0,18.0,782.9119873046875,2022,7,2022-07,1714.0,1707.0,3421.0,3128.0,23.97944450378418,6.0,41.761667251586914,24.0,0.45677478839246644,0.25029155604369807,50.027779738108315,0.24986117843799113,49.88657236099243,0.25056842770328447,74.09259478251138,1.012246908346943,8.564747149956153,41.33294358374744,50.10230926629641,79.51761824458764,71.47788597561194,50.027779738108315,0.2502143032985249,12.208333333333334,3
2022-07-06,317.0,1327.0,1653.0,12.006667137145996,11.978888511657715,16.68166732788086,3.0,3.0,19.0,749.1199951171875,2022,7,2022-07,1653.0,1644.0,3297.0,2980.0,23.98555564880371,6.0,40.66722297668457,25.0,0.45318813981681033,0.2513825486970428,50.027779738108315,0.24986117843799113,49.91203546524048,0.2504405978134311,69.50694719950357,1.1389748774239372,9.614801334546557,40.248710949347895,50.13648771610555,79.54840328113498,68.91647724168708,50.027779738108315,0.250150552601405,13.208333333333334,3
2022-07-07,327.0,1378.0,1699.0,12.006667137145996,11.97166633605957,17.336111068725586,3.0,3.0,18.0,770.3040161132812,2022,7,2022-07,1699.0,1705.0,3404.0,3077.0,23.978333473205566,6.0,41.31444454193115,24.0,0.45338670754166055,0.2503425466731496,50.027779738108315,0.24986117843799113,49.88194306691487,0.25059168170798174,72.23379611968994,1.0382951475473685,9.606345475910693,40.48178613396004,49.91186839012926,79.48726185112632,70.8556331447528,50.027779738108315,0.2502258969208457,13.625,3
2022-07-08,320.0,1395.0,1721.0,12.006667137145996,11.979999542236328,17.522777557373047,3.0,3.0,18.0,776.416015625,2022,7,2022-07,1721.0,1715.0,3436.0,3116.0,23.986666679382324,6.0,41.50944423675537,24.0,0.4511423681725741,0.24917073672175866,50.027779738108315,0.24986117843799113,49.91666475931804,0.2504173718390631,73.01157315572104,1.0272344062500611,9.31315483119907,40.599534342258444,50.087310826542485,79.61066648437975,71.74819340276575,50.027779738108315,0.25013896595967144,13.333333333333334,3
2022-07-09,328.0,1317.0,1653.0,12.006667137145996,11.967222213745117,16.53444480895996,3.0,3.0,20.0,741.5040283203125,2022,7,2022-07,1653.0,1645.0,3298.0,2970.0,23.973889350891113,6.0,40.508334159851074,26.0,0.4485807793831292,0.2496646560001052,50.027779738108315,0.24986117843799113,49.86342589060466,0.2506847409045609,68.89352003733316,1.2095961026258388,9.945421467556095,39.93329290479078,50.12128562765312,79.65190335791148,68.95001373394416,50.027779738108315,0.25027228215587716,13.666666666666666,3
2022-07-10,332.0,1312.0,1649.0,12.006667137145996,11.971111297607422,16.475555419921875,3.0,3.0,19.0,744.9920043945312,2022,7,2022-07,1649.0,1644.0,3293.0,2961.0,23.977778434753418,6.0,40.45333385467529,25.0,0.45178411424774484,0.2516014874686022,50.027779738108315,0.24986117843799113,49.879630406697586,0.25060330034685985,68.64814758300781,1.1532236404622587,10.081992104464014,39.842089280291525,50.075918615244454,79.6331271729728,68.77200923710004,50.027779738108315,0.2502316891586417,13.833333333333334,3
2022-07-11,306.0,1429.0,1746.0,12.006667137145996,11.971111297607422,17.961111068725586,3.0,3.0,17.0,797.823974609375,2022,7,2022-07,1746.0,1735.0,3481.0,3175.0,23.977778434753418,6.0,41.938889503479004,23.0,0.4569438571645905,0.25128314160925197,50.027779738108315,0.24986117843799113,49.879630406697586,0.25060330034685985,74.8379627863566,0.9464893310303558,8.790577420281528,41.05142200517093,50.15800057454754,79.56077964955168,72.81742154516473,50.027779738108315,0.2502316891586417,12.75,3
2022-07-12,257.0,1515.0,1766.0,12.006667137145996,11.979999542236328,19.04222297668457,3.0,3.0,14.0,824.0640258789062,2022,7,2022-07,1766.0,1772.0,3538.0,3281.0,23.986666679382324,6.0,43.028889656066895,20.0,0.46662742122248374,0.2511624583599227,50.027779738108315,0.24986117843799113,49.91666475931804,0.2504173718390631,79.3425957361857,0.7352082798915702,7.263990955342001,42.8208027133974,49.9152063312606,79.56003885969493,73.6242356474633,50.027779738108315,0.25013896595967144,10.708333333333334,3
2022-07-13,284.0,1552.0,1842.0,12.006667137145996,11.972222328186035,19.511110305786133,3.0,3.0,13.0,853.760009765625,2022,7,2022-07,1842.0,1836.0,3678.0,3394.0,23.97888946533203,6.0,43.489999771118164,19.0,0.46349620508448697,0.25154979663100324,50.027779738108315,0.24986117843799113,49.88425970077515,0.250580044185877,81.29629294077554,0.6662870434464601,7.721587819467102,42.1968461120174,50.08156606851549,79.54442241760816,76.8175691648735,50.027779738108315,0.25022009499958797,11.833333333333334,3
2022-07-14,281.0,1526.0,1808.0,12.006667137145996,11.980555534362793,19.172222137451172,3.0,3.0,15.0,833.2479858398438,2022,7,2022-07,1808.0,1807.0,3615.0,3334.0,23.98722267150879,6.0,43.15944480895996,21.0,0.46086724880522334,0.24992441086977918,50.027779738108315,0.24986117843799113,49.9189813931783,0.2504057505009145,79.88425890604654,0.7823819217439005,7.773167358229599,42.213001383125864,50.01383125864454,79.59432083874614,75.37346131144567,50.027779738108315,0.25013316806895686,11.708333333333334,3
2022-07-15,278.0,1479.0,1758.0,12.006667137145996,11.956110954284668,18.593889236450195,3.0,3.0,17.0,811.9359741210938,2022,7,2022-07,1758.0,1757.0,3515.0,3237.0,23.962778091430664,6.0,42.55666732788086,23.0,0.46185208994373933,0.2508297726663867,50.027779738108315,0.24986117843799113,49.81712897618611,0.2509177115761795,77.47453848520914,0.9142788678483873,7.908961593172119,42.07681365576102,50.01422475106686,79.5422615028097,73.36378083093291,50.027779738108315,0.2503883304809997,11.583333333333334,3
2022-07-16,273.0,1554.0,1842.0,12.006667137145996,11.981666564941406,19.535554885864258,3.0,3.0,13.0,856.7039794921875,2022,7,2022-07,1842.0,1827.0,3669.0,3396.0,23.988333702087402,6.0,43.52388858795166,19.0,0.4650944514072679,0.25226854519793507,50.027779738108315,0.24986117843799113,49.92361068725586,0.25038253098930824,81.39814535776773,0.6654533273281465,7.440719542109567,42.354865085854456,50.20441537203598,79.5472669744569,76.7873259925392,50.027779738108315,0.25012158303758697,11.375,3
2022-07-17,260.0,1531.0,1787.0,12.006667137145996,11.976666450500488,19.246110916137695,3.0,3.0,15.0,832.9920043945312,2022,7,2022-07,1787.0,1791.0,3578.0,3318.0,23.983333587646484,6.0,43.22944450378418,21.0,0.4661399017316907,0.25105244255410825,50.027779738108315,0.24986117843799113,49.90277687708537,0.25048706268968807,80.19212881724039,0.7793782372636454,7.266629401900502,42.78926774734488,49.94410285075461,79.54853875004274,74.51007565188775,50.027779738108315,0.250173729105387,10.833333333333334,3
2022-07-18,304.0,1387.0,1702.0,12.006667137145996,11.976666450500488,17.446666717529297,3.0,3.0,17.0,778.1439819335938,2022,7,2022-07,1702.0,1691.0,3393.0,3089.0,23.983333587646484,6.0,41.43000030517578,23.0,0.45719387892690583,0.2519080550124939,50.027779738108315,0.24986117843799113,49.90277687708537,0.25048706268968807,72.69444465637207,0.9743981629980635,8.959622752726201,40.87827880931329,50.16209843796051,79.499426592842,70.96594782289476,50.027779738108315,0.250173729105387,12.666666666666666,3
2022-07-19,272.0,1443.0,1714.0,12.006667137145996,11.942222595214844,18.141111373901367,3.0,3.0,17.0,794.27197265625,2022,7,2022-07,1714.0,1715.0,3429.0,3157.0,23.94888973236084,6.0,42.09000110626221,23.0,0.46340255114133605,0.2515907420513937,50.027779738108315,0.24986117843799113,49.75926081339519,0.25120951950787423,75.58796405792236,0.9370980448561149,7.932341790609507,42.082239720035,49.985418489355496,79.54308698396316,71.56907978426926,50.027779738108315,0.2505335348340815,11.333333333333334,3
2022-07-20,291.0,1397.0,1698.0,12.540555953979492,11.43055534362793,17.556110382080078,4.0,4.0,19.0,776.7039794921875,2022,7,2022-07,1698.0,1688.0,3386.0,3095.0,23.971111297607422,8.0,41.5272216796875,27.0,0.4574228383346216,0.2509544360233239,52.25231647491455,0.3189651252048902,47.627313931783036,0.3499392531465969,73.15045992533365,1.0822442777184709,8.594211458948612,41.258121677495566,50.14766686355582,79.57343452487915,70.83526411933514,52.25231647491455,0.3337350488543469,12.125,3
2022-07-21,272.0,1465.0,1740.0,12.008333206176758,11.970000267028809,18.4244441986084,3.0,3.0,15.0,805.4719848632812,2022,7,2022-07,1740.0,1737.0,3477.0,3205.0,23.978333473205566,6.0,42.402777671813965,21.0,0.46291493382947196,0.25131731196982254,50.03472169240316,0.24982651201391398,49.87500111262004,0.2506265608250199,76.76851749420166,0.814135820777321,7.822835777969514,42.13402358354904,50.043140638481454,79.51393182925169,72.56551010704526,50.03472169240316,0.2502258969208457,11.333333333333334,3
2022-07-22,282.0,1449.0,1733.0,12.008333206176758,11.970000267028809,18.218889236450195,3.0,3.0,17.0,799.583984375,2022,7,2022-07,1733.0,1731.0,3464.0,3182.0,23.978333473205566,6.0,42.19722270965576,23.0,0.46138718082804386,0.251283464605594,50.03472169240316,0.24982651201391398,49.87500111262004,0.2506265608250199,75.91203848520914,0.9330975000379503,8.140877598152425,41.830254041570434,50.02886836027714,79.53283985617588,72.27357989397093,50.03472169240316,0.2502258969208457,11.75,3
2022-07-23,285.0,1451.0,1733.0,12.008333206176758,11.969444274902344,18.24277687072754,3.0,3.0,16.0,801.2160034179688,2022,7,2022-07,1733.0,1736.0,3469.0,3184.0,23.9777774810791,6.0,42.22055435180664,22.0,0.46232891137793924,0.2516381920282565,50.03472169240316,0.24982651201391398,49.872684478759766,0.2506382026683086,76.01157029469809,0.8770594582929799,8.215624099164025,41.82761602767368,49.95675987316229,79.53832962394462,72.27525575994325,50.03472169240316,0.2502316991111711,11.875,3
2022-07-24,295.0,1431.0,1729.0,12.008333206176758,11.980555534362793,17.988889694213867,3.0,3.0,16.0,796.89599609375,2022,7,2022-07,1729.0,1726.0,3455.0,3160.0,23.98888874053955,6.0,41.97777843475342,22.0,0.46089993990384615,0.2521822772448576,50.03472169240316,0.24982651201391398,49.9189813931783,0.2504057505009145,74.95370705922446,0.8894378848265664,8.5383502170767,41.41823444283647,50.043415340086824,79.54910082417602,72.07503518402295,50.03472169240316,0.2501157958959732,12.291666666666666,3
2022-07-25,288.0,1480.0,1775.0,12.008333206176758,11.95888900756836,18.61722183227539,3.0,3.0,16.0,816.5120239257812,2022,7,2022-07,1775.0,1768.0,3543.0,3255.0,23.967222213745117,6.0,42.58444404602051,22.0,0.4600067740426937,0.2508485480570756,50.03472169240316,0.24982651201391398,49.82870419820149,0.25085942332113004,77.5717576344808,0.8594193131577723,8.128704487722269,41.77250917301722,50.09878633926051,79.49628646709394,74.05947940775731,50.03472169240316,0.25034190222340497,12.0,3
2022-07-26,283.0,1481.0,1766.0,11.352222442626953,12.637777328491211,18.61722183227539,3.0,4.0,15.0,816.6079711914062,2022,7,2022-07,1766.0,1764.0,3530.0,3247.0,23.989999771118164,7.0,42.607221603393555,22.0,0.46240541970068305,0.2514961414202052,47.300926844278976,0.26426543482227494,52.65740553538004,0.31651135290872773,77.5717576344808,0.8057056060854115,8.016997167138811,41.95467422096317,50.02832861189802,79.5500001741663,73.61400653809541,52.65740553538004,0.2917882478859954,11.791666666666666,3
2022-07-27,281.0,1489.0,1778.0,12.006667137145996,11.971111297607422,18.725555419921875,3.0,3.0,16.0,822.4639892578125,2022,7,2022-07,1778.0,1770.0,3548.0,3267.0,23.977778434753418,6.0,42.70333385467529,22.0,0.46257817168605875,0.25174900191546146,50.027779738108315,0.24986117843799113,49.879630406697586,0.25060330034685985,78.02314758300781,0.8544472856050939,7.919954904171364,41.96730552423901,50.11273957158963,79.51700051662405,74.15199055401082,50.027779738108315,0.2502316891586417,11.708333333333334,3
2022-07-28,308.0,1402.0,1705.0,12.006667137145996,11.97944450378418,17.622777938842773,3.0,3.0,18.0,778.8159790039062,2022,7,2022-07,1705.0,1710.0,3415.0,3107.0,23.986111640930176,6.0,41.60888957977295,24.0,0.4567835653981855,0.25066494335497463,50.027779738108315,0.24986117843799113,49.91435209910075,0.25042897431949634,73.42824141184488,1.0214053688054359,9.019033674963396,41.05417276720351,49.926793557833086,79.55612928140117,71.08280097765277,50.027779738108315,0.25014475417355814,12.833333333333334,3
2022-07-29,302.0,1487.0,1785.0,12.006667137145996,11.975000381469727,18.7005558013916,3.0,3.0,15.0,824.864013671875,2022,7,2022-07,1785.0,1789.0,3574.0,3272.0,23.981667518615723,6.0,42.682223320007324,21.0,0.4621086911327031,0.25209780368944834,50.027779738108315,0.24986117843799113,49.89583492279053,0.2505219126875553,77.91898250579834,0.8021151969656312,8.449916060436486,41.60604364857303,49.944040290990486,79.51635319252622,74.43185502486001,50.027779738108315,0.2501911093272606,12.583333333333334,3
2022-07-30,291.0,1504.0,1810.0,12.006667137145996,11.980555534362793,18.914443969726562,3.0,3.0,13.0,834.7520141601562,2022,7,2022-07,1810.0,1795.0,3605.0,3314.0,23.98722267150879,6.0,42.90166664123535,19.0,0.46118895809953386,0.25188654621610024,50.027779738108315,0.24986117843799113,49.9189813931783,0.2504057505009145,78.810183207194,0.6873054275773106,8.072122052704577,41.719833564493754,50.20804438280167,79.51595100586732,75.45683903413531,50.027779738108315,0.25013316806895686,12.125,3
2022-07-31,341.0,1406.0,1748.0,12.006667137145996,11.975555419921875,17.68777847290039,3.0,3.0,16.0,791.6799926757812,2022,7,2022-07,1748.0,1747.0,3495.0,3154.0,23.98222255706787,6.0,41.67000102996826,22.0,0.452906174299646,0.2510082411781171,50.027779738108315,0.24986117843799113,49.89814758300781,0.25051030159397575,73.6990769704183,0.9045793978318842,9.756795422031473,40.22889842632332,50.01430615164521,79.48991458447682,72.88732292599136,50.027779738108315,0.2501853189679337,14.208333333333334,3
2022-08-01,317.0,1443.0,1764.0,12.006667137145996,11.981111526489258,18.151111602783203,3.0,3.0,16.0,804.447998046875,2022,8,2022-08,1764.0,1760.0,3524.0,3207.0,23.987778663635254,6.0,42.13889026641846,22.0,0.4560362800719246,0.25084128408072187,50.027779738108315,0.24986117843799113,49.921298027038574,0.2503941302413591,75.62963167826334,0.8814887126552975,8.995459704880817,40.9477866061294,50.05675368898979,79.49926327259965,73.53744691142121,50.027779738108315,0.25012737044701094,13.208333333333334,3
2022-08-02,339.0,1400.0,1738.0,12.006667137145996,11.975000381469727,17.60944366455078,3.0,3.0,17.0,784.5120239257812,2022,8,2022-08,1738.0,1739.0,3477.0,3138.0,23.981667518615723,6.0,41.591111183166504,23.0,0.45138781583761867,0.25000383171631013,50.027779738108315,0.24986117843799113,49.89583492279053,0.2505219126875553,73.37268193562826,0.9653910892268766,9.749784296807592,40.26459591601956,49.98561978717285,79.50279558338984,72.47202466846315,50.027779738108315,0.2501911093272606,14.125,3
2022-08-03,343.0,1458.0,1804.0,12.006667137145996,11.984444618225098,18.3477783203125,3.0,3.0,14.0,822.0479736328125,2022,8,2022-08,1804.0,1801.0,3605.0,3262.0,23.991111755371094,6.0,42.338890075683594,20.0,0.45568069491841046,0.25200734936628216,50.027779738108315,0.24986117843799113,49.93518590927124,0.25032449108553695,76.44907633463541,0.7630351618375969,9.514563106796116,40.44382801664355,50.04160887656033,79.46466185422973,75.1945144683061,50.027779738108315,0.25009262018283623,14.291666666666666,3
2022-08-04,287.0,1480.0,1776.0,12.006667137145996,11.976666450500488,18.622222900390625,3.0,3.0,14.0,817.0239868164062,2022,8,2022-08,1776.0,1767.0,3543.0,3256.0,23.983333587646484,6.0,42.60555648803711,20.0,0.4600360286128414,0.25092874287973166,50.027779738108315,0.24986117843799113,49.90277687708537,0.25048706268968807,77.59259541829428,0.7517899487555985,8.100479819362121,41.77250917301722,50.12701100762066,79.47493743987755,74.05142381519454,50.027779738108315,0.250173729105387,11.958333333333334,3
2022-08-05,307.0,1404.0,1720.0,12.006667137145996,11.956666946411133,17.66611099243164,3.0,3.0,15.0,784.5120239257812,2022,8,2022-08,1720.0,1711.0,3431.0,3124.0,23.96333408355713,6.0,41.62944507598877,21.0,0.4561116418173147,0.2511242074026188,50.027779738108315,0.24986117843799113,49.81944561004639,0.25090604375331105,73.6087958017985,0.8490833102105023,8.94782862139318,40.92101428155057,50.13115709705625,79.47419783570302,71.77632269376943,50.027779738108315,0.2503825210247771,12.791666666666666,3
2022-08-06,340.0,1376.0,1704.0,12.006667137145996,11.963889122009277,17.297222137451172,3.0,3.0,16.0,775.4240112304688,2022,8,2022-08,1704.0,1716.0,3420.0,3080.0,23.970556259155273,6.0,41.267778396606445,22.0,0.45506103945450044,0.25176104260729504,50.027779738108315,0.24986117843799113,49.849538008371994,0.2507545806723562,72.07175890604654,0.9250040193076734,9.941520467836257,40.23391812865497,49.824561403508774,79.55034566045991,71.08721139290112,50.027779738108315,0.25030708236937016,14.166666666666666,3
2022-08-07,318.0,1410.0,1740.0,12.006667137145996,11.986666679382324,17.71500015258789,3.0,3.0,17.0,784.447998046875,2022,8,2022-08,1740.0,1728.0,3468.0,3150.0,23.99333381652832,6.0,41.70833396911621,23.0,0.45083218278556036,0.24903111049107143,50.027779738108315,0.24986117843799113,49.944444497426346,0.2502780864975709,73.81250063578287,0.9596387159791562,9.16955017301038,40.65743944636678,50.17301038062284,79.5935640900359,72.5201430241163,50.027779738108315,0.25006945870384933,13.25,3
2022-08-08,401.0,1313.0,1709.0,12.006667137145996,11.973889350891113,16.49333381652832,3.0,3.0,19.0,756.7680053710938,2022,8,2022-08,1709.0,1714.0,3423.0,3022.0,23.98055648803711,6.0,40.47389030456543,25.0,0.4428133442779952,0.25041959145304227,50.027779738108315,0.24986117843799113,49.89120562871297,0.25054515805900074,68.72222423553467,1.1519805644726415,11.714869997078587,38.35816535203038,49.92696465089103,79.60792006066201,71.26606927793975,50.027779738108315,0.25020270080025653,16.708333333333332,3
2022-08-09,348.0,1338.0,1702.0,12.023333549499512,11.964444160461426,16.815555572509766,3.0,3.0,19.0,761.3759765625,2022,8,2022-08,1702.0,1686.0,3388.0,3040.0,23.987777709960938,6.0,40.8033332824707,25.0,0.4473419368757344,0.25045262386924344,50.097223122914635,0.24951482778458553,49.85185066858928,0.25074294800204916,70.06481488545737,1.1299061703950708,10.271546635182998,39.49232585596222,50.23612750885478,79.56918189413709,70.95280023764951,50.097223122914635,0.2501273803912439,14.5,3
2022-08-10,308.0,1461.0,1764.0,12.006667137145996,11.966666221618652,18.36055564880371,3.0,3.0,15.0,810.0159912109375,2022,8,2022-08,1764.0,1769.0,3533.0,3225.0,23.97333335876465,6.0,42.33388900756836,21.0,0.4591927387817106,0.2511677492126938,50.027779738108315,0.24986117843799113,49.861109256744385,0.25069638815364315,76.50231520334879,0.8169687392318833,8.717803566374187,41.352957826210016,49.92923860741579,79.57275520118543,73.58175743028583,50.027779738108315,0.2502780864975709,12.833333333333334,3
2022-08-11,314.0,1404.0,1729.0,12.006667137145996,11.984999656677246,17.63777732849121,3.0,3.0,17.0,786.1439819335938,2022,8,2022-08,1729.0,1718.0,3447.0,3133.0,23.991666793823242,6.0,41.62944412231445,23.0,0.4546813082322694,0.25092370952237275,50.027779738108315,0.24986117843799113,49.937498569488525,0.2503128982843649,73.49073886871338,0.9638402664568751,9.109370467072816,40.73107049608355,50.15955903684364,79.60186671208545,72.06668944089948,50.027779738108315,0.2500868343813747,13.083333333333334,3
2022-08-12,367.0,1307.0,1667.0,12.006667137145996,11.975000381469727,16.40333366394043,3.0,3.0,21.0,744.447998046875,2022,8,2022-08,1667.0,1674.0,3341.0,2974.0,23.981667518615723,6.0,40.38500118255615,27.0,0.4465794829315387,0.2503187619525471,50.027779738108315,0.24986117843799113,49.89583492279053,0.2505219126875553,68.3472235997518,1.2802275702142458,10.984735109248728,39.12002394492667,49.895240945824604,79.6789254414295,69.51142987475723,50.027779738108315,0.2501911093272606,15.291666666666666,3
2022-08-13,402.0,1226.0,1632.0,12.006667137145996,11.974444389343262,15.369444847106934,3.0,3.0,22.0,711.0079956054688,2022,8,2022-08,1632.0,1628.0,3260.0,2858.0,23.981111526489258,6.0,39.35055637359619,28.0,0.43566666397393916,0.24877816501241035,50.027779738108315,0.24986117843799113,49.89351828893025,0.2505335448106361,64.03935352961221,1.4314114933137074,12.331288343558281,37.607361963190186,50.061349693251536,79.76865867284569,68.05355949399225,50.027779738108315,0.25019690990438326,16.75,3
2022-08-14,431.0,1137.0,1574.0,12.006667137145996,11.977777481079102,14.233333587646484,3.0,3.0,25.0,672.2239990234375,2022,8,2022-08,1574.0,1568.0,3142.0,2711.0,23.984444618225098,6.0,38.21777820587158,31.0,0.4270800502054876,0.2479616374118176,50.027779738108315,0.24986117843799113,49.90740617116292,0.2504638280965731,59.30555661519369,1.756440249647364,13.717377466581796,36.187141947803944,50.09548058561426,79.88290255396211,65.62586814305311,50.027779738108315,0.2501621403165938,17.958333333333332,3
2022-08-15,428.0,1128.0,1568.0,12.006667137145996,11.970000267028809,14.13277816772461,3.0,3.0,23.0,669.1519775390625,2022,8,2022-08,1568.0,1556.0,3124.0,2696.0,23.976667404174805,6.0,38.109445571899414,29.0,0.4267550877162388,0.248201772084222,50.027779738108315,0.24986117843799113,49.87500111262004,0.2506265608250199,58.88657569885254,1.6274224166714577,13.700384122919335,36.107554417413574,50.192061459667094,79.81445591327845,65.39691165449376,50.027779738108315,0.2502432843921955,17.833333333333332,3
2022-08-16,370.0,1305.0,1679.0,12.006667137145996,11.985555648803711,16.38166618347168,3.0,3.0,20.0,743.968017578125,2022,8,2022-08,1679.0,1675.0,3354.0,2984.0,23.992222785949707,6.0,40.37388896942139,26.0,0.4431018568065068,0.24931904074333947,50.027779738108315,0.24986117843799113,49.9398152033488,0.2503012866407602,68.25694243113199,1.2208770326536775,11.03160405485987,38.9087656529517,50.05963029218843,79.66222638065247,69.98101072082632,50.027779738108315,0.2500810389070625,15.416666666666666,3
2022-08-17,373.0,1310.0,1673.0,12.006667137145996,11.974444389343262,16.44333267211914,3.0,3.0,20.0,746.0479736328125,2022,8,2022-08,1673.0,1683.0,3356.0,2983.0,23.981111526489258,6.0,40.4244441986084,26.0,0.44593423409014493,0.2500998905909529,50.027779738108315,0.24986117843799113,49.89351828893025,0.2505335448106361,68.51388613382974,1.216298447449856,11.114421930870083,39.03456495828367,49.851013110846246,79.66754830796556,69.76323837833887,50.027779738108315,0.25019690990438326,15.541666666666666,3
2022-08-18,337.0,1327.0,1671.0,12.006667137145996,11.975000381469727,16.671667098999023,3.0,3.0,18.0,752.5120239257812,2022,8,2022-08,1671.0,1664.0,3335.0,2998.0,23.981667518615723,6.0,40.653334617614746,24.0,0.45033633987180205,0.25100467776043406,50.027779738108315,0.24986117843799113,49.89583492279053,0.2505219126875553,69.4652795791626,1.0796760691725142,10.104947526236883,39.79010494752624,50.104947526236884,79.59611909955147,69.67822394764207,50.027779738108315,0.2501911093272606,14.041666666666666,3
2022-08-19,354.0,1318.0,1670.0,12.006667137145996,11.963889122009277,16.56833267211914,3.0,3.0,20.0,747.3920288085938,2022,8,2022-08,1670.0,1672.0,3342.0,2988.0,23.970556259155273,6.0,40.538888931274414,26.0,0.447540137011134,0.2501312010738266,50.027779738108315,0.24986117843799113,49.849538008371994,0.2507545806723562,69.03471946716309,1.2071220680917158,10.59245960502693,39.437462597247155,49.970077797725914,79.54934428724407,69.66880459280802,50.027779738108315,0.25030708236937016,14.75,3
2022-08-20,325.0,1378.0,1712.0,12.006667137145996,11.97611141204834,17.32111167907715,3.0,3.0,18.0,773.2479858398438,2022,8,2022-08,1712.0,1703.0,3415.0,3090.0,23.982778549194336,6.0,41.303890228271484,24.0,0.45166354313074986,0.25024206661483617,50.027779738108315,0.24986117843799113,49.90046421686809,0.2504986716290821,72.17129866282144,1.0391942696000804,9.51683748169839,40.35139092240117,50.131771595900446,79.55609463938393,71.38455606752504,50.027779738108315,0.250179518928242,13.541666666666666,3
2022-08-21,347.0,1340.0,1686.0,12.006667137145996,11.959444046020508,16.829999923706055,3.0,3.0,19.0,757.72802734375,2022,8,2022-08,1686.0,1687.0,3373.0,3026.0,23.966111183166504,6.0,40.79611110687256,25.0,0.4494235037626038,0.25040582529535693,50.027779738108315,0.24986117843799113,49.83101685841878,0.2508477809215761,70.12499968210855,1.1289364281717775,10.287577823895642,39.72724577527424,49.98517640083012,79.61972703948325,70.34933565626723,50.027779738108315,0.25035350767354886,14.458333333333334,3
2022-08-22,321.0,1415.0,1736.0,12.006667137145996,11.972222328186035,17.766666412353516,3.0,3.0,17.0,788.9920043945312,2022,8,2022-08,1736.0,1736.0,3472.0,3151.0,23.97888946533203,6.0,41.74555587768555,23.0,0.4544884817940848,0.25039416197858816,50.027779738108315,0.24986117843799113,49.88425970077515,0.250580044185877,74.02777671813965,0.956848043715143,9.245391705069125,40.754608294930875,50.0,79.64352834452514,72.39701415321412,50.027779738108315,0.25022009499958797,13.375,3
2022-08-23,344.0,1381.0,1730.0,12.006667137145996,11.972222328186035,17.346111297607422,3.0,3.0,19.0,779.2639770507812,2022,8,2022-08,1730.0,1725.0,3455.0,3111.0,23.97888946533203,6.0,41.32500076293945,25.0,0.4504416052316655,0.2504866528610676,50.027779738108315,0.24986117843799113,49.88425970077515,0.250580044185877,72.27546374003092,1.0953463674950996,9.956584659913169,39.97105643994212,50.07235890014472,79.61438597424909,72.14679405821452,50.027779738108315,0.25022009499958797,14.333333333333334,3
2022-08-24,332.0,1352.0,1693.0,12.006667137145996,11.975000381469727,16.974445343017578,3.0,3.0,19.0,759.0399780273438,2022,8,2022-08,1693.0,1684.0,3377.0,3045.0,23.981667518615723,6.0,40.9561128616333,25.0,0.44834021147509967,0.24927421281686166,50.027779738108315,0.24986117843799113,49.89583492279053,0.2505219126875553,70.72685559590658,1.1193296520770049,9.83121113414273,40.035534498075215,50.13325436778205,79.6491415583216,70.59559134850869,50.027779738108315,0.2501911093272606,13.833333333333334,3
2022-08-25,433.0,1121.0,1564.0,12.006667137145996,11.962778091430664,14.063333511352539,3.0,3.0,24.0,666.1119995117188,2022,8,2022-08,1564.0,1554.0,3118.0,2685.0,23.96944522857666,6.0,38.0327787399292,30.0,0.4259028129870325,0.24808640577717644,50.027779738108315,0.24986117843799113,49.844908714294434,0.25077786924334905,58.59722296396891,1.7065655152546975,13.887107119948686,35.95253367543297,50.160359204618345,79.71083094168816,65.2497371167932,50.027779738108315,0.2503186845912782,18.041666666666668,3
2022-08-26,388.0,1247.0,1631.0,12.006667137145996,11.975555419921875,15.646111488342285,3.0,3.0,21.0,718.5919799804688,2022,8,2022-08,1631.0,1635.0,3266.0,2878.0,23.98222255706787,6.0,39.628334045410156,27.0,0.44058367871273374,0.24968449617111493,50.027779738108315,0.24986117843799113,49.89814758300781,0.25051030159397575,65.19213120142618,1.3421865244694713,11.879975505205143,38.18126148193509,49.938763012859766,79.70031409587766,68.00870920611665,50.027779738108315,0.2501853189679337,16.166666666666668,3
2022-08-27,359.0,1335.0,1690.0,12.006667137145996,11.963889122009277,16.747777938842773,3.0,3.0,21.0,752.1599731445312,2022,8,2022-08,1690.0,1694.0,3384.0,3025.0,23.970556259155273,6.0,40.71833419799805,27.0,0.44506507286658653,0.2486479250064566,50.027779738108315,0.24986117843799113,49.849538008371994,0.2507545806723562,69.78240807851157,1.2538976858115092,10.608747044917259,39.45035460992908,49.94089834515367,79.71206716944594,70.50316153403925,50.027779738108315,0.25030708236937016,14.958333333333334,3
2022-08-28,354.0,1346.0,1702.0,12.006667137145996,11.850000381469727,16.892221450805664,3.0,3.0,19.0,762.7520141601562,2022,8,2022-08,1702.0,1700.0,3402.0,3048.0,23.856667518615723,6.0,40.74888896942139,25.0,0.44815041960056184,0.2502467238058255,50.027779738108315,0.24986117843799113,49.3750015894572,0.2531645488122691,70.38425604502359,1.124778055706451,10.405643738977071,39.56496178718401,50.02939447383892,79.68164542004648,71.34273882435187,50.027779738108315,0.2515020170071159,14.75,3
2022-08-29,335.0,1369.0,1706.0,12.006667137145996,11.975000381469727,17.176666259765625,3.0,3.0,19.0,766.3679809570312,2022,8,2022-08,1706.0,1704.0,3410.0,3075.0,23.981667518615723,6.0,41.15833377838135,25.0,0.44921921509790813,0.24922535966082318,50.027779738108315,0.24986117843799113,49.89583492279053,0.2505219126875553,71.56944274902344,1.106151782462312,9.824046920821115,40.146627565982406,50.029325513196476,79.7011468521529,71.13767208538442,50.027779738108315,0.2501911093272606,13.958333333333334,3
2022-08-30,404.0,1143.0,1553.0,12.006667137145996,11.966111183166504,14.329444885253906,3.0,3.0,25.0,669.4719848632812,2022,8,2022-08,1553.0,1547.0,3100.0,2696.0,23.9727783203125,6.0,38.302223205566406,31.0,0.43108305528865504,0.24832046916293815,50.027779738108315,0.24986117843799113,49.8587965965271,0.2507080165041666,59.70602035522461,1.7446593500441117,13.032258064516128,36.87096774193549,50.096774193548384,79.76582548401679,64.78181123812918,50.027779738108315,0.25028388115181915,16.833333333333332,3
2022-08-31,410.0,1192.0,1611.0,12.006667137145996,11.972222328186035,14.957777976989746,3.0,3.0,20.0,701.343994140625,2022,8,2022-08,1611.0,1602.0,3213.0,2803.0,23.97888946533203,6.0,38.93666744232178,26.0,0.43534698581044384,0.25021191371410095,50.027779738108315,0.24986117843799113,49.88425970077515,0.250580044185877,62.32407490412394,1.3370969960088284,12.76065981948335,37.099284158107686,50.14005602240896,79.69098096212618,67.18409550738937,50.027779738108315,0.25022009499958797,17.083333333333332,3
2022-09-01,376.0,1300.0,1673.0,12.006667137145996,11.975555419921875,16.307222366333008,3.0,3.0,20.0,743.968017578125,2022,9,2022-09,1673.0,1676.0,3349.0,2973.0,23.98222255706787,6.0,40.28944492340088,26.0,0.44469098480461744,0.2502415128079802,50.027779738108315,0.24986117843799113,49.89814758300781,0.25051030159397575,67.94675985972086,1.2264504371566611,11.227232009555092,38.81755747984473,49.95521051060018,79.71927841518297,69.76000643889218,50.027779738108315,0.2501853189679337,15.666666666666666,3
2022-09-02,432.0,1153.0,1582.0,8.881111145019531,15.095555305480957,14.4350004196167,4.0,4.0,25.0,678.0800170898438,2022,9,2022-09,1582.0,1585.0,3167.0,2735.0,23.97666645050049,8.0,38.41166687011719,33.0,0.4286220082742375,0.24792688010597577,37.00462977091472,0.4503940931133571,62.898147106170654,0.2649786588869416,60.145835081736244,1.7319015776422013,13.640669403220715,36.406694032207135,49.95263656457215,79.87530076085832,65.98081527580234,62.898147106170654,0.3336577257941964,18.0,3
2022-09-03,416.0,1185.0,1609.0,11.972222328186035,12.010000228881836,14.842222213745117,3.0,3.0,21.0,696.6400146484375,2022,9,2022-09,1609.0,1601.0,3210.0,2794.0,23.98222255706787,6.0,38.82444477081299,27.0,0.43296458337379584,0.24933429300230406,49.88425970077515,0.250580044185877,50.04166762034098,0.24979183537278818,61.842592557271324,1.414882468243352,12.9595015576324,36.915887850467286,50.12461059190031,79.83979642230344,67.09136303656756,50.04166762034098,0.2501853189679337,17.333333333333332,3
2022-09-04,399.0,1204.0,1600.0,11.981111526489258,12.010000228881836,15.084444046020508,3.0,3.0,21.0,700.3200073242188,2022,9,2022-09,1600.0,1603.0,3203.0,2804.0,23.991111755371094,6.0,39.0755558013916,27.0,0.4377000045776367,0.24975749191305946,49.921298027038574,0.2503941302413591,50.04166762034098,0.24979183537278818,62.85185019175211,1.3921626767239128,12.457071495472995,37.58975960037465,49.953168904152356,79.81732679883767,66.69136538208966,50.04166762034098,0.25009262018283623,16.625,3
2022-09-05,385.0,1284.0,1673.0,11.702777862548828,12.276110649108887,16.11055564880371,3.0,5.0,20.0,739.4879760742188,2022,9,2022-09,1673.0,1669.0,3342.0,2957.0,23.978888511657715,8.0,40.089444160461426,28.0,0.44201313572876194,0.2500804788888126,48.76157442728679,0.2563493928736856,51.1504610379537,0.40729512326144973,67.12731520334879,1.2414221108186978,11.520047875523638,38.42010771992819,50.05984440454817,79.69929951456041,69.76970593055823,51.1504610379537,0.3336268066015935,16.041666666666668,3
2022-09-06,401.0,1207.0,1611.0,12.008333206176758,11.94444465637207,15.13611125946045,3.0,3.0,23.0,698.5280151367188,2022,9,2022-09,1611.0,1608.0,3219.0,2818.0,23.952777862548828,6.0,39.08888912200928,29.0,0.43359901622390984,0.24788077187250487,50.03472169240316,0.24982651201391398,49.76851940155029,0.25116278624134886,63.06713024775187,1.5195448557253715,12.457284871077974,37.49611680646163,50.04659832246039,79.74307134176189,67.25733479618103,50.03472169240316,0.25049286702488277,16.708333333333332,3
2022-09-07,377.0,1249.0,1633.0,12.008333206176758,11.975000381469727,15.670555114746094,3.0,3.0,20.0,720.1920166015625,2022,9,2022-09,1633.0,1626.0,3259.0,2882.0,23.983333587646484,6.0,39.65388870239258,26.0,0.4410238925912814,0.24989313553142348,50.03472169240316,0.24982651201391398,49.89583492279053,0.2505219126875553,65.29397964477539,1.2762789737537676,11.567965633629948,38.32463945995704,50.107394906413006,79.70362191092279,68.08894993818282,50.03472169240316,0.250173729105387,15.708333333333334,3
2022-09-08,343.0,1322.0,1661.0,12.008333206176758,11.972222328186035,16.587223052978516,3.0,3.0,19.0,745.7919921875,2022,9,2022-09,1661.0,1665.0,3326.0,2983.0,23.980555534362793,6.0,40.56777858734131,25.0,0.4490018014373871,0.2500140771664432,50.03472169240316,0.24982651201391398,49.88425970077515,0.250580044185877,69.11342938741049,1.1454599687551816,10.3126879134095,39.747444377630785,49.93986770895971,79.69989887865,69.26445042609126,50.03472169240316,0.2502027107504802,14.291666666666666,3
2022-09-09,350.0,1320.0,1688.0,12.008333206176758,11.975555419921875,16.567777633666992,3.0,3.0,20.0,750.7520141601562,2022,9,2022-09,1688.0,1670.0,3358.0,3008.0,23.983888626098633,6.0,40.551666259765625,26.0,0.4447583022275807,0.24958511109047748,50.03472169240316,0.24982651201391398,49.89814758300781,0.25051030159397575,69.0324068069458,1.2071625079852877,10.42287075640262,39.30911256700417,50.268016676593206,79.67272552702899,70.38058032687672,50.03472169240316,0.2501679395505097,14.583333333333334,3
2022-09-10,323.0,1392.0,1707.0,12.008333206176758,11.97611141204834,17.479999542236328,3.0,3.0,16.0,779.7119750976562,2022,9,2022-09,1707.0,1715.0,3422.0,3099.0,23.984444618225098,6.0,41.464444160461426,22.0,0.4567732718791191,0.251601153629447,50.03472169240316,0.24982651201391398,49.90046421686809,0.2504986716290821,72.83333142598471,0.9153318317508959,9.438924605493863,40.67796610169492,49.88310929281122,79.63386936232794,71.17112892007094,50.03472169240316,0.2501621403165938,13.458333333333334,3
2022-09-11,333.0,1388.0,1725.0,12.008333206176758,11.97166633605957,17.41722297668457,3.0,3.0,18.0,776.8319702148438,2022,9,2022-09,1725.0,1721.0,3446.0,3113.0,23.979999542236328,6.0,41.3972225189209,24.0,0.45033737403759055,0.2495444812768531,50.03472169240316,0.24982651201391398,49.88194306691487,0.25059168170798174,72.57176240285239,1.0334598129733747,9.663377829367382,40.27858386535113,50.058038305281485,79.691234467058,71.93494716135136,50.03472169240316,0.2502085118655699,13.875,3
2022-09-12,364.0,1259.0,1628.0,11.993888854980469,11.988333702087402,15.798333168029785,3.0,2.0,21.0,719.6799926757812,2022,9,2022-09,1628.0,1623.0,3251.0,2887.0,23.98222255706787,5.0,39.780555725097656,26.0,0.44206387756497617,0.2492829901890479,49.97453689575195,0.2501273803912439,49.95139042536418,0.16682885626146368,65.82638820012411,1.329254154640601,11.196554906182712,38.72654567825285,50.07689941556445,79.69195146154841,67.88361654663268,49.97453689575195,0.2084877658066114,15.166666666666666,3
2022-09-13,372.0,1262.0,1639.0,11.977222442626953,12.006111145019531,15.838889122009277,3.0,2.0,21.0,724.2880249023438,2022,9,2022-09,1639.0,1634.0,3273.0,2901.0,23.983333587646484,5.0,39.82222270965576,26.0,0.44190849597458437,0.2496683987943274,49.90509351094563,0.250475434882381,50.02546310424805,0.16658183285515024,65.99537134170532,1.3258505592301286,11.365719523373052,38.557897952948366,50.07638252367859,79.67730503563915,68.3391236672882,50.02546310424805,0.20847810758782248,15.5,3
2022-09-14,822.0,818.0,1672.0,11.973333358764648,12.010000228881836,10.247777938842773,3.0,3.0,21.0,604.1599731445312,2022,9,2022-09,1672.0,1640.0,3312.0,2490.0,23.983333587646484,6.0,34.23111152648926,27.0,0.3613396968567771,0.24263452736728164,49.88888899485271,0.2505567923408695,50.04166762034098,0.24979183537278818,42.69907474517822,2.0492247319687156,24.818840579710145,24.69806763285024,50.48309178743962,79.82218241668616,69.71507917736783,50.04166762034098,0.250173729105387,34.25,3
2022-09-15,1188.0,505.0,1701.0,11.973333358764648,12.010000228881836,6.331666469573975,3.0,3.0,15.0,521.1519775390625,2022,9,2022-09,1701.0,1693.0,3394.0,2206.0,23.983333587646484,6.0,30.31500005722046,21.0,0.30637976339745004,0.23624296352632027,49.88888899485271,0.2505567923408695,50.04166762034098,0.24979183537278818,26.381943623224895,2.3690445591347253,35.00294637595757,14.87919858573954,50.117855038302885,79.75783349086909,70.9242522013772,50.04166762034098,0.250173729105387,49.5,3
2022-09-16,1176.0,448.0,1639.0,11.982222557067871,12.010000228881836,5.616666793823242,3.0,3.0,14.0,495.1679992675781,2022,9,2022-09,1639.0,1624.0,3263.0,2087.0,23.992222785949707,6.0,29.60888957977295,20.0,0.30211592389724107,0.2372630566687006,49.925927321116134,0.2503709128846393,50.04166762034098,0.24979183537278818,23.40277830759684,2.4925815459439526,36.040453570334044,13.729696598222493,50.22984983144345,79.76260947020648,68.31380379477923,50.04166762034098,0.2500810389070625,49.0,3
2022-09-17,1157.0,473.0,1642.0,12.233888626098633,11.744999885559082,5.92888879776001,3.0,4.0,15.0,497.66400146484375,2022,9,2022-09,1642.0,1630.0,3272.0,2115.0,23.978888511657715,7.0,29.907777309417725,22.0,0.30308404474107414,0.23530212835217199,50.97453594207764,0.24522047663570198,48.93749952316284,0.34057045883143433,24.70370332400004,2.5299850463829143,35.36063569682152,14.4559902200489,50.183374083129586,79.77886179594124,68.47690205497706,50.97453594207764,0.2919234557763943,48.208333333333336,3
2022-09-18,2.0,0.0,2.0,0.0,0.03444444388151169,0.0,0.0,0.0,0.0,0.3199999928474426,2022,9,2022-09,2.0,2.0,4.0,2.0,0.03444444388151169,0.0,0.03444444388151169,0.0,0.1599999964237213,0.1599999964237213,0.0,,0.14351851617296535,0.0,0.0,,50.0,0.0,50.0,,58.0645170779928,0.14351851617296535,0.0,0.08333333333333333,1
2022-09-19,1189.0,348.0,1550.0,12.008333206176758,12.041666984558105,4.362222194671631,3.0,3.0,12.0,448.7040100097656,2022,9,2022-09,1550.0,1537.0,3087.0,1898.0,24.050000190734863,6.0,28.412222385406494,18.0,0.2894864580708165,0.23640885669639916,50.03472169240316,0.24982651201391398,50.173612435658775,0.24913494151990048,18.175925811131798,2.7508915099872184,38.51635892452219,11.273080660835763,50.210560414642046,79.77585378962934,64.44906393793416,50.173612435658775,0.24948024750168063,49.541666666666664,3
2022-09-20,1173.0,427.0,1616.0,12.008333206176758,11.97611141204834,5.353888988494873,3.0,3.0,14.0,486.4639892578125,2022,9,2022-09,1616.0,1600.0,3216.0,2043.0,23.984444618225098,6.0,29.33833360671997,20.0,0.3010296963229038,0.23811257428184654,50.03472169240316,0.24982651201391398,49.90046421686809,0.2504986716290821,22.307870785395302,2.6149216074679558,36.473880597014926,13.277363184079602,50.24875621890548,79.75510902777265,67.37700312526927,50.03472169240316,0.2501621403165938,48.875,3
2022-09-21,1232.0,373.0,1620.0,12.008333206176758,11.975000381469727,4.6811113357543945,3.0,3.0,13.0,465.9840087890625,2022,9,2022-09,1620.0,1605.0,3225.0,1993.0,23.983333587646484,6.0,28.66444492340088,19.0,0.28764444986979165,0.2338103405865843,50.03472169240316,0.24982651201391398,49.89583492279053,0.2505219126875553,19.50463056564331,2.7771183096428014,38.2015503875969,11.565891472868216,50.23255813953489,79.68193303821269,67.54690685845448,50.03472169240316,0.250173729105387,51.333333333333336,3
2022-09-22,1227.0,347.0,1588.0,12.008333206176758,11.97611141204834,4.340555667877197,3.0,3.0,12.0,453.9519958496094,2022,9,2022-09,1588.0,1574.0,3162.0,1935.0,23.984444618225098,6.0,28.325000286102295,18.0,0.2858639772352704,0.2346005146509609,50.03472169240316,0.24982651201391398,49.90046421686809,0.2504986716290821,18.08564861615499,2.7646229925830554,38.804554079696395,10.974067046173309,50.221378874130295,79.9436815355267,66.20957980379183,50.03472169240316,0.2501621403165938,51.125,3
2022-09-23,1254.0,321.0,1587.0,12.008333206176758,11.96500015258789,4.027777671813965,3.0,3.0,11.0,446.0159912109375,2022,9,2022-09,1587.0,1575.0,3162.0,1908.0,23.97333335876465,6.0,28.001111030578613,17.0,0.28104347272270797,0.2337610016828813,50.03472169240316,0.24982651201391398,49.85416730244954,0.2507312964263636,16.782406965891518,2.7310345546073798,39.658444022770404,10.15180265654649,50.18975332068312,79.69655382081535,66.1985538786075,50.03472169240316,0.2502780864975709,52.25,3
2022-09-24,1182.0,415.0,1612.0,12.008333206176758,11.97166633605957,5.209444522857666,3.0,3.0,13.0,482.3039855957031,2022,9,2022-09,1612.0,1597.0,3209.0,2027.0,23.979999542236328,6.0,29.189444065093994,19.0,0.2991960208410069,0.2379398054246192,50.03472169240316,0.24982651201391398,49.88194306691487,0.25059168170798174,21.706018845240273,2.4954675960094086,36.833904643191026,12.932377687753194,50.23371766905578,79.66300402645419,67.22268685454979,50.03472169240316,0.2502085118655699,49.25,3
2022-09-25,2.0,0.0,2.0,0.0,0.028888888657093048,0.0,0.0,0.0,0.0,0.3199999928474426,2022,9,2022-09,2.0,2.0,4.0,2.0,0.028888888657093048,0.0,0.028888888657093048,0.0,0.1599999964237213,0.1599999964237213,0.0,,0.12037036940455437,0.0,0.0,,50.0,0.0,50.0,,69.2307697862563,0.12037036940455437,0.0,0.08333333333333333,1
2022-09-26,3.0,0.0,2.0,0.0,0.04611111059784889,0.0,0.0,0.0,0.0,0.4480000138282776,2022,9,2022-09,2.0,3.0,5.0,2.0,0.04611111059784889,0.0,0.04611111059784889,0.0,0.2240000069141388,0.2240000069141388,0.0,,0.19212962749103707,0.0,0.0,,60.0,0.0,40.0,,43.37349445869346,0.19212962749103707,0.0,0.125,1
2022-09-27,1406.0,0.0,1422.0,12.008333206176758,11.972777366638184,0.0,3.0,3.0,0.0,320.12799072265625,2022,9,2022-09,1422.0,1406.0,2828.0,1422.0,23.98111057281494,6.0,23.98111057281494,6.0,0.22512516928456838,0.22512516928456838,50.03472169240316,0.24982651201391398,49.88657236099243,0.25056842770328447,0.0,,49.71711456859972,0.0,50.28288543140028,,59.29667000543267,50.03472169240316,0.25019691985414627,58.583333333333336,2
2022-09-28,5.0,0.0,5.0,0.08888889104127884,0.0,0.0,0.0,0.0,0.0,0.9599999785423279,2022,9,2022-09,5.0,5.0,10.0,5.0,0.08888889104127884,0.0,0.08888889104127884,0.0,0.19199999570846557,0.19199999570846557,0.3703703793386618,0.0,0.0,,0.0,,50.0,0.0,50.0,,56.24999863794077,0.3703703793386618,0.0,0.20833333333333334,1
2022-09-29,1397.0,24.0,1439.0,11.969444274902344,12.010000228881836,0.2938888967037201,3.0,3.0,1.0,330.11199951171875,2022,9,2022-09,1439.0,1421.0,2860.0,1463.0,23.97944450378418,6.0,24.2733334004879,7.0,0.22940375226665652,0.22564046446460612,49.872684478759766,0.2506382026683086,50.04166762034098,0.24979183537278818,1.2245370695988336,3.4026464123554003,48.84615384615385,0.8391608391608392,50.31468531468531,81.66351389652961,60.00973040776288,50.04166762034098,0.2502143032985249,58.208333333333336,3
2022-09-30,5.0,0.0,5.0,0.09777777642011642,0.0,0.0,0.0,0.0,0.0,1.0880000591278076,2022,9,2022-09,5.0,5.0,10.0,5.0,0.09777777642011642,0.0,0.09777777642011642,0.0,0.21760001182556152,0.21760001182556152,0.4074074017504851,0.0,0.0,,0.0,,50.0,0.0,50.0,,51.136364346400896,0.4074074017504851,0.0,0.20833333333333334,1
2022-10-01,1356.0,189.0,1561.0,12.08666706085205,12.010000228881836,2.3727777004241943,3.0,3.0,7.0,405.1839904785156,2022,10,2022-10,1561.0,1545.0,3106.0,1750.0,24.096667289733887,6.0,26.46944499015808,13.0,0.2595669381668902,0.23153370884486607,50.36111275355021,0.2482073829696865,50.04166762034098,0.24979183537278818,9.886573751767475,2.9501288716379004,43.657437218287185,6.084996780424984,50.257566001287834,79.65347953422331,64.78074254961584,50.36111275355021,0.24899708859557654,56.5,3
2022-10-02,1306.0,242.0,1564.0,11.97611141204834,12.010000228881836,3.032222270965576,3.0,3.0,9.0,418.8160095214844,2022,10,2022-10,1564.0,1548.0,3112.0,1806.0,23.986111640930176,6.0,27.018333911895752,15.0,0.26778517232831484,0.2319025523374775,49.90046421686809,0.2504986716290821,50.04166762034098,0.24979183537278818,12.634259462356567,2.9681201428330826,41.96658097686375,7.776349614395888,50.257069408740364,79.80945272951178,65.20439925457416,50.04166762034098,0.25014475417355814,54.416666666666664,3
2022-10-03,1329.0,208.0,1552.0,11.965555191040039,12.010000228881836,2.608888864517212,3.0,3.0,9.0,405.44000244140625,2022,10,2022-10,1552.0,1537.0,3089.0,1760.0,23.975555419921875,6.0,26.584444284439087,15.0,0.2612371149751329,0.23036363775079902,49.856479962666825,0.2507196659162492,50.04166762034098,0.24979183537278818,10.870370268821716,3.449744495599852,43.02363224344448,6.733570734865653,50.24279702168987,79.72742834275213,64.7325983827013,50.04166762034098,0.250254890654773,55.375,3
2022-10-04,1313.0,204.0,1532.0,11.972222328186035,12.010000228881836,2.5577778816223145,3.0,3.0,8.0,400.32000732421875,2022,10,2022-10,1532.0,1517.0,3049.0,1736.0,23.98222255706787,6.0,26.540000438690186,14.0,0.26130548780954227,0.23059908256003384,49.88425970077515,0.250580044185877,50.04166762034098,0.24979183537278818,10.657407840092976,3.127714903424633,43.06329944244015,6.690718268284683,50.24598228927517,79.75673003732814,63.88065144314574,50.04166762034098,0.2501853189679337,54.708333333333336,3
2022-10-05,1269.0,248.0,1532.0,11.966666221618652,12.010000228881836,3.1205556392669678,3.0,3.0,9.0,414.3999938964844,2022,10,2022-10,1532.0,1517.0,3049.0,1780.0,23.97666645050049,6.0,27.097222089767456,15.0,0.2704960795668958,0.23280898533510358,49.861109256744385,0.25069638815364315,50.04166762034098,0.24979183537278818,13.002315163612366,2.8841017563507183,41.62020334535914,8.133814365365694,50.24598228927517,79.47302617499757,63.89545448958861,50.04166762034098,0.2502432943456473,52.875,3
2022-10-06,1285.0,177.0,1476.0,11.972777366638184,12.010000228881836,2.2244443893432617,3.0,3.0,7.0,381.6960144042969,2022,10,2022-10,1476.0,1462.0,2938.0,1653.0,23.98277759552002,6.0,26.20722198486328,13.0,0.2586016357752689,0.23091107949443246,49.88657236099243,0.25056842770328447,50.04166762034098,0.24979183537278818,9.268518288930256,3.1468532248030976,43.737236215112326,6.024506466984343,50.23825731790333,79.57043154144975,61.544164103648974,50.04166762034098,0.2501795288766218,53.541666666666664,3
2022-10-07,1213.0,275.0,1504.0,11.953332901000977,12.010000228881836,3.451111078262329,3.0,3.0,10.0,418.68798828125,2022,10,2022-10,1504.0,1488.0,2992.0,1779.0,23.963333129882812,6.0,27.41444420814514,16.0,0.2783829709316822,0.2353501901524733,49.80555375417073,0.25097602692457255,50.04166762034098,0.24979183537278818,14.379629492759705,2.89761754206854,40.54144385026738,9.191176470588236,50.26737967914438,79.68448240688485,62.76255443465327,50.04166762034098,0.25038253098930824,50.541666666666664,3
2022-10-08,1189.0,357.0,1562.0,11.973889350891113,12.010000228881836,4.497777938842773,3.0,3.0,12.0,453.24798583984375,2022,10,2022-10,1562.0,1546.0,3108.0,1919.0,23.98388957977295,6.0,28.481667518615723,18.0,0.29017156583856835,0.23618967474718278,49.89120562871297,0.25054515805900074,50.04166762034098,0.24979183537278818,18.740741411844887,2.667984094183063,38.25611325611325,11.486486486486488,50.257400257400256,79.37252680194612,65.12705100666108,50.04166762034098,0.2501679296030515,49.541666666666664,3
2022-10-09,1181.0,355.0,1550.0,11.971111297607422,12.010000228881836,4.461111068725586,3.0,3.0,12.0,449.1520080566406,2022,10,2022-10,1550.0,1536.0,3086.0,1905.0,23.981111526489258,6.0,28.442222595214844,18.0,0.2897754890688004,0.23577533231319717,49.879630406697586,0.25060330034685985,50.04166762034098,0.24979183537278818,18.587962786356606,2.6899128524562967,38.269604666234606,11.50356448476993,50.22683084899546,79.57658855183212,64.63420172529901,50.04166762034098,0.25019690990438326,49.208333333333336,3
2022-10-10,1242.0,263.0,1517.0,11.975555419921875,12.010000228881836,3.309999942779541,3.0,3.0,10.0,415.6159973144531,2022,10,2022-10,1517.0,1505.0,3022.0,1780.0,23.98555564880371,6.0,27.295555591583252,16.0,0.27397231200689065,0.23349213332272648,49.89814758300781,0.25051030159397575,50.04166762034098,0.24979183537278818,13.791666428248087,3.02114808848081,41.09861019192588,8.702845797485109,50.19854401058902,79.4561947270453,63.24639804938857,50.04166762034098,0.250150552601405,51.75,3
2022-10-11,1410.0,47.0,1473.0,11.968889236450195,12.010000228881836,0.5961111187934875,3.0,3.0,2.0,342.656005859375,2022,10,2022-10,1473.0,1457.0,2930.0,1520.0,23.97888946533203,6.0,24.57500058412552,8.0,0.2326245796737101,0.2254315828022204,49.87037181854248,0.25064982562155935,50.04166762034098,0.24979183537278818,2.483796328306198,3.3550791739096306,48.122866894197955,1.6040955631399316,50.27303754266212,78.84436058687632,61.429033322398844,50.04166762034098,0.25022009499958797,58.75,3
2022-10-12,1401.0,49.0,1469.0,11.973333358764648,12.010000228881836,0.6183333396911621,3.0,3.0,2.0,344.89599609375,2022,10,2022-10,1469.0,1450.0,2919.0,1518.0,23.983333587646484,6.0,24.601666927337646,8.0,0.23478284281398912,0.22720421350049408,49.88888899485271,0.2505567923408695,50.04166762034098,0.24979183537278818,2.576388915379842,3.234501314451096,47.99588900308325,1.6786570743405276,50.32545392257622,79.24528220405186,61.25086800930224,50.04166762034098,0.250173729105387,58.375,3
2022-10-13,1436.0,0.0,1456.0,11.973333358764648,12.010000228881836,0.0,3.0,3.0,0.0,328.447998046875,2022,10,2022-10,1456.0,1436.0,2892.0,1456.0,23.983333587646484,6.0,23.983333587646484,6.0,0.22558241624098557,0.22558241624098557,49.88888899485271,0.2505567923408695,50.04166762034098,0.24979183537278818,0.0,,49.654218533886585,0.0,50.345781466113415,,60.7088249295739,50.04166762034098,0.250173729105387,59.833333333333336,2
2022-10-14,1376.0,49.0,1443.0,11.956666946411133,12.010000228881836,0.6144444346427917,3.0,3.0,2.0,339.7760009765625,2022,10,2022-10,1443.0,1425.0,2868.0,1492.0,23.96666717529297,6.0,24.58111160993576,8.0,0.23546500414176194,0.2277319041397872,49.81944561004639,0.25090604375331105,50.04166762034098,0.24979183537278818,2.560185144344966,3.254972927149553,47.977684797768475,1.708507670850767,50.313807531380746,79.74683671516405,60.20862180986,50.04166762034098,0.25034769983309774,57.333333333333336,3
2022-10-15,1338.0,124.0,1479.0,11.97166633605957,12.010000228881836,1.5583332777023315,3.0,3.0,5.0,369.21600341796875,2022,10,2022-10,1479.0,1462.0,2941.0,1603.0,23.981666564941406,6.0,25.539999842643738,11.0,0.24963894754426555,0.23032813687958126,49.88194306691487,0.25059168170798174,50.04166762034098,0.24979183537278818,6.493055323759715,3.208556264274994,45.494729683781024,4.216252975178511,50.28901734104046,79.57219535401985,61.67211090167259,50.04166762034098,0.25019111927656223,55.75,3
2022-10-16,1342.0,128.0,1488.0,11.961111068725586,12.010000228881836,1.6105555295944214,3.0,3.0,5.0,373.31201171875,2022,10,2022-10,1488.0,1470.0,2958.0,1616.0,23.971111297607422,6.0,25.581666827201843,11.0,0.25088172830561156,0.23100990824180073,49.83796278635661,0.25081282021065954,50.04166762034098,0.24979183537278818,6.710648039976756,3.1045188496289393,45.368492224476,4.3272481406355645,50.30425963488844,79.47568255050085,62.07471908690852,50.04166762034098,0.2503012866407602,55.916666666666664,3
2022-10-17,1359.0,99.0,1476.0,11.97166633605957,12.010000228881836,1.2366666793823242,3.0,3.0,4.0,361.9840087890625,2022,10,2022-10,1476.0,1458.0,2934.0,1575.0,23.981666564941406,6.0,25.21833324432373,10.0,0.24524661842077405,0.22983111669146825,49.88194306691487,0.25059168170798174,50.04166762034098,0.24979183537278818,5.152777830759684,3.234501314451096,46.31901840490797,3.374233128834356,50.306748466257666,80.05390753266462,61.547015342034314,50.04166762034098,0.25019111927656223,56.625,3
2022-10-18,1312.0,151.0,1480.0,11.963889122009277,12.010000228881836,1.894444465637207,3.0,3.0,6.0,377.9840087890625,2022,10,2022-10,1480.0,1463.0,2943.0,1631.0,23.973889350891113,6.0,25.86833381652832,12.0,0.25539460053315033,0.2317498521085607,49.849538008371994,0.2507545806723562,50.04166762034098,0.24979183537278818,7.893518606821696,3.1671553897896216,44.580360176690455,5.130818892286782,50.28882093102277,79.70674397637215,61.7338295984497,50.04166762034098,0.25027228215587716,54.666666666666664,3
2022-10-19,1288.0,179.0,1483.0,11.972777366638184,12.010000228881836,2.241666555404663,3.0,3.0,7.0,387.0719909667969,2022,10,2022-10,1483.0,1467.0,2950.0,1662.0,23.98277759552002,6.0,26.224444150924683,13.0,0.2610060626883324,0.2328953014240655,49.88657236099243,0.25056842770328447,50.04166762034098,0.24979183537278818,9.340277314186096,3.122676734915362,43.66101694915254,6.067796610169491,50.271186440677965,79.85130507854997,61.8360402206717,50.04166762034098,0.2501795288766218,53.666666666666664,3
2022-10-20,1324.0,129.0,1470.0,11.976666450500488,12.010000228881836,1.616111159324646,3.0,3.0,5.0,369.6000061035156,2022,10,2022-10,1470.0,1453.0,2923.0,1599.0,23.986666679382324,6.0,25.60277783870697,11.0,0.25142857558062287,0.2311444691078897,49.90277687708537,0.25048706268968807,50.04166762034098,0.24979183537278818,6.733796497186025,3.093846590409933,45.295928840232634,4.413274033527198,50.290797126240165,79.82124203257627,61.2840466601195,50.04166762034098,0.25013896595967144,55.166666666666664,3
2022-10-21,1289.0,181.0,1486.0,11.962778091430664,12.010000228881836,2.2699999809265137,3.0,3.0,7.0,388.09600830078125,2022,10,2022-10,1486.0,1470.0,2956.0,1667.0,23.9727783203125,6.0,26.242778301239014,13.0,0.2611682424635136,0.23281104277191436,49.844908714294434,0.25077786924334905,50.04166762034098,0.24979183537278818,9.458333253860474,3.083700466439171,43.606224627875505,6.123139377537212,50.27063599458727,79.73568348935571,61.986974565267204,50.04166762034098,0.25028388115181915,53.708333333333336,3
2022-10-22,1227.0,246.0,1488.0,15.498888969421387,8.006667137145996,3.0816667079925537,5.0,2.0,9.0,400.8320007324219,2022,10,2022-10,1488.0,1473.0,2961.0,1734.0,23.505556106567383,7.0,26.587222814559937,16.0,0.2693763445782405,0.23116032337509912,64.57870403925577,0.32260376920337813,33.36111307144165,0.24979182545521766,12.840277949968973,2.920497527087458,41.4387031408308,8.308004052684904,50.253292806484296,79.82693240705719,63.30418192421566,64.57870403925577,0.29780193109510056,51.125,3
2022-10-23,1267.0,180.0,1463.0,8.340555191040039,15.366110801696777,2.2572221755981445,2.0,4.0,7.0,381.0559997558594,2022,10,2022-10,1463.0,1447.0,2910.0,1643.0,23.706665992736816,6.0,25.96388816833496,13.0,0.2604620640846612,0.23192696272419924,34.75231329600017,0.23979219059044518,64.02546167373657,0.26031310405221775,9.405092398325603,3.101156844759892,43.539518900343644,6.185567010309279,50.27491408934708,79.74403315096865,61.71260017955414,64.02546167373657,0.2530933705244872,52.791666666666664,3
2022-10-24,1271.0,242.0,1530.0,12.006667137145996,11.976666450500488,3.032222270965576,3.0,3.0,9.0,415.10400390625,2022,10,2022-10,1530.0,1513.0,3043.0,1772.0,23.983333587646484,6.0,27.01555585861206,15.0,0.2713098064746732,0.23425733854754516,50.027779738108315,0.24986117843799113,49.90277687708537,0.25048706268968807,12.634259462356567,2.9681201428330826,41.76799211304634,7.952678278015117,50.27932960893855,79.80945272951178,63.79430092187368,50.027779738108315,0.250173729105387,52.958333333333336,3
2022-10-25,1240.0,262.0,1519.0,12.006667137145996,11.965555191040039,3.2877776622772217,3.0,3.0,10.0,417.21600341796875,2022,10,2022-10,1519.0,1502.0,3021.0,1781.0,23.972222328186035,6.0,27.259999990463257,16.0,0.2746649133758846,0.2342594067478769,50.027779738108315,0.24986117843799113,49.856479962666825,0.2507196659162492,13.699073592821756,3.0415682041813237,41.04601125455147,8.672624958622972,50.28136378682555,79.68908694955068,63.365005513652015,50.027779738108315,0.25028968603154184,51.666666666666664,3
2022-10-26,1257.0,209.0,1481.0,12.006667137145996,11.979999542236328,2.6272222995758057,3.0,3.0,8.0,395.3280029296875,2022,10,2022-10,1481.0,1466.0,2947.0,1690.0,23.986666679382324,6.0,26.61388897895813,14.0,0.26693315525299627,0.23392189522466716,50.027779738108315,0.24986117843799113,49.91666475931804,0.2504173718390631,10.946759581565857,3.0450411452779194,42.65354597896165,7.091957923311842,50.254496097726495,79.55169992038564,61.7426347643789,50.027779738108315,0.25013896595967144,52.375,3
2022-10-27,1239.0,237.0,1491.0,12.006667137145996,11.977222442626953,2.972777843475342,3.0,3.0,9.0,405.3760070800781,2022,10,2022-10,1491.0,1476.0,2967.0,1728.0,23.98388957977295,6.0,26.95666742324829,15.0,0.271881963165713,0.23459259668986002,50.027779738108315,0.24986117843799113,49.90509351094563,0.250475434882381,12.386574347813923,3.0274714337478046,41.75935288169869,7.987866531850354,50.25278058645096,79.72341442202553,62.1667305063583,50.027779738108315,0.2501679296030515,51.625,3
2022-10-28,1221.0,239.0,1477.0,12.006667137145996,11.972777366638184,2.9994444847106934,3.0,3.0,9.0,402.4320068359375,2022,10,2022-10,1477.0,1460.0,2937.0,1716.0,23.97944450378418,6.0,26.978888988494873,15.0,0.27246581370070244,0.23451748650112908,50.027779738108315,0.24986117843799113,49.88657236099243,0.25056842770328447,12.497685352961224,3.0005556181741038,41.57303370786517,8.137555328566565,50.28941096356827,79.68142141595675,61.594420995320206,50.027779738108315,0.2502143032985249,50.875,3
2022-10-29,1275.0,239.0,1530.0,12.006667137145996,11.977777481079102,2.9944443702697754,3.0,3.0,10.0,413.24798583984375,2022,10,2022-10,1530.0,1514.0,3044.0,1769.0,23.984444618225098,6.0,26.978888988494873,16.0,0.2700967227711397,0.23360541879018867,50.027779738108315,0.24986117843799113,49.90740617116292,0.2504638280965731,12.47685154279073,3.3395177079543075,41.88567674113009,7.851511169513797,50.26281208935611,79.81447322010796,63.79134578073142,50.027779738108315,0.2501621403165938,53.125,3
2022-10-30,1340.0,216.0,1573.0,12.279444694519043,12.695555686950684,2.7072222232818604,4.0,3.0,8.0,416.0639953613281,2022,10,2022-10,1573.0,1556.0,3129.0,1789.0,24.975000381469727,7.0,27.682222604751587,15.0,0.2645034935545633,0.2325679124434478,51.164352893829346,0.3257476294335532,52.898148695627846,0.2363031657671822,11.280092597007751,2.9550584843758823,42.82518376478108,6.903163950143816,50.271652285075106,79.78657907814882,62.98298202097694,52.898148695627846,0.28028027599926164,55.833333333333336,3
2022-10-31,1312.0,186.0,1514.0,11.975000381469727,12.010000228881836,2.3305554389953613,3.0,3.0,7.0,394.9440002441406,2022,10,2022-10,1514.0,1498.0,3012.0,1700.0,23.985000610351562,6.0,26.315556049346924,13.0,0.26086129474513914,0.23232000014361212,49.89583492279053,0.2505219126875553,50.04166762034098,0.24979183537278818,9.710647662480671,3.0035758355602598,43.559096945551126,6.175298804780876,50.265604249667994,79.80930077345833,63.122783467705254,50.04166762034098,0.25015634135153997,54.666666666666664,3
2022-11-01,1317.0,124.0,1458.0,11.903888702392578,12.066666603088379,1.5561110973358154,3.0,4.0,5.0,366.97601318359375,2022,11,2022-11,1458.0,1441.0,2899.0,1582.0,23.970555305480957,7.0,25.526666402816772,12.0,0.2516982257774991,0.23196966699342209,49.59953625996907,0.2520184853036324,50.27777751286825,0.3314917144537853,6.483796238899231,3.213138193385031,45.429458433942735,4.277337012763022,50.29320455329424,79.68582719594876,60.82462343567914,50.27777751286825,0.292024941049214,54.875,3
2022-11-02,1284.0,182.0,1483.0,11.956666946411133,12.010000228881836,2.2899999618530273,3.0,3.0,7.0,389.9519958496094,2022,11,2022-11,1483.0,1466.0,2949.0,1665.0,23.96666717529297,6.0,26.256667137145996,13.0,0.2629480754211796,0.2342054029126783,49.81944561004639,0.25090604375331105,50.04166762034098,0.24979183537278818,9.541666507720947,3.0567686098718205,43.540183112919635,6.171583587656833,50.28823329942354,79.47598385666733,61.877606475413984,50.04166762034098,0.25034769983309774,53.5,3
2022-11-03,1299.0,125.0,1440.0,11.967222213745117,12.010000228881836,1.5644444227218628,3.0,3.0,5.0,362.9440002441406,2022,11,2022-11,1440.0,1424.0,2864.0,1565.0,23.977222442626953,6.0,25.541666865348816,11.0,0.25204444461398656,0.23191309919753395,49.86342589060466,0.2506847409045609,50.04166762034098,0.24979183537278818,6.518518428007762,3.196022771650056,45.35614525139665,4.364525139664805,50.27932960893855,79.9005692912514,60.05699798822207,50.04166762034098,0.25023749161759196,54.125,3
2022-11-04,1278.0,121.0,1417.0,11.964444160461426,12.010000228881836,1.526111125946045,3.0,3.0,5.0,360.447998046875,2022,11,2022-11,1417.0,1399.0,2816.0,1538.0,23.97444438934326,6.0,25.500555515289307,11.0,0.25437402826173255,0.23436150718262352,49.85185066858928,0.25074294800204916,50.04166762034098,0.24979183537278818,6.3587963581085205,3.2763013878825316,45.38352272727273,4.296875,50.31960227272727,79.28649358675726,59.104602258472454,50.04166762034098,0.2502664880386978,53.25,3
2022-11-05,1332.0,48.0,1398.0,12.765000343322754,11.210556030273438,0.597777783870697,3.0,3.0,2.0,332.54400634765625,2022,11,2022-11,1398.0,1380.0,2778.0,1446.0,23.97555637359619,6.0,24.57333415746689,8.0,0.23787124917571978,0.2299751081242436,53.187501430511475,0.23501762000102652,46.71065012613933,0.26760492449247647,2.490740766127904,3.3457248729615086,47.94816414686825,1.7278617710583155,50.323974082073434,80.29739695107621,58.30938720319291,53.187501430511475,0.25025488070039875,55.5,3
2022-11-06,1268.0,133.0,1416.0,11.973333358764648,12.010000228881836,1.6666666269302368,3.0,3.0,5.0,361.0880126953125,2022,11,2022-11,1416.0,1401.0,2817.0,1549.0,23.983333587646484,6.0,25.65000021457672,11.0,0.2550056586831303,0.23311040199826502,49.88888899485271,0.2505567923408695,50.04166762034098,0.24979183537278818,6.944444278875987,3.0000000715255752,45.01242456514022,4.721334753283635,50.26624068157615,79.8000019025803,59.04100006887132,50.04166762034098,0.250173729105387,52.833333333333336,3
2022-11-07,1300.0,72.0,1388.0,11.96833324432373,12.010000228881836,0.9027777910232544,3.0,3.0,3.0,338.8160095214844,2022,11,2022-11,1388.0,1372.0,2760.0,1460.0,23.978333473205566,6.0,24.88111126422882,9.0,0.2441037532575536,0.23206575994622217,49.868055184682206,0.25066146962634267,50.04166762034098,0.24979183537278818,3.76157412926356,3.3230768743210297,47.10144927536232,2.608695652173913,50.289855072463766,79.75384498370471,57.885590821022305,50.04166762034098,0.2502258969208457,54.166666666666664,3
2022-11-08,1330.0,25.0,1374.0,11.974444389343262,12.010000228881836,0.3149999976158142,3.0,3.0,1.0,321.9840087890625,2022,11,2022-11,1374.0,1355.0,2729.0,1399.0,23.984444618225098,6.0,24.299444615840912,7.0,0.2343406177504094,0.2301529726869639,49.89351828893025,0.2505335448106361,50.04166762034098,0.24979183537278818,1.3124999900658927,3.1746031986312504,48.73580065958226,0.9160864785635764,50.348112861854155,79.36507996578126,57.28713013249998,50.04166762034098,0.2501621403165938,55.416666666666664,3
2022-11-09,1311.0,73.0,1401.0,11.967222213745117,12.010000228881836,0.9161111116409302,3.0,3.0,3.0,341.9519958496094,2022,11,2022-11,1401.0,1384.0,2785.0,1474.0,23.977222442626953,6.0,24.893333554267883,9.0,0.24407708483198384,0.23198914236744192,49.86342589060466,0.2506847409045609,50.04166762034098,0.24979183537278818,3.817129631837209,3.2747119447404436,47.07360861759425,2.621184919210054,50.305206463195695,79.68465732201746,58.43045429270772,50.04166762034098,0.25023749161759196,54.625,3
2022-11-10,1310.0,122.0,1450.0,11.98277759552002,12.010000228881836,1.526111125946045,3.0,3.0,5.0,364.2239990234375,2022,11,2022-11,1450.0,1432.0,2882.0,1572.0,23.992777824401855,6.0,25.5188889503479,11.0,0.25118896484375,0.23169465586732665,49.92823998133342,0.25035931578347953,50.04166762034098,0.24979183537278818,6.3587963581085205,3.2763013878825316,45.45454545454545,4.233171408743928,50.312283136710626,79.94175386433378,60.434852963347886,50.04166762034098,0.25007525364143957,54.583333333333336,3
2022-11-11,1314.0,126.0,1457.0,11.966666221618652,12.010000228881836,1.5844444036483765,3.0,3.0,5.0,365.44000244140625,2022,11,2022-11,1457.0,1440.0,2897.0,1583.0,23.97666645050049,6.0,25.561110854148865,11.0,0.2508167484155156,0.23085281266039562,49.861109256744385,0.25069638815364315,50.04166762034098,0.24979183537278818,6.601851681868236,3.15568030565597,45.3572661373835,4.349326889886089,50.293406972730416,79.52314370253045,60.76741331026802,50.04166762034098,0.2502432943456473,54.75,3
2022-11-12,1293.0,146.0,1456.0,11.975000381469727,12.010000228881836,1.8322222232818604,3.0,3.0,6.0,371.7760009765625,2022,11,2022-11,1456.0,1439.0,2895.0,1602.0,23.985000610351562,6.0,25.817222833633423,12.0,0.25534066001137534,0.23206991321882803,49.89583492279053,0.2505219126875553,50.04166762034098,0.24979183537278818,7.634259263674418,3.2747119447404436,44.66321243523316,5.043177892918826,50.29360967184802,79.68465732201746,60.704605501307036,50.04166762034098,0.25015634135153997,53.875,3
2022-11-13,1279.0,185.0,1482.0,11.967778205871582,12.010000228881836,2.323333263397217,3.0,3.0,7.0,387.7760009765625,2022,11,2022-11,1482.0,1464.0,2946.0,1667.0,23.977778434753418,6.0,26.301111698150635,13.0,0.2616572206319585,0.23261907677058338,49.86574252446492,0.2506730947376809,50.04166762034098,0.24979183537278818,9.680555264155071,3.012912572759572,43.41479972844535,6.2797012898845885,50.30549898167006,79.62697513721726,61.8072272221845,50.04166762034098,0.2502316891586417,53.291666666666664,3
2022-11-14,1266.0,201.0,1485.0,11.975000381469727,12.010000228881836,2.5238888263702393,3.0,3.0,8.0,393.21600341796875,2022,11,2022-11,1485.0,1467.0,2952.0,1686.0,23.985000610351562,6.0,26.5088894367218,14.0,0.26479192149358166,0.2332242013155212,49.89583492279053,0.2505219126875553,50.04166762034098,0.24979183537278818,10.516203443209331,3.1697117228040885,42.886178861788615,6.808943089430894,50.30487804878049,79.63900703545272,61.913694484506145,50.04166762034098,0.25015634135153997,52.75,3
2022-11-15,1314.0,154.0,1484.0,11.978333473205566,12.010000228881836,1.9338889122009277,3.0,3.0,6.0,379.5199890136719,2022,11,2022-11,1484.0,1468.0,2952.0,1638.0,23.988333702087402,6.0,25.92222261428833,12.0,0.2557412324889972,0.23169718499003167,49.90972280502319,0.2504522024462522,50.04166762034098,0.24979183537278818,8.057870467503864,3.102556699170221,44.51219512195122,5.2168021680216805,50.271002710027105,79.63228861203568,61.86340487129651,50.04166762034098,0.25012158303758697,54.75,3
2022-11-16,1312.0,149.0,1476.0,11.966111183166504,12.010000228881836,1.8650000095367432,3.0,3.0,6.0,375.552001953125,2022,11,2022-11,1476.0,1461.0,2937.0,1625.0,23.97611141204834,6.0,25.841111421585083,12.0,0.2544390257134993,0.23110892427884616,49.8587965965271,0.2507080165041666,50.04166762034098,0.24979183537278818,7.770833373069763,3.217158160492648,44.67143343547838,5.073203949608444,50.25536261491318,79.89276098556743,61.561275497672604,50.04166762034098,0.25024908738891305,54.666666666666664,3
2022-11-17,1348.0,76.0,1443.0,12.831666946411133,10.983333587646484,0.9477777481079102,3.0,4.0,3.0,346.8800048828125,2022,11,2022-11,1443.0,1424.0,2867.0,1519.0,23.815000534057617,7.0,24.762778282165527,10.0,0.24038808377187285,0.22836076687479429,53.46527894337972,0.23379659186362103,45.76388994852702,0.3641881554520937,3.9490739504496255,3.165299043988984,47.01778862922916,2.6508545517963027,50.33135681897454,80.18757578105426,60.592062466527295,53.46527894337972,0.29393238895751284,56.166666666666664,3
2022-11-18,1314.0,127.0,1457.0,11.144444465637207,12.823333740234375,1.5911110639572144,3.0,3.0,5.0,367.7439880371094,2022,11,2022-11,1457.0,1441.0,2898.0,1584.0,23.967778205871582,6.0,25.558889269828796,11.0,0.2523980700323331,0.23216160860928622,46.43518527348836,0.26919242221989653,53.43055725097656,0.23394852389961804,6.62962943315506,3.1424581936880127,45.3416149068323,4.382332643202209,50.27605244996549,79.81843811967552,60.789948383411975,53.43055725097656,0.2503360949213946,54.75,3
2022-11-19,1289.0,185.0,1491.0,12.006667137145996,11.9622220993042,2.3188889026641846,3.0,3.0,7.0,391.87200927734375,2022,11,2022-11,1491.0,1474.0,2965.0,1676.0,23.968889236450195,6.0,26.28777813911438,13.0,0.2628249559204183,0.2338138480175082,50.027779738108315,0.24986117843799113,49.84259208043416,0.2507895251480492,9.662037094434101,3.0186870927527663,43.473861720067454,6.239460370994941,50.286677908937605,79.77958745132311,62.20563603475594,50.027779738108315,0.25032449108553695,53.708333333333336,3
2022-11-20,1329.0,121.0,1469.0,12.006667137145996,11.978333473205566,1.5211111307144165,3.0,3.0,5.0,367.6159973144531,2022,11,2022-11,1469.0,1450.0,2919.0,1590.0,23.985000610351562,6.0,25.50611174106598,11.0,0.25024914725286124,0.2312050297575177,50.027779738108315,0.24986117843799113,49.90972280502319,0.2504522024462522,6.337963044643402,3.2870708122763275,45.52929085303186,4.145255224391915,50.32545392257622,79.54711365708712,61.2466109075687,50.027779738108315,0.25015634135153997,55.375,3
2022-11-21,1342.0,124.0,1483.0,12.928889274597168,11.053889274597168,1.547777771949768,4.0,3.0,5.0,370.8800048828125,2022,11,2022-11,1483.0,1466.0,2949.0,1607.0,23.982778549194336,7.0,25.530556321144104,12.0,0.2500876634408715,0.23079029550890634,53.8703719774882,0.3093846590409933,46.057871977488205,0.2713976886754484,6.4490740497907,3.2304379159686443,45.5069515089861,4.20481519159037,50.28823329942354,80.11486031602237,61.836037761763805,53.8703719774882,0.2918761054162823,55.916666666666664,3
2022-11-22,1406.0,49.0,1474.0,11.976666450500488,12.010000228881836,0.6088888645172119,3.0,3.0,2.0,345.4079895019531,2022,11,2022-11,1474.0,1455.0,2929.0,1523.0,23.986666679382324,6.0,24.595555543899536,8.0,0.23433377849521922,0.2267944776769226,49.90277687708537,0.25048706268968807,50.04166762034098,0.24979183537278818,2.5370369354883833,3.2846716643205496,48.00273130761352,1.6729259132809833,50.3243427791055,80.47445577585346,61.450805970759276,50.04166762034098,0.25013896595967144,58.583333333333336,3
2022-11-23,1342.0,151.0,1511.0,11.971111297607422,12.010000228881836,1.8927778005599976,3.0,3.0,6.0,384.0639953613281,2022,11,2022-11,1511.0,1493.0,3004.0,1662.0,23.981111526489258,6.0,25.873889327049255,12.0,0.2541786865395951,0.2310854364388256,49.879630406697586,0.25060330034685985,50.04166762034098,0.24979183537278818,7.8865741689999895,3.1699441943078788,44.67376830892144,5.026631158455393,50.29960053262317,79.7769288900816,63.00792181092052,50.04166762034098,0.25019690990438326,55.916666666666664,3
2022-11-24,1318.0,206.0,1542.0,11.972777366638184,12.010000228881836,2.581111192703247,3.0,3.0,8.0,405.88800048828125,2022,11,2022-11,1542.0,1524.0,3066.0,1748.0,23.98277759552002,6.0,26.563888788223267,14.0,0.263221790199923,0.23220137327704876,49.88657236099243,0.25056842770328447,50.04166762034098,0.24979183537278818,10.754629969596863,3.0994402808433246,42.98760600130463,6.718851924331376,50.293542074364,79.8105872317156,64.29613892129181,50.04166762034098,0.2501795288766218,54.916666666666664,3
2022-11-25,1342.0,144.0,1503.0,11.97166633605957,12.010000228881836,1.8027777671813965,3.0,3.0,6.0,378.3680114746094,2022,11,2022-11,1503.0,1486.0,2989.0,1647.0,23.981666564941406,6.0,25.784444332122803,12.0,0.2517418572685358,0.22973164023959283,49.88194306691487,0.25059168170798174,50.04166762034098,0.24979183537278818,7.511574029922485,3.328197246064815,44.89795918367347,4.817664770826363,50.28437604550017,79.87673390555555,62.67287537877884,50.04166762034098,0.25019111927656223,55.916666666666664,3
2022-11-26,1333.0,152.0,1496.0,14.079999923706055,9.407221794128418,1.9016666412353516,3.0,3.0,6.0,375.10400390625,2022,11,2022-11,1496.0,1485.0,2981.0,1648.0,23.487221717834473,6.0,25.388888359069824,12.0,0.2507379705255682,0.22761165285573423,58.66666634877523,0.21306818297271393,39.19675747553508,0.318903929943745,7.923611005147298,3.1551271237015066,44.71653807447165,5.0989600805098965,50.184501845018445,79.9298871337715,63.6942086200024,58.66666634877523,0.2554580559625765,55.541666666666664,3
2022-11-27,979.0,24.0,1020.0,8.460556030273438,7.008333206176758,0.30000001192092896,3.0,2.0,1.0,174.9759979248047,2022,11,2022-11,1020.0,1003.0,2023.0,1044.0,15.468889236450195,5.0,15.768889248371124,6.0,0.1715450960047105,0.16760153057931484,35.252316792805985,0.3545866240073872,29.201388359069824,0.28537455927998834,1.2500000496705375,3.3333332008785725,48.39347503707365,1.1863568956994563,50.42016806722689,79.99999682108574,65.9388004147394,35.252316792805985,0.32322941379774217,40.791666666666664,3
2022-11-28,1294.0,198.0,1514.0,12.008333206176758,11.973889350891113,2.472222328186035,3.0,3.0,8.0,396.99200439453125,2022,11,2022-11,1514.0,1492.0,3006.0,1712.0,23.98222255706787,6.0,26.454444885253906,14.0,0.2622140055446045,0.23188785303418882,50.03472169240316,0.24982651201391398,49.89120562871297,0.25054515805900074,10.300926367441814,3.2359549174810294,43.04723885562209,6.58682634730539,50.36593479707252,80.08988420765547,63.130095486241935,50.03472169240316,0.2501853189679337,53.916666666666664,3
2022-11-29,1344.0,122.0,1479.0,12.008333206176758,11.960556030273438,1.526111125946045,3.0,3.0,5.0,368.3840026855469,2022,11,2022-11,1479.0,1466.0,2945.0,1601.0,23.968889236450195,6.0,25.49500036239624,11.0,0.24907640479076867,0.23009619155874259,50.03472169240316,0.24982651201391398,49.83565012613933,0.25082445936515674,6.3587963581085205,3.2763013878825316,45.63667232597623,4.142614601018676,50.22071307300509,79.94175386433378,61.70498705258486,50.03472169240316,0.25032449108553695,56.0,3
2022-11-30,1395.0,47.0,1460.0,12.008333206176758,11.97611141204834,0.5833333134651184,3.0,3.0,2.0,343.8080139160156,2022,11,2022-11,1460.0,1442.0,2902.0,1507.0,23.984444618225098,6.0,24.567777931690216,8.0,0.23548494103836687,0.22814068607565735,50.03472169240316,0.24982651201391398,49.90046421686809,0.2504986716290821,2.430555472771327,3.4285715453478796,48.070296347346655,1.6195727084769125,50.310130944176436,80.57143131567517,60.872787477037825,50.03472169240316,0.2501621403165938,58.125,3
2022-12-01,1329.0,120.0,1468.0,12.008333206176758,11.971111297607422,1.496666669845581,3.0,3.0,5.0,367.1679992675781,2022,12,2022-12,1468.0,1449.0,2917.0,1588.0,23.97944450378418,6.0,25.47611117362976,11.0,0.25011444091796875,0.23121410533222803,50.03472169240316,0.24982651201391398,49.879630406697586,0.25060330034685985,6.236111124356588,3.340757231211594,45.560507370586215,4.1138155639355505,50.32567706547824,80.17817354907825,61.21909954037242,50.03472169240316,0.2502143032985249,55.375,3
2022-12-02,1310.0,151.0,1478.0,12.008333206176758,11.974444389343262,1.8922221660614014,3.0,3.0,6.0,377.7919921875,2022,12,2022-12,1478.0,1461.0,2939.0,1629.0,23.98277759552002,6.0,25.87499976158142,12.0,0.25561027888193505,0.2319165084023941,50.03472169240316,0.24982651201391398,49.89351828893025,0.2505335448106361,7.884259025255839,3.170875020711127,44.572984008166046,5.137801973460361,50.2892140183736,79.8003546878967,61.62755727994118,50.03472169240316,0.2501795288766218,54.583333333333336,3
2022-12-03,1301.0,178.0,1496.0,12.008333206176758,11.972222328186035,2.232222318649292,3.0,3.0,7.0,396.54400634765625,2022,12,2022-12,1496.0,1479.0,2975.0,1674.0,23.980555534362793,6.0,26.212777853012085,13.0,0.2650695229596633,0.23688411370827733,50.03472169240316,0.24982651201391398,49.88425970077515,0.250580044185877,9.300926327705383,3.135888366278709,43.73109243697479,5.983193277310924,50.28571428571429,79.74116131394432,62.383875880453054,50.03472169240316,0.2502027107504802,54.208333333333336,3
2022-12-04,1336.0,122.0,1476.0,12.008333206176758,11.973333358764648,1.5344444513320923,3.0,3.0,5.0,382.78399658203125,2022,12,2022-12,1476.0,1458.0,2934.0,1598.0,23.981666564941406,6.0,25.5161110162735,11.0,0.2593387510718369,0.23953942214144633,50.03472169240316,0.24982651201391398,49.88888899485271,0.2505567923408695,6.3935185472170515,3.2585083126726198,45.53510565780504,4.158145875937287,50.306748466257666,79.50760282921192,61.547015342034314,50.03472169240316,0.25019111927656223,55.666666666666664,3
2022-12-05,1300.0,172.0,1490.0,12.008333206176758,11.971111297607422,2.1616666316986084,3.0,3.0,7.0,400.0,2022,12,2022-12,1490.0,1472.0,2962.0,1662.0,23.97944450378418,6.0,26.141111135482788,13.0,0.2684563758389262,0.24067388688327315,50.03472169240316,0.24982651201391398,49.879630406697586,0.25060330034685985,9.006944298744202,3.2382421495304734,43.889264010803515,5.806887238352465,50.303848750844026,79.56823567417734,62.136551985800345,50.03472169240316,0.2502143032985249,54.166666666666664,3
2022-12-06,1319.0,146.0,1482.0,12.008333206176758,11.974444389343262,1.8255555629730225,3.0,3.0,6.0,390.8479919433594,2022,12,2022-12,1482.0,1465.0,2947.0,1628.0,23.98277759552002,6.0,25.808333158493042,12.0,0.26373008903060685,0.24007861912982761,50.03472169240316,0.24982651201391398,49.89351828893025,0.2505335448106361,7.606481512387593,3.286670710930679,44.757380386834065,4.95419070240923,50.2884289107567,79.97565396597986,61.794343632525596,50.03472169240316,0.2501795288766218,54.958333333333336,3
2022-12-07,1282.0,200.0,1499.0,12.008333206176758,11.972222328186035,2.514444351196289,3.0,3.0,8.0,411.3280029296875,2022,12,2022-12,1499.0,1482.0,2981.0,1699.0,23.980555534362793,6.0,26.494999885559082,14.0,0.2744016030218062,0.24210006058251177,50.03472169240316,0.24982651201391398,49.88425970077515,0.250580044185877,10.476851463317871,3.181617440129015,43.00570278430057,6.709158000670916,50.285139215028515,79.54043600322538,62.50897723582829,50.03472169240316,0.2502027107504802,53.416666666666664,3
2022-12-08,1486.0,0.0,1508.0,13.937777519226074,10.04444408416748,0.0,4.0,3.0,0.0,354.4320068359375,2022,12,2022-12,1508.0,1486.0,2994.0,1508.0,23.982221603393555,7.0,23.982221603393555,7.0,0.23503448729173573,0.23503448729173573,58.07407299677531,0.2869898012421502,41.85185035069783,0.2986725770845536,0.0,,49.63259853039412,0.0,50.36740146960588,,62.879912667749416,58.07407299677531,0.29188288373623733,61.916666666666664,2
2022-12-09,1374.0,96.0,1487.0,11.963333129882812,12.010000228881836,1.201111078262329,3.0,3.0,4.0,374.7200012207031,2022,12,2022-12,1487.0,1470.0,2957.0,1583.0,23.97333335876465,6.0,25.174444437026978,10.0,0.25199731084109156,0.23671509868648333,49.84722137451172,0.2507662344122475,50.04166762034098,0.24979183537278818,5.004629492759705,3.3302498598105332,46.466012850862356,3.246533648968549,50.287453500169086,79.9259966354528,62.027252436981314,50.04166762034098,0.2502780864975709,57.25,3
2022-12-10,1353.0,123.0,1495.0,11.972222328186035,12.010000228881836,1.542222261428833,3.0,3.0,5.0,388.1600036621094,2022,12,2022-12,1495.0,1476.0,2971.0,1618.0,23.98222255706787,6.0,25.524444818496704,11.0,0.2596387984361936,0.23990111474790443,49.88425970077515,0.250580044185877,50.04166762034098,0.24979183537278818,6.425926089286804,3.242074845533365,45.540222147425105,4.1400201952204645,50.31975765735442,79.75504120012077,62.33784197617681,50.04166762034098,0.2501853189679337,56.375,3
2022-12-11,1311.0,213.0,1540.0,12.709444046020508,11.272777557373047,2.6633334159851074,3.0,3.0,8.0,421.6960144042969,2022,12,2022-12,1540.0,1524.0,3064.0,1753.0,23.982221603393555,6.0,26.645555019378662,14.0,0.27382858078201094,0.24055676805721443,52.956016858418785,0.23604494336157364,46.96990648905437,0.26612784513234955,11.097222566604614,3.003754600150571,42.78720626631854,6.9516971279373365,50.26109660574413,79.97496622900894,64.21423442197221,52.956016858418785,0.25018532891677486,54.625,3
2022-12-12,1378.0,71.0,1465.0,11.969444274902344,12.010000228881836,0.8816666603088379,3.0,3.0,3.0,362.68798828125,2022,12,2022-12,1465.0,1449.0,2914.0,1536.0,23.97944450378418,6.0,24.861111164093018,9.0,0.2475685926834471,0.23612499237060547,49.872684478759766,0.2506382026683086,50.04166762034098,0.24979183537278818,3.6736110846201577,3.4026465273725264,47.28894989704873,2.436513383665065,50.2745367192862,80.52930114781645,61.09399238872316,50.04166762034098,0.2502143032985249,57.416666666666664,3
2022-12-13,1347.0,71.0,1437.0,11.972222328186035,12.010000228881836,0.8816666603088379,3.0,3.0,3.0,359.552001953125,2022,12,2022-12,1437.0,1418.0,2855.0,1508.0,23.98222255706787,6.0,24.86388921737671,9.0,0.2502101614148399,0.2384297095179874,49.88425970077515,0.250580044185877,50.04166762034098,0.24979183537278818,3.6736110846201577,3.4026465273725264,47.180385288966725,2.486865148861646,50.33274956217163,80.52930114781645,59.91938389282012,50.04166762034098,0.2501853189679337,56.125,3
2022-12-14,1378.0,46.0,1443.0,11.972222328186035,12.010000228881836,0.5777778029441833,3.0,3.0,2.0,353.7279968261719,2022,12,2022-12,1443.0,1424.0,2867.0,1489.0,23.98222255706787,6.0,24.560000360012054,8.0,0.24513374693428405,0.23756077691482327,49.88425970077515,0.250580044185877,50.04166762034098,0.24979183537278818,2.4074075122674303,3.4615383107634052,48.0641785838856,1.6044645971398672,50.33135681897454,79.61538114755832,60.16956921178806,50.04166762034098,0.2501853189679337,57.416666666666664,3
2022-12-15,1353.0,99.0,1470.0,11.970000267028809,12.010000228881836,1.2316666841506958,3.0,3.0,4.0,375.42401123046875,2022,12,2022-12,1470.0,1452.0,2922.0,1569.0,23.980000495910645,6.0,25.21166718006134,10.0,0.25539048383025087,0.23927597911438417,49.87500111262004,0.2506265608250199,50.04166762034098,0.24979183537278818,5.131944517294565,3.2476318889458535,46.303901437371664,3.3880903490759757,50.308008213552355,80.37888925140987,61.301082969146805,50.04166762034098,0.2502085019148849,56.375,3
2022-12-16,1342.0,98.0,1459.0,11.969444274902344,12.010000228881836,1.2233333587646484,3.0,3.0,4.0,370.4320068359375,2022,12,2022-12,1459.0,1440.0,2899.0,1557.0,23.97944450378418,6.0,25.202777862548828,10.0,0.25389445293758567,0.23791394144890013,49.872684478759766,0.2506382026683086,50.04166762034098,0.24979183537278818,5.097222328186035,3.269754700418941,46.29182476716109,3.380476026215937,50.32769920662298,80.10899016026406,60.84377808542463,50.04166762034098,0.2502143032985249,55.916666666666664,3
2022-12-17,1264.0,208.0,1488.0,11.972222328186035,12.010000228881836,2.5905556678771973,3.0,3.0,8.0,410.8160095214844,2022,12,2022-12,1488.0,1472.0,2960.0,1696.0,23.98222255706787,6.0,26.57277822494507,14.0,0.2760860279042234,0.2422264207084224,49.88425970077515,0.250580044185877,50.04166762034098,0.24979183537278818,10.793981949488323,3.0881405480684045,42.7027027027027,7.027027027027027,50.27027027027027,80.29165424977852,62.04595910404756,50.04166762034098,0.2501853189679337,52.666666666666664,3
2022-12-18,1311.0,122.0,1449.0,11.97166633605957,12.010000228881836,1.5188888311386108,3.0,3.0,5.0,375.9360046386719,2022,12,2022-12,1449.0,1433.0,2882.0,1571.0,23.981666564941406,6.0,25.500555396080017,11.0,0.2594451377768612,0.23929726584256644,49.88194306691487,0.25059168170798174,50.04166762034098,0.24979183537278818,6.328703463077545,3.291880154423039,45.48924358084663,4.233171408743928,50.27758501040944,80.32187576792217,60.42115530528978,50.04166762034098,0.25019111927656223,54.625,3
2022-12-19,1294.0,150.0,1462.0,11.972222328186035,12.010000228881836,1.8700000047683716,3.0,3.0,6.0,387.5840148925781,2022,12,2022-12,1462.0,1444.0,2906.0,1612.0,23.98222255706787,6.0,25.852222561836243,12.0,0.2651053453437607,0.24043673380432887,49.88425970077515,0.250580044185877,50.04166762034098,0.24979183537278818,7.791666686534882,3.2085561415510226,44.52856159669649,5.161734342739161,50.30970406056435,80.21390353877557,60.96182272185318,50.04166762034098,0.2501853189679337,53.916666666666664,3
2022-12-20,1317.0,147.0,1482.0,11.97166633605957,12.010000228881836,1.840000033378601,3.0,3.0,6.0,389.6960144042969,2022,12,2022-12,1482.0,1464.0,2946.0,1629.0,23.981666564941406,6.0,25.821666598320007,12.0,0.26295277625121244,0.2392240726852651,49.88194306691487,0.25059168170798174,50.04166762034098,0.24979183537278818,7.666666805744171,3.2608695060634445,44.70468431771894,4.989816700610998,50.30549898167006,79.89130289855439,61.79720646131087,50.04166762034098,0.25019111927656223,54.875,3
2022-12-21,1322.0,150.0,1488.0,11.963889122009277,12.010000228881836,1.859444499015808,3.0,3.0,6.0,391.1679992675781,2022,12,2022-12,1488.0,1472.0,2960.0,1638.0,23.973889350891113,6.0,25.83333384990692,12.0,0.2628817199378885,0.2388083023611588,49.849538008371994,0.2507545806723562,50.04166762034098,0.24979183537278818,7.747685412565867,3.2267701473078443,44.66216216216216,5.0675675675675675,50.27027027027027,80.66925368269611,62.06752597465754,50.04166762034098,0.25027228215587716,55.083333333333336,3
2022-12-22,1322.0,122.0,1461.0,9.234999656677246,14.336111068725586,1.5144444704055786,2.0,4.0,5.0,374.8479919433594,2022,12,2022-12,1461.0,1444.0,2905.0,1583.0,23.571110725402832,6.0,25.08555519580841,11.0,0.2565694674492535,0.23679595195411204,38.4791652361552,0.21656741465647225,59.73379611968994,0.2790156954577488,6.310185293356578,3.301540662406041,45.50774526678141,4.199655765920826,50.292598967297764,80.5575921627074,61.982653979282574,59.73379611968994,0.2545488869785732,55.083333333333336,3
2022-12-23,1298.0,147.0,1462.0,12.006667137145996,11.975000381469727,1.8416666984558105,3.0,3.0,6.0,388.35198974609375,2022,12,2022-12,1462.0,1445.0,2907.0,1609.0,23.981667518615723,6.0,25.823334217071533,12.0,0.2656306359412406,0.2413623304823454,50.027779738108315,0.24986117843799113,49.89583492279053,0.2505219126875553,7.673611243565877,3.2579184958010283,44.65084279325765,5.056759545923633,50.29239766081871,79.81900314712519,60.96323363940916,50.027779738108315,0.2501911093272606,54.083333333333336,3
2022-12-24,1255.0,208.0,1479.0,12.006667137145996,11.975555419921875,2.608888864517212,3.0,3.0,8.0,411.0719909667969,2022,12,2022-12,1479.0,1463.0,2942.0,1687.0,23.98222255706787,6.0,26.591111421585083,14.0,0.2779391419653799,0.2436704155108458,50.027779738108315,0.24986117843799113,49.89814758300781,0.25051030159397575,10.870370268821716,3.066439551644313,42.65805574439157,7.070020394289599,50.27192386131883,79.72742834275213,61.67068112559566,50.027779738108315,0.2501853189679337,52.291666666666664,3
2022-12-25,1300.0,24.0,1341.0,12.006667137145996,11.97611141204834,0.2938888967037201,3.0,3.0,1.0,328.8320007324219,2022,12,2022-12,1341.0,1324.0,2665.0,1365.0,23.982778549194336,6.0,24.276667445898056,7.0,0.24521401993469194,0.2409025646391369,50.027779738108315,0.24986117843799113,49.90046421686809,0.2504986716290821,1.2245370695988336,3.4026464123554003,48.78048780487805,0.900562851782364,50.31894934333959,81.66351389652961,55.91512248046208,50.027779738108315,0.250179518928242,54.166666666666664,3
2022-12-26,1292.0,70.0,1380.0,12.006667137145996,11.974444389343262,0.8833333253860474,3.0,3.0,3.0,351.3599853515625,2022,12,2022-12,1380.0,1362.0,2742.0,1450.0,23.981111526489258,6.0,24.864444851875305,9.0,0.2546086850373641,0.24231723127693966,50.027779738108315,0.24986117843799113,49.89351828893025,0.2505335448106361,3.680555522441864,3.3962264456499427,47.118891320204234,2.5528811086797956,50.32822757111597,79.245283731832,57.545289278008156,50.027779738108315,0.25019690990438326,53.833333333333336,3
2022-12-27,1321.0,24.0,1365.0,12.006667137145996,11.973889350891113,0.30611109733581543,3.0,3.0,1.0,335.8080139160156,2022,12,2022-12,1365.0,1345.0,2710.0,1389.0,23.98055648803711,6.0,24.286667585372925,7.0,0.24601319700807006,0.24176242902520922,50.027779738108315,0.24986117843799113,49.89120562871297,0.25054515805900074,1.2754629055658975,3.2667878058107847,48.74538745387454,0.8856088560885609,50.3690036900369,78.40290733945884,56.92111443205837,50.027779738108315,0.25020270080025653,55.041666666666664,3
2022-12-28,1259.0,95.0,1371.0,12.006667137145996,11.975000381469727,1.190000057220459,3.0,3.0,4.0,356.4159851074219,2022,12,2022-12,1371.0,1354.0,2725.0,1466.0,23.981667518615723,6.0,25.17166757583618,10.0,0.2599678957749248,0.24312140866809132,50.027779738108315,0.24986117843799113,49.89583492279053,0.2505219126875553,4.958333571751913,3.3613443761868336,46.20183486238532,3.486238532110092,50.31192660550459,79.8319289344373,57.16866848127904,50.027779738108315,0.2501911093272606,52.458333333333336,3
2022-12-29,1264.0,47.0,1329.0,11.006667137145996,11.873888969421387,0.5872222185134888,3.0,3.0,2.0,324.9280090332031,2022,12,2022-12,1329.0,1311.0,2640.0,1376.0,22.880556106567383,6.0,23.46777832508087,8.0,0.24449060122889626,0.2361395414485488,45.86111307144165,0.27256207193505566,49.47453737258911,0.25265521748820846,2.446759243806203,3.4058656790317943,47.878787878787875,1.7803030303030303,50.34090909090909,80.03784345724716,58.08425257717134,49.47453737258911,0.26223138861025436,52.666666666666664,3
2022-12-30,1262.0,98.0,1377.0,12.006667137145996,11.979999542236328,1.2177777290344238,3.0,3.0,4.0,358.78399658203125,2022,12,2022-12,1377.0,1360.0,2737.0,1475.0,23.986666679382324,6.0,25.204444408416748,10.0,0.2605548268569581,0.24324338751324154,50.027779738108315,0.24986117843799113,49.91666475931804,0.2504173718390631,5.0740738709767665,3.2846716643205496,46.10887833394227,3.580562659846547,50.31055900621118,80.47445577585346,57.406892687744595,50.027779738108315,0.25013896595967144,52.583333333333336,3
2022-12-31,1208.0,181.0,1406.0,12.006667137145996,11.970000267028809,2.262777805328369,3.0,3.0,7.0,389.31201171875,2022,12,2022-12,1406.0,1389.0,2795.0,1587.0,23.976667404174805,6.0,26.239445209503174,13.0,0.27689332270181366,0.24531317688642093,50.027779738108315,0.24986117843799113,49.87500111262004,0.2506265608250199,9.42824085553487,3.0935428054475618,43.220035778175315,6.475849731663685,50.304114490161,79.9901782551441,58.64034297590448,50.027779738108315,0.2502432843921955,50.333333333333336,3
2023-01-01,1293.0,53.0,1361.0,12.006667137145996,11.983888626098633,0.6583333611488342,3.0,3.0,2.0,340.09600830078125,2023,1,2023-01,1361.0,1346.0,2707.0,1414.0,23.99055576324463,6.0,24.648889124393463,8.0,0.24988685400498256,0.24052051506420175,50.027779738108315,0.24986117843799113,49.932869275410965,0.2503361048822308,2.743055671453476,3.0379745551856447,47.765053564831916,1.9578869597340227,50.27705947543406,80.50632571241958,56.730657406659844,50.027779738108315,0.25009841619394496,53.875,3
2023-01-02,1232.0,123.0,1372.0,12.006667137145996,11.965555191040039,1.538888931274414,3.0,3.0,5.0,365.6319885253906,2023,1,2023-01,1372.0,1355.0,2727.0,1495.0,23.972222328186035,6.0,25.51111125946045,11.0,0.26649561845873954,0.24456989199022786,50.027779738108315,0.24986117843799113,49.856479962666825,0.2507196659162492,6.412037213643392,3.2490973834344916,45.177851118445176,4.51045104510451,50.31169783645031,79.9277956324885,57.232908205879234,50.027779738108315,0.25028968603154184,51.333333333333336,3
2023-01-03,1243.0,120.0,1380.0,12.006667137145996,11.978333473205566,1.5038888454437256,3.0,3.0,5.0,366.1440124511719,2023,1,2023-01,1380.0,1363.0,2743.0,1500.0,23.985000610351562,6.0,25.488889455795288,11.0,0.2653217481530231,0.24409600830078124,50.027779738108315,0.24986117843799113,49.90972280502319,0.2504522024462522,6.26620352268219,3.3247138012548656,45.31534815895005,4.374772147283996,50.30987969376595,79.79313123011677,57.53595851085419,50.027779738108315,0.25015634135153997,51.791666666666664,3
2023-01-04,1238.0,145.0,1400.0,12.006667137145996,11.981666564941406,1.8144444227218628,3.0,3.0,6.0,376.0639953613281,2023,1,2023-01,1400.0,1383.0,2783.0,1545.0,23.988333702087402,6.0,25.802778124809265,12.0,0.2686171395438058,0.2434071167387237,50.027779738108315,0.24986117843799113,49.92361068725586,0.25038253098930824,7.560185094674428,3.3067973451616397,44.484369385555155,5.2102048149478986,50.30542579949695,79.91426917473963,58.36170270877029,50.027779738108315,0.25012158303758697,51.583333333333336,3
2023-01-05,1257.0,121.0,1394.0,12.006667137145996,11.977222442626953,1.5038888454437256,3.0,3.0,5.0,368.57598876953125,2023,1,2023-01,1394.0,1378.0,2772.0,1515.0,23.98388957977295,6.0,25.487778425216675,11.0,0.2644017136079851,0.24328448103599423,50.027779738108315,0.24986117843799113,49.90509351094563,0.250475434882381,6.26620352268219,3.3247138012548656,45.34632034632035,4.365079365079365,50.28860028860029,80.45807399036775,58.12234897777564,50.027779738108315,0.2501679296030515,52.375,3
2023-01-06,1268.0,98.0,1383.0,12.006667137145996,11.97611141204834,1.2200000286102295,3.0,3.0,4.0,358.7200012207031,2023,1,2023-01,1383.0,1366.0,2749.0,1481.0,23.982778549194336,6.0,25.202778577804565,10.0,0.25937816429551924,0.24221472060817226,50.027779738108315,0.24986117843799113,49.90046421686809,0.2504986716290821,5.0833334525426235,3.2786884477016156,46.12586395052746,3.5649327028010185,50.30920334667152,80.32786696868958,57.666379112959774,50.027779738108315,0.250179518928242,52.833333333333336,3
2023-01-07,1208.0,174.0,1398.0,12.006667137145996,11.962778091430664,2.175555467605591,3.0,3.0,7.0,384.6400146484375,2023,1,2023-01,1398.0,1382.0,2780.0,1572.0,23.96944522857666,6.0,26.14500069618225,13.0,0.2751359189187679,0.24468194316058364,50.027779738108315,0.24986117843799113,49.844908714294434,0.25077786924334905,9.064814448356628,3.2175690779808876,43.45323741007194,6.258992805755395,50.28776978417267,79.97957422409635,58.32425350976783,50.027779738108315,0.2503186845912782,50.333333333333336,3
2023-01-08,1231.0,152.0,1400.0,12.006667137145996,11.976666450500488,1.90666663646698,3.0,3.0,6.0,372.2879943847656,2023,1,2023-01,1400.0,1383.0,2783.0,1552.0,23.983333587646484,6.0,25.890000224113464,12.0,0.2659199959891183,0.23987628504173042,50.027779738108315,0.24986117843799113,49.90277687708537,0.25048706268968807,7.944444318612416,3.1468531966961435,44.23284225655767,5.461731943945383,50.30542579949695,79.72028098296897,58.37387012459029,50.027779738108315,0.250173729105387,51.291666666666664,3
2023-01-09,1284.0,71.0,1373.0,13.33055591583252,10.27055549621582,0.8949999809265137,4.0,4.0,3.0,332.35198974609375,2023,1,2023-01,1373.0,1355.0,2728.0,1444.0,23.60111141204834,8.0,24.496111392974854,11.0,0.24206262909402312,0.23016065771890148,55.5439829826355,0.30006250491393643,42.79398123423259,0.3894628680477699,3.729166587193807,3.35195537869662,47.06744868035191,2.602639296187683,50.32991202346041,79.32961062915335,58.17522641323938,55.5439829826355,0.3389670876226621,53.5,3
2023-01-10,1284.0,71.0,1371.0,12.012222290039062,10.800555229187012,0.8761110901832581,3.0,5.0,3.0,323.5199890136719,2023,1,2023-01,1371.0,1355.0,2726.0,1442.0,22.812777519226074,8.0,23.688888609409332,11.0,0.23597373378094227,0.224355054794502,50.050926208496094,0.2497456280415074,45.00231345494588,0.4629391632097014,3.650462875763575,3.424223290419122,47.1019809244314,2.6045487894350696,50.29347028613353,81.03995120658588,60.097899032441504,50.050926208496094,0.35068066539717874,53.5,3
2023-01-11,1241.0,146.0,1403.0,12.006667137145996,11.97611141204834,1.8255555629730225,3.0,3.0,6.0,362.8160095214844,2023,1,2023-01,1403.0,1387.0,2790.0,1549.0,23.982778549194336,6.0,25.80833411216736,12.0,0.2586001493381927,0.23422595837410223,50.027779738108315,0.24986117843799113,49.90046421686809,0.2504986716290821,7.606481512387593,3.286670710930679,44.48028673835125,5.232974910394265,50.28673835125448,79.97565396597986,58.50031084272058,50.027779738108315,0.250179518928242,51.708333333333336,3
2023-01-12,1270.0,116.0,1404.0,12.006667137145996,11.977777481079102,1.4500000476837158,3.0,3.0,5.0,354.6239929199219,2023,1,2023-01,1404.0,1386.0,2790.0,1520.0,23.984444618225098,6.0,25.434444665908813,11.0,0.2525811915384059,0.2333052584999486,50.027779738108315,0.24986117843799113,49.90740617116292,0.2504638280965731,6.041666865348816,3.4482757486713096,45.51971326164875,4.157706093189964,50.32258064516129,79.99999736917438,58.53794083408295,50.027779738108315,0.2501621403165938,52.916666666666664,3
2023-01-13,1267.0,121.0,1403.0,12.006667137145996,11.98277759552002,1.5094444751739502,3.0,3.0,6.0,356.2879943847656,2023,1,2023-01,1403.0,1388.0,2791.0,1524.0,23.989444732666016,6.0,25.498889207839966,12.0,0.25394725187795125,0.23378477321835014,50.027779738108315,0.24986117843799113,49.92823998133342,0.25035931578347953,6.289351979891459,3.9749723151019203,45.39591544249373,4.335363668935866,50.26872088857041,80.16194168788873,58.4840547847095,50.027779738108315,0.25010999907929937,52.791666666666664,3
2023-01-14,1243.0,173.0,1432.0,12.006667137145996,11.972222328186035,2.1533334255218506,3.0,3.0,7.0,377.4079895019531,2023,1,2023-01,1432.0,1416.0,2848.0,1605.0,23.97888946533203,6.0,26.132222890853882,13.0,0.26355306529466,0.2351451647987247,50.027779738108315,0.24986117843799113,49.88425970077515,0.250580044185877,8.972222606341045,3.250773854635903,43.64466292134831,6.074438202247191,50.28089887640449,80.3405538360016,59.71919600656833,50.027779738108315,0.25022009499958797,51.791666666666664,3
2023-01-15,1221.0,171.0,1407.0,12.006667137145996,11.977777481079102,2.1372222900390625,3.0,3.0,7.0,371.3280029296875,2023,1,2023-01,1407.0,1392.0,2799.0,1578.0,23.984444618225098,6.0,26.12166690826416,13.0,0.2639147142357409,0.23531559121019488,50.027779738108315,0.24986117843799113,49.90740617116292,0.2504638280965731,8.905092875162762,3.2752793345946527,43.62272240085745,6.109324758842444,50.26795284030011,80.01039517366937,58.66302190424125,50.027779738108315,0.2501621403165938,50.875,3
2023-01-16,1370.0,24.0,1412.0,13.853333473205566,10.125,0.29777777194976807,4.0,3.0,1.0,326.2080078125,2023,1,2023-01,1412.0,1394.0,2806.0,1436.0,23.978333473205566,7.0,24.276111245155334,8.0,0.23102550128364022,0.22716435084435932,57.72222280502319,0.2887391693657416,42.1875,0.2962962962962963,1.240740716457367,3.358209020949654,48.823948681397006,0.8553100498930863,50.32074126870991,80.5970165027917,58.88649440870569,57.72222280502319,0.29193021307432,57.083333333333336,3
2023-01-17,1332.0,24.0,1374.0,11.968889236450195,12.010000228881836,0.3033333420753479,3.0,3.0,1.0,320.76800537109375,2023,1,2023-01,1374.0,1356.0,2730.0,1398.0,23.97888946533203,6.0,24.28222280740738,7.0,0.2334556079847844,0.22944778638847907,49.87037181854248,0.25064982562155935,50.04166762034098,0.24979183537278818,1.2638889253139496,3.2967032016928766,48.79120879120879,0.8791208791208791,50.32967032967033,79.12087684062904,57.30040175490564,50.04166762034098,0.25022009499958797,55.5,3
2023-01-18,1249.0,120.0,1386.0,11.972222328186035,12.010000228881836,1.4994444847106934,3.0,3.0,5.0,353.0880126953125,2023,1,2023-01,1386.0,1369.0,2755.0,1506.0,23.98222255706787,6.0,25.481667041778564,11.0,0.25475325591292386,0.23445419169675466,49.88425970077515,0.250580044185877,50.04166762034098,0.24979183537278818,6.247685352961222,3.3345682691044827,45.33575317604356,4.3557168784029034,50.30852994555354,80.02963845850759,57.79280868159269,50.04166762034098,0.2501853189679337,52.041666666666664,3
2023-01-19,1247.0,24.0,1286.0,8.699999809265137,11.341111183166504,0.2961111068725586,5.0,7.0,1.0,275.2640075683594,2023,1,2023-01,1286.0,1271.0,2557.0,1310.0,20.04111099243164,12.0,20.3372220993042,13.0,0.21404666218379423,0.21012519661706822,36.24999920527141,0.5747126562779011,47.25462992986043,0.6172234701649014,1.2337962786356607,3.3771107425240343,48.768087602659364,0.9385999217833398,50.29331247555729,81.05065782057682,64.16809928779134,47.25462992986043,0.5987692001971199,51.958333333333336,3
2023-01-20,1301.0,47.0,1366.0,14.001667022705078,9.972222328186035,0.5861111283302307,3.0,4.0,2.0,325.31201171875,2023,1,2023-01,1366.0,1348.0,2714.0,1413.0,23.973889350891113,7.0,24.560000479221344,9.0,0.23814934972090043,0.23022789222841472,58.34027926127116,0.21426020166993012,41.55092636744182,0.4011142018659352,2.4421297013759613,3.412322174632293,47.93662490788504,1.7317612380250553,50.33161385408991,80.1895711038589,56.97865623748804,58.34027926127116,0.29198432918185674,54.208333333333336,3
2023-01-21,1256.0,95.0,1367.0,12.008333206176758,11.977222442626953,1.1861110925674438,3.0,3.0,4.0,342.656005859375,2023,1,2023-01,1367.0,1351.0,2718.0,1462.0,23.98555564880371,6.0,25.171666741371155,10.0,0.2506627694655267,0.23437483300914844,50.03472169240316,0.24982651201391398,49.90509351094563,0.250475434882381,4.942129552364349,3.3723653923020325,46.21044885945548,3.495217071376012,50.294334069168514,80.09367806717327,56.992634234353446,50.03472169240316,0.250150552601405,52.333333333333336,3
2023-01-22,1203.0,180.0,1400.0,12.008333206176758,11.975000381469727,2.2477777004241943,3.0,3.0,7.0,374.0159912109375,2023,1,2023-01,1400.0,1383.0,2783.0,1580.0,23.983333587646484,6.0,26.23111128807068,13.0,0.2671542794363839,0.23671898177907436,50.03472169240316,0.24982651201391398,49.89583492279053,0.2505219126875553,9.365740418434143,3.114186958380706,43.22673374056774,6.467840459935322,50.30542579949695,80.07909321550387,58.37387012459029,50.03472169240316,0.250173729105387,50.125,3
2023-01-23,1349.0,0.0,1368.0,12.008333206176758,11.982222557067871,0.0,3.0,3.0,0.0,314.9440002441406,2023,1,2023-01,1368.0,1349.0,2717.0,1368.0,23.99055576324463,6.0,23.99055576324463,6.0,0.2302222224006876,0.2302222224006876,50.03472169240316,0.24982651201391398,49.925927321116134,0.2503709128846393,0.0,,49.65034965034965,0.0,50.349650349650354,,57.02243889221945,50.03472169240316,0.25009841619394496,56.208333333333336,2
2023-01-24,1231.0,174.0,1419.0,12.008333206176758,11.98277759552002,2.1683332920074463,3.0,3.0,7.0,375.10400390625,2023,1,2023-01,1419.0,1405.0,2824.0,1593.0,23.991110801696777,6.0,26.159444093704224,13.0,0.26434390691067655,0.23547018449858756,50.03472169240316,0.24982651201391398,49.92823998133342,0.25035931578347953,9.034722050031025,3.2282859954243426,43.59065155807366,6.161473087818696,50.24787535410765,80.2459661719765,59.14690702439842,50.03472169240316,0.2500926301243062,51.291666666666664,3
2023-01-25,1331.0,0.0,1350.0,12.008333206176758,11.97611141204834,0.0,3.0,3.0,0.0,312.0,2023,1,2023-01,1350.0,1331.0,2681.0,1350.0,23.984444618225098,6.0,23.984444618225098,6.0,0.2311111111111111,0.2311111111111111,50.03472169240316,0.24982651201391398,49.90046421686809,0.2504986716290821,0.0,,49.64565460649011,0.0,50.35434539350988,,56.28648157123361,50.03472169240316,0.2501621403165938,55.458333333333336,2
2023-01-26,1261.0,93.0,1371.0,12.008333206176758,11.973889350891113,1.159999966621399,3.0,3.0,4.0,343.1679992675781,2023,1,2023-01,1371.0,1354.0,2725.0,1464.0,23.98222255706787,6.0,25.14222252368927,10.0,0.25030488640961207,0.23440437108441128,50.03472169240316,0.24982651201391398,49.89120562871297,0.25054515805900074,4.833333194255829,3.4482759612919205,46.27522935779817,3.4128440366972477,50.31192660550459,80.17241610003715,57.167345384172854,50.03472169240316,0.2501853189679337,52.541666666666664,3
2023-01-27,1298.0,48.0,1363.0,12.008333206176758,11.971111297607422,0.5894444584846497,3.0,3.0,2.0,328.447998046875,2023,1,2023-01,1363.0,1346.0,2709.0,1411.0,23.97944450378418,6.0,24.56888896226883,8.0,0.24097431991700294,0.2327767526909107,50.03472169240316,0.24982651201391398,49.879630406697586,0.25060330034685985,2.456018577019374,3.393025366871074,47.914359542266524,1.7718715393133997,50.313768918420074,81.43260880490578,56.84034923264824,50.03472169240316,0.2502143032985249,54.083333333333336,3
2023-01-28,1208.0,174.0,1398.0,12.008333206176758,11.972222328186035,2.1716666221618652,3.0,3.0,7.0,371.64801025390625,2023,1,2023-01,1398.0,1382.0,2780.0,1572.0,23.980555534362793,6.0,26.152222156524658,13.0,0.2658426396665996,0.2364173093218233,50.03472169240316,0.24982651201391398,49.88425970077515,0.250580044185877,9.048610925674438,3.223330841191266,43.45323741007194,6.258992805755395,50.28776978417267,80.12279519532575,58.29723160486188,50.03472169240316,0.2502027107504802,50.333333333333336,3
2023-01-29,1234.0,122.0,1372.0,12.008333206176758,11.969444274902344,1.5105555057525635,3.0,3.0,5.0,350.97601318359375,2023,1,2023-01,1372.0,1356.0,2728.0,1494.0,23.9777774810791,6.0,25.488332986831665,11.0,0.25581342068775054,0.23492370360347642,50.03472169240316,0.24982651201391398,49.872684478759766,0.2506382026683086,6.293981273969014,3.310040565182002,45.23460410557185,4.472140762463344,50.29325513196481,80.76498979044085,57.219648530087795,50.03472169240316,0.2502316991111711,51.416666666666664,3
2023-01-30,1293.0,46.0,1357.0,12.008333206176758,11.975555419921875,0.5638889074325562,3.0,3.0,2.0,326.3999938964844,2023,1,2023-01,1357.0,1339.0,2696.0,1403.0,23.983888626098633,6.0,24.54777753353119,8.0,0.24053057766874308,0.2326443292205876,50.03472169240316,0.24982651201391398,49.89814758300781,0.25051030159397575,2.3495371143023176,3.5467979129190614,47.959940652818986,1.7062314540059347,50.333827893175076,81.57635199713842,56.57964899500694,50.03472169240316,0.2501679395505097,53.875,3
2023-01-31,1312.0,72.0,1399.0,12.008333206176758,11.975555419921875,0.8711110949516296,3.0,3.0,3.0,338.239990234375,2023,1,2023-01,1399.0,1384.0,2783.0,1471.0,23.983888626098633,6.0,24.854999721050262,9.0,0.24177268780155467,0.2299388104924371,50.03472169240316,0.24982651201391398,49.89814758300781,0.25051030159397575,3.6296295622984567,3.443877614905802,47.14337046352857,2.5871361839741285,50.26949335249731,82.65306275773925,58.33082457186051,50.03472169240316,0.2501679395505097,54.666666666666664,3
2023-02-01,1252.0,92.0,1361.0,12.008333206176758,11.977222442626953,1.1483333110809326,3.0,3.0,4.0,338.0480041503906,2023,2,2023-02,1361.0,1344.0,2705.0,1453.0,23.98555564880371,6.0,25.133888959884644,10.0,0.24838207505539356,0.23265519900233353,50.03472169240316,0.24982651201391398,49.90509351094563,0.250475434882381,4.784722129503885,3.48330921118606,46.284658040665434,3.4011090573012934,50.314232902033275,80.11611185727938,56.74248368175204,50.03472169240316,0.250150552601405,52.166666666666664,3
2023-02-02,1280.0,95.0,1389.0,12.008333206176758,11.973889350891113,1.1488889455795288,3.0,3.0,4.0,343.7439880371094,2023,2,2023-02,1389.0,1375.0,2764.0,1484.0,23.98222255706787,6.0,25.1311115026474,10.0,0.2474758733168534,0.23163341511934593,50.03472169240316,0.24982651201391398,49.89120562871297,0.25054515805900074,4.787037273248037,3.4816245864236235,46.30969609261939,3.4370477568740956,50.25325615050651,82.68858392756106,57.91790134107665,50.03472169240316,0.2501853189679337,53.333333333333336,3
2023-02-03,1292.0,104.0,1408.0,12.008333206176758,11.973889350891113,1.2516666650772095,3.0,3.0,4.0,348.6719970703125,2023,2,2023-02,1408.0,1396.0,2804.0,1512.0,23.98222255706787,6.0,25.23388922214508,10.0,0.24763636155561966,0.23060317266555058,50.03472169240316,0.24982651201391398,49.89120562871297,0.25054515805900074,5.215277771155039,3.1957390187053187,46.07703281027104,3.7089871611982885,50.21398002853067,83.08921448633828,58.71015485114177,50.03472169240316,0.2501853189679337,53.833333333333336,3
2023-02-04,1264.0,95.0,1375.0,12.008333206176758,11.974444389343262,1.1722222566604614,3.0,3.0,4.0,341.5679931640625,2023,2,2023-02,1375.0,1359.0,2734.0,1470.0,23.98277759552002,6.0,25.15499985218048,10.0,0.2484130859375,0.23235917902317177,50.03472169240316,0.24982651201391398,49.89351828893025,0.2505335448106361,4.884259402751923,3.412322174632293,46.23262618873446,3.4747622531089974,50.29261155815655,81.04265164751696,57.33280870089251,50.03472169240316,0.2501795288766218,52.666666666666664,3
2023-02-05,1263.0,148.0,1428.0,12.008333206176758,11.975000381469727,1.8211110830307007,3.0,3.0,6.0,366.1440124511719,2023,2,2023-02,1428.0,1411.0,2839.0,1576.0,23.983333587646484,6.0,25.804444670677185,12.0,0.25640337006384584,0.23232488099693646,50.03472169240316,0.24982651201391398,49.89583492279053,0.2505219126875553,7.587962845961253,3.2946919360980305,44.48749559704121,5.213103205353998,50.29940119760479,81.26906775708474,59.541347527082095,50.03472169240316,0.250173729105387,52.625,3
2023-02-06,1416.0,2.0,1433.0,12.008333206176758,11.961111068725586,0.0,3.0,3.0,0.0,322.9440002441406,2023,2,2023-02,1433.0,1418.0,2851.0,1435.0,23.969444274902344,6.0,23.969444274902344,6.0,0.22536217742089368,0.2250480837938262,50.03472169240316,0.24982651201391398,49.83796278635661,0.25081282021065954,0.0,,49.66678358470712,0.07015082427218519,50.26306559102069,,59.78444821519911,50.03472169240316,0.250318694550729,59.0,2
2023-02-07,1396.0,0.0,1416.0,12.008333206176758,11.975555419921875,0.0,3.0,3.0,0.0,321.1520080566406,2023,2,2023-02,1416.0,1396.0,2812.0,1416.0,23.983888626098633,6.0,23.983888626098633,6.0,0.22680226557672362,0.22680226557672362,50.03472169240316,0.24982651201391398,49.89814758300781,0.25051030159397575,0.0,,49.644381223328594,0.0,50.355618776671406,,59.03963373392029,50.03472169240316,0.2501679395505097,58.166666666666664,2
2023-02-08,1362.0,72.0,1453.0,12.008333206176758,11.97611141204834,0.8994444608688354,3.0,3.0,3.0,349.0559997558594,2023,2,2023-02,1453.0,1434.0,2887.0,1525.0,23.984444618225098,6.0,24.883889079093933,9.0,0.24023124553052952,0.22888918016777665,50.03472169240316,0.24982651201391398,49.90046421686809,0.2504986716290821,3.7476852536201477,3.335392156511913,47.177000346380325,2.4939383443020438,50.32906130931764,80.0494117562859,60.58093164666847,50.03472169240316,0.2501621403165938,56.75,3
2023-02-09,1355.0,94.0,1468.0,12.008333206176758,11.97611141204834,1.167222261428833,3.0,3.0,4.0,358.2720031738281,2023,2,2023-02,1468.0,1449.0,2917.0,1562.0,23.984444618225098,6.0,25.15166687965393,10.0,0.2440544980748148,0.22936747962472992,50.03472169240316,0.24982651201391398,49.90046421686809,0.2504986716290821,4.863426089286804,3.4269394374842337,46.451834076105584,3.222488858416181,50.32567706547824,80.53307678087948,61.20633699745995,50.03472169240316,0.2501621403165938,56.458333333333336,3
2023-02-10,1322.0,173.0,1512.0,12.008333206176758,11.973889350891113,2.1566667556762695,3.0,3.0,7.0,389.44000244140625,2023,2,2023-02,1512.0,1495.0,3007.0,1685.0,23.98222255706787,6.0,26.13888931274414,13.0,0.2575661391808242,0.23112166316997404,50.03472169240316,0.24982651201391398,49.89120562871297,0.25054515805900074,8.986111481984455,3.245749479643181,43.964083804456266,5.753242434319921,50.282673761223805,80.21637999689577,63.046700379919294,50.03472169240316,0.2501853189679337,55.083333333333336,3
2023-02-11,1255.0,274.0,1541.0,12.008333206176758,11.974444389343262,3.3955554962158203,3.0,3.0,10.0,425.0880126953125,2023,2,2023-02,1541.0,1529.0,3070.0,1815.0,23.98277759552002,6.0,27.37833309173584,16.0,0.27585205236555,0.23420827145747244,50.03472169240316,0.24982651201391398,49.89351828893025,0.2505335448106361,14.148147900899252,2.9450262294768876,40.87947882736157,8.925081433224756,50.195439739413686,80.69371868766673,64.2544423331457,50.03472169240316,0.2501795288766218,52.291666666666664,3
2023-02-12,1294.0,178.0,1484.0,12.008333206176758,11.974444389343262,2.194444417953491,3.0,3.0,7.0,385.9200134277344,2023,2,2023-02,1484.0,1472.0,2956.0,1662.0,23.98277759552002,6.0,26.17722201347351,13.0,0.2600539174041337,0.23220217414424452,50.03472169240316,0.24982651201391398,49.89351828893025,0.2505335448106361,9.143518408139546,3.189873456229119,43.775372124492556,6.021650879566982,50.20297699594046,81.11392502982616,61.8777368088178,50.03472169240316,0.2501795288766218,53.916666666666664,3
2023-02-13,1305.0,145.0,1466.0,12.008333206176758,11.975000381469727,1.7999999523162842,3.0,3.0,6.0,372.7359924316406,2023,2,2023-02,1466.0,1450.0,2916.0,1611.0,23.983333587646484,6.0,25.78333353996277,12.0,0.2542537465427289,0.23136933111833682,50.03472169240316,0.24982651201391398,49.89583492279053,0.2505219126875553,7.499999801317851,3.333333421636513,44.75308641975309,4.972565157750343,50.27434842249657,80.55555768954906,61.125781144749546,50.03472169240316,0.250173729105387,54.375,3
2023-02-14,1316.0,119.0,1453.0,12.008333206176758,11.966666221618652,1.493333339691162,3.0,3.0,5.0,363.7760009765625,2023,2,2023-02,1453.0,1435.0,2888.0,1572.0,23.97499942779541,6.0,25.468332767486572,11.0,0.2503620103073383,0.2314096698324189,50.03472169240316,0.24982651201391398,49.861109256744385,0.25069638815364315,6.222222248713175,3.3482142714593484,45.56786703601108,4.120498614958449,50.31163434903048,79.6874996607325,60.60479810962852,50.03472169240316,0.2502606941897943,54.833333333333336,3
2023-02-15,1291.0,120.0,1424.0,9.227222442626953,14.75,1.4900000095367432,4.0,5.0,5.0,355.3280029296875,2023,2,2023-02,1424.0,1411.0,2835.0,1544.0,23.977222442626953,9.0,25.467222452163696,14.0,0.24952809194500528,0.23013471692337273,38.446760177612305,0.43349989933278515,61.458333333333336,0.3389830508474576,6.208333373069763,3.3557046765083935,45.5379188712522,4.232804232804233,50.22927689594356,80.53691223620145,59.38969801057516,61.458333333333336,0.37535623742638796,53.791666666666664,3
2023-02-16,1308.0,50.0,1376.0,11.972777366638184,12.010000228881836,0.6122221946716309,3.0,3.0,2.0,329.1520080566406,2023,2,2023-02,1376.0,1358.0,2734.0,1426.0,23.98277759552002,6.0,24.59499979019165,8.0,0.23920930818069813,0.2308218850327073,49.88657236099243,0.25056842770328447,50.04166762034098,0.24979183537278818,2.550925811131795,3.2667878058107847,47.84198975859547,1.8288222384784198,50.32918800292612,81.66969514526961,57.37450528903861,50.04166762034098,0.2501795288766218,54.5,3
2023-02-17,1308.0,72.0,1395.0,11.973333358764648,12.010000228881836,0.8922222256660461,3.0,3.0,3.0,337.8559875488281,2023,2,2023-02,1395.0,1380.0,2775.0,1467.0,23.983333587646484,6.0,24.87555581331253,9.0,0.24219067207801298,0.23030401332571787,49.88888899485271,0.2505567923408695,50.04166762034098,0.24979183537278818,3.717592606941859,3.362391020645661,47.13513513513514,2.5945945945945943,50.27027027027027,80.69738449549585,58.16539201700247,50.04166762034098,0.250173729105387,54.5,3
2023-02-18,1213.0,182.0,1410.0,11.973333358764648,12.010000228881836,2.2738888263702393,3.0,3.0,7.0,375.10400390625,2023,2,2023-02,1410.0,1395.0,2805.0,1592.0,23.983333587646484,6.0,26.257222414016724,13.0,0.26603120844414896,0.23561809290593594,49.88888899485271,0.2505567923408695,50.04166762034098,0.24979183537278818,9.474536776542664,3.0784266666079505,43.24420677361854,6.4884135472370765,50.26737967914438,80.03909333180671,58.790826339765935,50.04166762034098,0.250173729105387,50.541666666666664,3
2023-02-19,1220.0,175.0,1412.0,11.80888843536377,12.171111106872559,2.1827778816223145,3.0,3.0,7.0,372.79998779296875,2023,2,2023-02,1412.0,1395.0,2807.0,1587.0,23.979999542236328,6.0,26.162777423858643,13.0,0.26402265424431215,0.2349086249483105,49.2037018140157,0.25404592620385663,50.71296294530233,0.24648530225856005,9.094907840092976,3.2069227285725304,43.462771642322764,6.234413965087282,50.30281439258996,80.17306821431326,58.88240312569746,50.71296294530233,0.2502085118655699,50.833333333333336,3
2023-02-20,1208.0,231.0,1452.0,11.970000267028809,12.010000228881836,2.8922221660614014,3.0,3.0,9.0,395.0719909667969,2023,2,2023-02,1452.0,1439.0,2891.0,1683.0,23.980000495910645,6.0,26.872222661972046,15.0,0.2720881480487582,0.2347427159636345,49.87500111262004,0.2506265608250199,50.04166762034098,0.24979183537278818,12.050925691922505,3.111794144173962,41.78484953303355,7.990314769975787,50.22483569699067,79.86938303379834,60.550457463402154,50.04166762034098,0.2502085019148849,50.333333333333336,3
2023-02-21,1246.0,179.0,1441.0,11.966666221618652,12.010000228881836,2.24055552482605,3.0,3.0,8.0,380.4159851074219,2023,2,2023-02,1441.0,1425.0,2866.0,1620.0,23.97666645050049,6.0,26.217221975326538,14.0,0.2639944379649007,0.23482468216507524,49.861109256744385,0.25069638815364315,50.04166762034098,0.24979183537278818,9.33564802010854,3.570543069054759,43.47522679692952,6.2456385205861835,50.2791346824843,79.89090117010024,60.100097858679625,50.04166762034098,0.2502432943456473,51.916666666666664,3
2023-02-22,1291.0,121.0,1428.0,11.969444274902344,12.010000228881836,1.5094444751739502,3.0,3.0,5.0,359.1679992675781,2023,2,2023-02,1428.0,1412.0,2840.0,1549.0,23.97944450378418,6.0,25.48888897895813,11.0,0.2515182067700127,0.23187088396873992,49.872684478759766,0.2506382026683086,50.04166762034098,0.24979183537278818,6.289351979891459,3.3124769292516003,45.45774647887324,4.26056338028169,50.28169014084507,80.16194168788873,59.55100418504892,50.04166762034098,0.2502143032985249,53.791666666666664,3
2023-02-23,1374.0,0.0,1392.0,11.973333358764648,12.010000228881836,0.0,3.0,3.0,0.0,317.3760070800781,2023,2,2023-02,1392.0,1374.0,2766.0,1392.0,23.983333587646484,6.0,23.983333587646484,6.0,0.22800000508626303,0.22800000508626303,49.88888899485271,0.2505567923408695,50.04166762034098,0.24979183537278818,0.0,,49.67462039045553,0.0,50.32537960954448,,58.040305152449776,50.04166762034098,0.250173729105387,57.25,2
2023-02-24,1318.0,73.0,1408.0,11.968889236450195,12.010000228881836,0.9172222018241882,3.0,3.0,3.0,341.9519958496094,2023,2,2023-02,1408.0,1391.0,2799.0,1481.0,23.97888946533203,6.0,24.89611166715622,9.0,0.24286363341591574,0.23089263730561066,49.87037181854248,0.25064982562155935,50.04166762034098,0.24979183537278818,3.821759174267451,3.270745075766314,47.08824580207217,2.608074312254377,50.30367988567346,79.58813017698031,58.718315626569975,50.04166762034098,0.25022009499958797,54.916666666666664,3
2023-02-25,1322.0,79.0,1419.0,12.255555152893066,11.72611141204834,0.9877777695655823,3.0,4.0,3.0,345.0880126953125,2023,2,2023-02,1419.0,1401.0,2820.0,1498.0,23.981666564941406,7.0,24.96944433450699,10.0,0.24319098850973397,0.2303658295696345,51.06481313705444,0.24478695273888226,48.858797550201416,0.34111905127304876,4.11574070652326,3.0371203852050437,46.87943262411348,2.8014184397163118,50.31914893617021,79.97750347706615,59.17019970890697,51.06481313705444,0.29188963915598926,55.083333333333336,3
2023-02-26,1332.0,47.0,1396.0,12.006667137145996,11.975555419921875,0.5827777981758118,3.0,3.0,2.0,332.0320129394531,2023,2,2023-02,1396.0,1379.0,2775.0,1443.0,23.98222255706787,6.0,24.565000355243683,8.0,0.23784528147525297,0.23009841506545609,50.027779738108315,0.24986117843799113,49.89814758300781,0.25051030159397575,2.4282408257325487,3.431839727354614,48.0,1.6936936936936937,50.306306306306304,80.64823359283342,58.20978421320591,50.027779738108315,0.2501853189679337,55.5,3
2023-02-27,1264.0,152.0,1434.0,12.006667137145996,11.931666374206543,1.9094444513320923,3.0,3.0,6.0,371.00799560546875,2023,2,2023-02,1434.0,1416.0,2850.0,1586.0,23.93833351135254,6.0,25.84777796268463,12.0,0.2587224516077188,0.2339268572543939,50.027779738108315,0.24986117843799113,49.715276559193924,0.2514317703757871,7.9560185472170515,3.1422752287002638,44.35087719298246,5.333333333333334,50.31578947368421,79.60430579374001,59.90391934843495,50.027779738108315,0.25064401401018804,52.666666666666664,3
2023-02-28,1297.0,96.0,1410.0,12.006667137145996,11.970000267028809,1.2016667127609253,3.0,3.0,4.0,350.2080078125,2023,2,2023-02,1410.0,1393.0,2803.0,1506.0,23.976667404174805,6.0,25.17833411693573,10.0,0.24837447362588652,0.23254183785690571,50.027779738108315,0.24986117843799113,49.87500111262004,0.2506265608250199,5.006944636503855,3.3287099971419534,46.27185158758473,3.424901890831252,50.30324652158402,79.88903993140688,58.80717183216595,50.027779738108315,0.2502432843921955,54.041666666666664,3
2023-03-01,1262.0,175.0,1454.0,12.006667137145996,11.973889350891113,2.1972222328186035,3.0,3.0,7.0,381.6319885253906,2023,3,2023-03,1454.0,1437.0,2891.0,1629.0,23.98055648803711,6.0,26.177778720855713,13.0,0.26247041851815034,0.23427378055579534,50.027779738108315,0.24986117843799113,49.89120562871297,0.25054515805900074,9.155092636744182,3.1858406926004834,43.6527153234175,6.053268765133172,50.29401591144933,79.64601731501207,60.63245449392884,50.027779738108315,0.25020270080025653,52.583333333333336,3
2023-03-02,1317.0,120.0,1455.0,12.006667137145996,11.974444389343262,1.5005555152893066,3.0,3.0,5.0,364.09600830078125,2023,3,2023-03,1455.0,1437.0,2892.0,1575.0,23.981111526489258,6.0,25.481667041778564,11.0,0.25023780639228954,0.2311720687624008,50.027779738108315,0.24986117843799113,49.89351828893025,0.2505335448106361,6.252314647038777,3.332099311924492,45.53941908713693,4.149377593360995,50.31120331950207,79.9703834861878,60.67275065181294,50.027779738108315,0.25019690990438326,54.875,3
2023-03-03,1340.0,99.0,1454.0,12.006667137145996,11.975000381469727,1.2388888597488403,3.0,3.0,4.0,357.44000244140625,2023,3,2023-03,1454.0,1439.0,2893.0,1553.0,23.981667518615723,6.0,25.220556378364563,10.0,0.24583218874924775,0.230160980322863,50.027779738108315,0.24986117843799113,49.89583492279053,0.2505219126875553,5.162036915620169,3.2286996275121234,46.31870031109575,3.4220532319391634,50.25924645696509,79.91031578092505,60.62964549363948,50.027779738108315,0.2501911093272606,55.833333333333336,3
2023-03-04,1294.0,120.0,1432.0,12.006667137145996,11.975555419921875,1.4988888502120972,3.0,3.0,5.0,360.89599609375,2023,3,2023-03,1432.0,1414.0,2846.0,1552.0,23.98222255706787,6.0,25.48111140727997,11.0,0.2520223436408869,0.23253607995731315,50.027779738108315,0.24986117843799113,49.89814758300781,0.25051030159397575,6.2453702092170715,3.335804385556998,45.46732255797611,4.2164441321152495,50.31623330990864,80.05930525336795,59.71089612701351,50.027779738108315,0.2501853189679337,53.916666666666664,3
2023-03-05,1316.0,95.0,1428.0,12.006667137145996,11.983888626098633,1.193333387374878,3.0,3.0,4.0,351.552001953125,2023,3,2023-03,1428.0,1411.0,2839.0,1523.0,23.99055576324463,6.0,25.183889150619507,10.0,0.24618487531731442,0.23082862899088968,50.027779738108315,0.24986117843799113,49.932869275410965,0.2503361048822308,4.972222447395325,3.3519551554652227,46.35435012328284,3.346248679112364,50.29940119760479,79.60893494229904,59.5234230541589,50.027779738108315,0.25009841619394496,54.833333333333336,3
2023-03-06,1326.0,73.0,1416.0,12.006667137145996,11.973333358764648,0.9016666412353516,3.0,3.0,3.0,343.42401123046875,2023,3,2023-03,1416.0,1399.0,2815.0,1489.0,23.980000495910645,6.0,24.881667137145996,9.0,0.2425310813774497,0.23064070599762845,50.027779738108315,0.24986117843799113,49.88888899485271,0.2505567923408695,3.7569443384806314,3.3271719977238736,47.10479573712256,2.5932504440497337,50.301953818827705,80.96118527794759,59.049206451912845,50.027779738108315,0.2502085019148849,55.25,3
2023-03-07,1351.0,0.0,1370.0,12.006667137145996,11.973333358764648,0.0,3.0,3.0,0.0,312.57598876953125,2023,3,2023-03,1370.0,1351.0,2721.0,1370.0,23.980000495910645,6.0,23.980000495910645,6.0,0.2281576560361542,0.2281576560361542,50.027779738108315,0.24986117843799113,49.88888899485271,0.2505567923408695,0.0,,49.650863653068726,0.0,50.349136346931274,,57.130941270565394,50.027779738108315,0.2502085019148849,56.291666666666664,2
2023-03-08,1294.0,94.0,1403.0,12.006667137145996,11.973333358764648,1.176111102104187,3.0,3.0,4.0,346.68798828125,2023,3,2023-03,1403.0,1388.0,2791.0,1497.0,23.980000495910645,6.0,25.15611159801483,10.0,0.2471047671284747,0.23158850252588511,50.027779738108315,0.24986117843799113,49.88888899485271,0.2505567923408695,4.9004629254341125,3.4010392324701106,46.36331064134719,3.367968470082408,50.26872088857041,79.92442196304759,58.50708803109726,50.027779738108315,0.2502085019148849,53.916666666666664,3
2023-03-09,1356.0,25.0,1398.0,12.006667137145996,11.973333358764648,0.3072222173213959,3.0,3.0,1.0,326.78399658203125,2023,3,2023-03,1398.0,1381.0,2779.0,1423.0,23.980000495910645,6.0,24.28722271323204,7.0,0.23375107051647442,0.22964441080957923,50.027779738108315,0.24986117843799113,49.88888899485271,0.2505567923408695,1.280092572172483,3.254972927149553,48.79453040662109,0.8996041741633681,50.30586541921554,81.37432317873882,58.29858094616819,50.027779738108315,0.2502085019148849,56.5,3
2023-03-10,1323.0,93.0,1434.0,12.068888664245605,11.908333778381348,1.167222261428833,3.0,3.0,4.0,353.66400146484375,2023,3,2023-03,1434.0,1416.0,2850.0,1527.0,23.977222442626953,6.0,25.144444704055786,10.0,0.2466276160842704,0.23160707365084726,50.287036101023354,0.24857301143953522,49.61805740992229,0.25192441325807197,4.863426089286804,3.4269394374842337,46.421052631578945,3.263157894736842,50.31578947368421,79.67634192150842,59.806760496604475,50.287036101023354,0.25023749161759196,55.125,3
2023-03-11,1282.0,154.0,1448.0,12.006667137145996,11.97611141204834,1.932777762413025,3.0,3.0,6.0,372.35198974609375,2023,3,2023-03,1448.0,1436.0,2884.0,1602.0,23.982778549194336,6.0,25.91555631160736,12.0,0.2571491641892913,0.23242945677034565,50.027779738108315,0.24986117843799113,49.90046421686809,0.2504986716290821,8.053240676720936,3.10434035235854,44.45214979195562,5.339805825242718,50.20804438280167,79.67806904386919,60.3766572346824,50.027779738108315,0.250179518928242,53.416666666666664,3
2023-03-12,1261.0,126.0,1404.0,12.006667137145996,11.94111156463623,1.5838888883590698,3.0,3.0,5.0,359.8080139160156,2023,3,2023-03,1404.0,1387.0,2791.0,1530.0,23.947778701782227,6.0,25.531667590141296,11.0,0.25627351418519634,0.23516863654641545,50.027779738108315,0.24986117843799113,49.75463151931763,0.25123289266340515,6.599537034829457,3.1567870933042954,45.180938731637404,4.514510927982802,50.30455034037979,79.55103475126825,58.627566985806176,50.027779738108315,0.25054515805900074,52.541666666666664,3
2023-03-13,1288.0,93.0,1398.0,12.006667137145996,11.970000267028809,1.159999966621399,3.0,3.0,4.0,347.7760009765625,2023,3,2023-03,1398.0,1381.0,2779.0,1491.0,23.976667404174805,6.0,25.136667370796204,10.0,0.2487668104267257,0.23325016832767437,50.027779738108315,0.24986117843799113,49.87500111262004,0.2506265608250199,4.833333194255829,3.4482759612919205,46.34760705289673,3.346527527887729,50.30586541921554,80.17241610003715,58.30668526338155,50.027779738108315,0.2502432843921955,53.666666666666664,3
2023-03-14,1299.0,148.0,1462.0,12.006667137145996,11.975555419921875,1.8494443893432617,3.0,3.0,6.0,375.6159973144531,2023,3,2023-03,1462.0,1447.0,2909.0,1610.0,23.98222255706787,6.0,25.831666946411133,12.0,0.25691928680879145,0.23330186168599573,50.027779738108315,0.24986117843799113,49.89814758300781,0.25051030159397575,7.706018288930257,3.244217579383721,44.65452045376418,5.087658989343416,50.257820556892405,80.02403362479845,60.96182272185318,50.027779738108315,0.2501853189679337,54.125,3
2023-03-15,1376.0,0.0,1392.0,12.006667137145996,11.972222328186035,0.0,3.0,3.0,0.0,317.24798583984375,2023,3,2023-03,1392.0,1376.0,2768.0,1392.0,23.97888946533203,6.0,23.97888946533203,6.0,0.22790803580448546,0.22790803580448546,50.027779738108315,0.24986117843799113,49.88425970077515,0.250580044185877,0.0,,49.71098265895954,0.0,50.28901734104046,,58.05106203990441,50.027779738108315,0.25022009499958797,57.333333333333336,2
2023-03-16,1308.0,23.0,1349.0,12.006667137145996,11.973889350891113,0.2866666615009308,3.0,3.0,1.0,317.5679931640625,2023,3,2023-03,1349.0,1331.0,2680.0,1372.0,23.98055648803711,6.0,24.26722314953804,7.0,0.23540992821650297,0.23146355186885023,50.027779738108315,0.24986117843799113,49.89120562871297,0.25054515805900074,1.194444422920545,3.488372155883753,48.80597014925373,0.8582089552238806,50.33582089552239,80.23255958532631,56.25390722992435,50.027779738108315,0.25020270080025653,54.5,3
2023-03-17,1305.0,44.0,1367.0,12.006667137145996,11.973889350891113,0.5461111068725586,3.0,3.0,2.0,326.656005859375,2023,3,2023-03,1367.0,1349.0,2716.0,1411.0,23.98055648803711,6.0,24.526667594909668,8.0,0.2389583071392648,0.23150673696624735,50.027779738108315,0.24986117843799113,49.89120562871297,0.25054515805900074,2.275462945302327,3.662258421099506,48.04860088365243,1.6200294550810017,50.331369661266564,80.56968526418913,57.00451533232512,50.027779738108315,0.25020270080025653,54.375,3
2023-03-18,1262.0,178.0,1455.0,12.006667137145996,11.97166633605957,2.2316665649414062,3.0,3.0,7.0,382.1440124511719,2023,3,2023-03,1455.0,1440.0,2895.0,1633.0,23.978333473205566,6.0,26.210000038146973,13.0,0.26264193295613186,0.23401347976189338,50.027779738108315,0.24986117843799113,49.88194306691487,0.25059168170798174,9.29861068725586,3.136669299064302,43.59240069084629,6.14853195164076,50.259067357512954,79.76101931906369,60.67978000330508,50.027779738108315,0.2502258969208457,52.583333333333336,3
2023-03-19,1258.0,148.0,1422.0,12.006667137145996,11.971111297607422,1.8550000190734863,3.0,3.0,6.0,367.9360046386719,2023,3,2023-03,1422.0,1406.0,2828.0,1570.0,23.977778434753418,6.0,25.832778453826904,12.0,0.25874543223535296,0.2343541430819566,50.027779738108315,0.24986117843799113,49.879630406697586,0.25060330034685985,7.729166746139526,3.234501314451096,44.48373408769448,5.233380480905233,50.28288543140028,79.78436575646037,59.304910330598084,50.027779738108315,0.2502316891586417,52.416666666666664,3
2023-03-20,1276.0,141.0,1432.0,12.006667137145996,11.973889350891113,1.765555500984192,3.0,3.0,6.0,366.2080078125,2023,3,2023-03,1432.0,1417.0,2849.0,1573.0,23.98055648803711,6.0,25.7461119890213,12.0,0.25573184903107543,0.23280865086617927,50.027779738108315,0.24986117843799113,49.89120562871297,0.25054515805900074,7.3564812541008,3.3983638558263154,44.78764478764479,4.949104949104949,50.26325026325026,79.8615506119184,59.715044590994566,50.027779738108315,0.25020270080025653,53.166666666666664,3
2023-03-21,1354.0,47.0,1419.0,12.006667137145996,11.972222328186035,0.5922222137451172,3.0,3.0,2.0,337.343994140625,2023,3,2023-03,1419.0,1401.0,2820.0,1466.0,23.97888946533203,6.0,24.57111167907715,8.0,0.23773361109275898,0.23011186503453274,50.027779738108315,0.24986117843799113,49.88425970077515,0.250580044185877,2.4675925572713213,3.3771107425240343,48.01418439716312,1.6666666666666667,50.31914893617021,79.3621024493148,59.177052467402554,50.027779738108315,0.25022009499958797,56.416666666666664,3
2023-03-22,1262.0,167.0,1442.0,12.006667137145996,11.975000381469727,2.0872223377227783,3.0,3.0,7.0,376.32000732421875,2023,3,2023-03,1442.0,1429.0,2871.0,1609.0,23.981667518615723,6.0,26.0688898563385,13.0,0.2609708788656163,0.23388440480063316,50.027779738108315,0.24986117843799113,49.89583492279053,0.2505219126875553,8.696759740511578,3.3537395003338304,43.95680947405085,5.816788575409265,50.22640195053988,80.0106423651071,60.12926327498496,50.027779738108315,0.2501911093272606,52.583333333333336,3
2023-03-23,1250.0,170.0,1434.0,12.006667137145996,11.972777366638184,2.128333330154419,3.0,3.0,7.0,375.9360046386719,2023,3,2023-03,1434.0,1420.0,2854.0,1604.0,23.97944450378418,6.0,26.1077778339386,13.0,0.26215899905067774,0.23437406772984531,50.027779738108315,0.24986117843799113,49.88657236099243,0.25056842770328447,8.868055542310078,3.2889585013885596,43.79817799579537,5.956552207428171,50.24526979677646,79.87470646229359,59.801218488347445,50.027779738108315,0.2502143032985249,52.083333333333336,3
2023-03-24,1282.0,173.0,1469.0,12.006667137145996,11.97611141204834,2.1694445610046387,3.0,3.0,8.0,384.7040100097656,2023,3,2023-03,1469.0,1455.0,2924.0,1642.0,23.982778549194336,6.0,26.152223110198975,14.0,0.26188155889024206,0.23428989647366968,50.027779738108315,0.24986117843799113,49.90046421686809,0.2504986716290821,9.039352337519329,3.687579827481424,43.84404924760602,5.916552667578659,50.23939808481532,79.7439137692858,61.25228555093124,50.027779738108315,0.250179518928242,53.416666666666664,3
2023-03-25,1349.0,49.0,1412.0,12.006667137145996,11.971111297607422,0.6116666793823242,3.0,3.0,2.0,335.10400390625,2023,3,2023-03,1412.0,1398.0,2810.0,1461.0,23.977778434753418,6.0,24.589445114135742,8.0,0.2373257818032932,0.22936619021646132,50.027779738108315,0.24986117843799113,49.879630406697586,0.25060330034685985,2.5486111640930176,3.269754700418941,48.00711743772242,1.7437722419928827,50.24911032028469,80.10899016026406,58.887857515333685,50.027779738108315,0.2502316891586417,56.208333333333336,3
2023-03-26,1175.0,228.0,1418.0,12.006667137145996,10.973889350891113,2.855555534362793,3.0,3.0,9.0,389.44000244140625,2023,3,2023-03,1418.0,1403.0,2821.0,1646.0,22.98055648803711,6.0,25.836112022399902,15.0,0.27464034022666167,0.23659781436294425,50.027779738108315,0.24986117843799113,45.72453896204631,0.27337618451168283,11.89814805984497,3.1517509961536496,41.65189649060616,8.082240340304857,50.26586316908897,79.84435856922579,61.70433691360617,50.027779738108315,0.26109028313232513,48.958333333333336,3
2023-03-27,1336.0,73.0,1422.0,12.006667137145996,11.97166633605957,0.9127777814865112,3.0,3.0,3.0,343.1679992675781,2023,3,2023-03,1422.0,1409.0,2831.0,1495.0,23.978333473205566,6.0,24.891111254692078,9.0,0.24132770693922512,0.2295438122191158,50.027779738108315,0.24986117843799113,49.88194306691487,0.25059168170798174,3.8032407561937966,3.286670710930679,47.19180501589545,2.5785941363475806,50.22960084775697,79.97565396597986,59.30353757024043,50.027779738108315,0.2502258969208457,55.666666666666664,3
2023-03-28,1350.0,23.0,1388.0,12.006667137145996,11.977777481079102,0.2888889014720917,3.0,3.0,1.0,322.3680114746094,2023,3,2023-03,1388.0,1373.0,2761.0,1411.0,23.984444618225098,6.0,24.27333351969719,7.0,0.23225361057248514,0.22846776149866008,50.027779738108315,0.24986117843799113,49.90740617116292,0.2504638280965731,1.2037037561337152,3.4615383107634052,48.89532777978993,0.8330315103223469,50.27164070988772,79.61538114755832,57.870841793238704,50.027779738108315,0.2501621403165938,56.25,3
2023-03-29,1304.0,95.0,1413.0,12.006667137145996,11.968889236450195,1.184999942779541,3.0,3.0,4.0,348.2239990234375,2023,3,2023-03,1413.0,1399.0,2812.0,1508.0,23.97555637359619,6.0,25.160556316375732,10.0,0.2464430283251504,0.23091777123570126,50.027779738108315,0.24986117843799113,49.87037181854248,0.25064982562155935,4.937499761581421,3.375527589155475,46.372688477951634,3.3783783783783785,50.24893314366998,80.16878024244254,58.93502440494391,50.027779738108315,0.25025488070039875,54.333333333333336,3
2023-03-30,1268.0,145.0,1426.0,12.006667137145996,11.96166706085205,1.8200000524520874,3.0,3.0,6.0,366.4639892578125,2023,3,2023-03,1426.0,1413.0,2839.0,1571.0,23.968334197998047,6.0,25.788334250450134,12.0,0.25698736974601155,0.233267975339155,50.027779738108315,0.24986117843799113,49.84027942021687,0.2508011621405474,7.5833335518836975,3.2967032016928766,44.66361394857344,5.10743219443466,50.2289538569919,79.67032737424452,59.49516508823991,50.027779738108315,0.25033028788880746,52.833333333333336,3
2023-03-31,1235.0,177.0,1425.0,12.006667137145996,11.970555305480957,2.212777853012085,3.0,3.0,7.0,375.552001953125,2023,3,2023-03,1425.0,1412.0,2837.0,1602.0,23.977222442626953,6.0,26.190000295639038,13.0,0.2635452645285088,0.23442696751131398,50.027779738108315,0.24986117843799113,49.877313772837326,0.25061494002925583,9.219907720883686,3.163444532161887,43.531899894254494,6.238984843144166,50.22911526260134,79.98995459895058,59.43140425917809,50.027779738108315,0.25023749161759196,51.458333333333336,3
2023-04-01,1238.0,197.0,1448.0,12.006667137145996,11.976666450500488,2.4749999046325684,3.0,3.0,8.0,385.9840087890625,2023,4,2023-04,1448.0,1435.0,2883.0,1645.0,23.983333587646484,6.0,26.458333492279053,14.0,0.26656354198139676,0.2346407348261778,50.027779738108315,0.24986117843799113,49.90277687708537,0.25048706268968807,10.3124996026357,3.2323233568720715,42.94138050641693,6.833159902878945,50.225459590704126,79.59596266297476,60.375259957433386,50.027779738108315,0.250173729105387,51.583333333333336,3
2023-04-02,1238.0,173.0,1425.0,12.006667137145996,11.937222480773926,2.1700000762939453,3.0,3.0,7.0,373.9519958496094,2023,4,2023-04,1425.0,1411.0,2836.0,1598.0,23.943889617919922,6.0,26.113889694213867,13.0,0.26242245322779606,0.234012513047315,50.027779738108315,0.24986117843799113,49.738427003224686,0.25131474300925494,9.041666984558105,3.2258063381983906,43.653032440056414,6.100141043723554,50.24682651622003,79.7234995011888,59.514140047384416,50.027779738108315,0.2505858528310923,51.583333333333336,3
2023-04-03,1365.0,0.0,1381.0,12.006667137145996,11.977222442626953,0.0,3.0,3.0,0.0,315.20001220703125,2023,4,2023-04,1381.0,1365.0,2746.0,1381.0,23.98388957977295,6.0,23.98388957977295,6.0,0.22824041434252806,0.22824041434252806,50.027779738108315,0.24986117843799113,49.90509351094563,0.250475434882381,0.0,,49.708667152221416,0.0,50.29133284777859,,57.58031846363569,50.027779738108315,0.2501679296030515,56.875,2
2023-04-04,1276.0,138.0,1429.0,12.006667137145996,11.972222328186035,1.7322221994400024,3.0,3.0,6.0,363.8399963378906,2023,4,2023-04,1429.0,1414.0,2843.0,1567.0,23.97888946533203,6.0,25.711111664772034,12.0,0.2546116139523377,0.23218889364255943,50.027779738108315,0.24986117843799113,49.88425970077515,0.250580044185877,7.2175924976666765,3.463758865311677,44.88216672529018,4.854027435807247,50.26380583890256,79.66645390216857,59.594085959068536,50.027779738108315,0.25022009499958797,53.166666666666664,3
2023-04-05,1390.0,46.0,1449.0,12.006667137145996,11.972222328186035,0.5699999928474426,3.0,3.0,2.0,340.864013671875,2023,4,2023-04,1449.0,1436.0,2885.0,1495.0,23.97888946533203,6.0,24.548889458179474,8.0,0.23524086519798137,0.22800268473035118,50.027779738108315,0.24986117843799113,49.88425970077515,0.250580044185877,2.3749999701976776,3.508771973853847,48.18024263431543,1.5944540727902947,50.22530329289429,80.70175539863848,60.428152942400494,50.027779738108315,0.25022009499958797,57.916666666666664,3
2023-04-06,1350.0,70.0,1434.0,12.006667137145996,11.970555305480957,0.8666666746139526,3.0,3.0,3.0,344.7040100097656,2023,4,2023-04,1434.0,1420.0,2854.0,1504.0,23.977222442626953,6.0,24.843889117240906,9.0,0.2403793654182466,0.2291914960171314,50.027779738108315,0.24986117843799113,49.877313772837326,0.25061494002925583,3.6111111442248025,3.4615384297963434,47.30203223545901,2.452697967764541,50.24526979677646,80.76923002858135,59.806760496604475,50.027779738108315,0.25023749161759196,56.25,3
2023-04-07,1280.0,172.0,1467.0,12.006667137145996,11.97611141204834,2.1594443321228027,3.0,3.0,7.0,381.6319885253906,2023,4,2023-04,1467.0,1452.0,2919.0,1639.0,23.982778549194336,6.0,26.14222288131714,13.0,0.2601445047889507,0.23284441032665687,50.027779738108315,0.24986117843799113,49.90046421686809,0.2504986716290821,8.997684717178345,3.241574647640385,43.85063377869133,5.8924289140116475,50.25693730729702,79.65011991344944,61.16889237795516,50.027779738108315,0.250179518928242,53.333333333333336,3
2023-04-08,1215.0,268.0,1497.0,12.006667137145996,11.971111297607422,3.362222194671631,3.0,3.0,10.0,416.76800537109375,2023,4,2023-04,1497.0,1483.0,2980.0,1765.0,23.977778434753418,6.0,27.34000062942505,16.0,0.2784021411964554,0.23612918151336756,50.027779738108315,0.24986117843799113,49.879630406697586,0.25060330034685985,14.009259144465128,2.9742234215953247,40.77181208053691,8.993288590604028,50.234899328859065,79.7091876987547,62.432806445081106,50.027779738108315,0.2502316891586417,50.625,3
2023-04-09,1274.0,180.0,1467.0,12.006667137145996,11.979999542236328,2.244999885559082,3.0,3.0,7.0,383.10400390625,2023,4,2023-04,1467.0,1454.0,2921.0,1647.0,23.986666679382324,6.0,26.231666564941406,13.0,0.26114792358980915,0.23260716691332725,50.027779738108315,0.24986117843799113,49.91666475931804,0.2504173718390631,9.35416618982951,3.118040248031799,43.615200273878806,6.162273194111605,50.22252653200958,80.17817780653196,61.15897717713966,50.027779738108315,0.25013896595967144,53.083333333333336,3
2023-04-10,1260.0,171.0,1445.0,12.006667137145996,11.975000381469727,2.1466667652130127,3.0,3.0,7.0,375.8080139160156,2023,4,2023-04,1445.0,1431.0,2876.0,1616.0,23.981667518615723,6.0,26.128334283828735,13.0,0.26007475011488973,0.23255446405694036,50.027779738108315,0.24986117843799113,49.89583492279053,0.2505219126875553,8.944444855054218,3.260869415521693,43.81084840055633,5.945757997218359,50.24339360222532,79.65838143631564,60.25435882964859,50.027779738108315,0.2501911093272606,52.5,3
2023-04-11,1207.0,260.0,1480.0,12.006667137145996,11.970000267028809,3.258333444595337,3.0,3.0,10.0,409.2799987792969,2023,4,2023-04,1480.0,1467.0,2947.0,1740.0,23.976667404174805,6.0,27.23500084877014,16.0,0.2765405397157411,0.23521839010304418,50.027779738108315,0.24986117843799113,49.87500111262004,0.2506265608250199,13.57638935248057,3.0690536036412115,40.95690532745165,8.822531387852054,50.220563284696304,79.79539369467149,61.72667681674156,50.027779738108315,0.2502432843921955,50.291666666666664,3
2023-04-12,1182.0,298.0,1494.0,12.006667137145996,11.94777774810791,3.7411110401153564,3.0,3.0,11.0,424.32000732421875,2023,4,2023-04,1494.0,1480.0,2974.0,1792.0,23.954444885253906,6.0,27.695555925369263,17.0,0.2840160691594503,0.23678571837288992,50.027779738108315,0.24986117843799113,49.78240728378296,0.25109271893470647,15.587962667147318,2.940302996101612,39.74445191661062,10.020174848688635,50.235373234700745,79.65548116711639,62.36838328571287,50.027779738108315,0.250475434882381,49.25,3
2023-04-13,1155.0,366.0,1533.0,12.006667137145996,11.977222442626953,4.5966668128967285,3.0,3.0,13.0,452.864013671875,2023,4,2023-04,1533.0,1521.0,3054.0,1899.0,23.98388957977295,6.0,28.580556392669678,19.0,0.2954103155067678,0.2384749940346893,50.027779738108315,0.24986117843799113,49.90509351094563,0.250475434882381,19.152778387069702,2.828136240705177,37.81925343811395,11.984282907662083,50.19646365422397,79.62291262293036,63.91790601357966,50.027779738108315,0.2501679296030515,48.125,3
2023-04-14,1271.0,204.0,1488.0,12.006667137145996,11.969444274902344,2.549999952316284,3.0,3.0,8.0,392.12799072265625,2023,4,2023-04,1488.0,1475.0,2963.0,1692.0,23.97611141204834,6.0,26.526111364364624,14.0,0.26352687548565606,0.23175413163277556,50.027779738108315,0.24986117843799113,49.872684478759766,0.2506382026683086,10.624999801317852,3.137254960625872,42.89571380357746,6.884913938575768,50.21937225784677,80.00000149595974,62.06177367245043,50.027779738108315,0.25024908738891305,52.958333333333336,3
2023-04-15,1138.0,448.0,1594.0,12.006667137145996,11.952221870422363,5.619444370269775,3.0,3.0,15.0,487.3599853515625,2023,4,2023-04,1594.0,1586.0,3180.0,2042.0,23.95888900756836,6.0,29.578333377838135,21.0,0.30574654037111826,0.23866796540233226,50.027779738108315,0.24986117843799113,49.800924460093185,0.25099935664882256,23.414351542790733,2.669303050557628,35.78616352201258,14.08805031446541,50.125786163522015,79.72318444332116,66.53063084421287,50.027779738108315,0.25042897431949634,47.416666666666664,3
2023-04-16,1307.0,148.0,1472.0,12.006667137145996,11.975000381469727,1.8572221994400024,3.0,3.0,6.0,372.35198974609375,2023,4,2023-04,1472.0,1455.0,2927.0,1620.0,23.981667518615723,6.0,25.838889718055725,12.0,0.2529565147731615,0.22984690725067516,50.027779738108315,0.24986117843799113,49.89583492279053,0.2505219126875553,7.7384258310000105,3.230631209237724,44.653228561667234,5.056371711650154,50.29039972668261,79.68890316119719,61.38021882162126,50.027779738108315,0.2501911093272606,54.458333333333336,3
2023-04-17,1273.0,210.0,1495.0,12.006667137145996,11.969444274902344,2.638333320617676,3.0,3.0,8.0,396.0320129394531,2023,4,2023-04,1495.0,1483.0,2978.0,1705.0,23.97611141204834,6.0,26.614444732666016,14.0,0.26490435648123956,0.23227684043369684,50.027779738108315,0.24986117843799113,49.872684478759766,0.2506382026683086,10.99305550257365,3.0322173235211514,42.746809939556755,7.0517125587642715,50.20147750167898,79.59570474243021,62.35373094107083,50.027779738108315,0.25024908738891305,53.041666666666664,3
2023-04-18,1261.0,197.0,1471.0,12.006667137145996,11.96500015258789,2.473888874053955,3.0,3.0,8.0,387.3919982910156,2023,4,2023-04,1471.0,1458.0,2929.0,1668.0,23.971667289733887,6.0,26.445556163787842,14.0,0.2633528200482771,0.23224939945504533,50.027779738108315,0.24986117843799113,49.85416730244954,0.2507312964263636,10.307870308558147,3.2337750025490926,43.052236258108564,6.725844998292933,50.22191874359849,79.6317094377714,61.364108813155894,50.027779738108315,0.2502954812229336,52.541666666666664,3
2023-04-19,1257.0,174.0,1441.0,12.006667137145996,11.978888511657715,2.174999952316284,3.0,3.0,7.0,375.0400085449219,2023,4,2023-04,1441.0,1431.0,2872.0,1615.0,23.98555564880371,6.0,26.160555601119995,13.0,0.26026371168974455,0.23222291550769156,50.027779738108315,0.24986117843799113,49.91203546524048,0.2504405978134311,9.062499801317852,3.2183908751562464,43.76740947075209,6.0584958217270195,50.17409470752089,80.00000175388384,60.07782438310411,50.027779738108315,0.250150552601405,52.375,3
2023-04-20,1221.0,196.0,1428.0,12.006667137145996,11.969444274902344,2.449444532394409,3.0,3.0,8.0,380.54400634765625,2023,4,2023-04,1428.0,1417.0,2845.0,1624.0,23.97611141204834,6.0,26.42555594444275,14.0,0.2664873994031206,0.23432512706136469,50.027779738108315,0.24986117843799113,49.872684478759766,0.2506382026683086,10.206018884976704,3.2660466053418844,42.91739894551846,6.889279437609843,50.1933216168717,80.01814183087617,59.5592827985613,50.027779738108315,0.25024908738891305,50.875,3
2023-04-21,1226.0,204.0,1443.0,12.006667137145996,11.972777366638184,2.5577778816223145,3.0,3.0,8.0,385.7279968261719,2023,4,2023-04,1443.0,1430.0,2873.0,1647.0,23.97944450378418,6.0,26.537222385406494,14.0,0.26730976911030624,0.23420036237168906,50.027779738108315,0.24986117843799113,49.88657236099243,0.25056842770328447,10.657407840092976,3.127714903424633,42.67316394013226,7.100591715976331,50.2262443438914,79.75673003732814,60.17653994329523,50.027779738108315,0.2502143032985249,51.083333333333336,3
2023-04-22,1211.0,240.0,1462.0,12.006667137145996,11.96833324432373,3.0011110305786133,3.0,3.0,9.0,400.12799072265625,2023,4,2023-04,1462.0,1451.0,2913.0,1702.0,23.975000381469727,6.0,26.97611141204834,15.0,0.2736853561714475,0.23509282651154892,50.027779738108315,0.24986117843799113,49.868055184682206,0.25066146962634267,12.504629294077555,2.9988893807320425,41.57226227257123,8.2389289392379,50.18880878819086,79.9703834861878,60.98018672525151,50.027779738108315,0.2502606842349583,50.458333333333336,3
2023-04-23,1223.0,201.0,1438.0,12.006667137145996,11.977222442626953,2.5183334350585938,3.0,3.0,8.0,383.6159973144531,2023,4,2023-04,1438.0,1424.0,2862.0,1639.0,23.98388957977295,6.0,26.502223014831543,14.0,0.2667705127360592,0.2340549098928939,50.027779738108315,0.24986117843799113,49.90509351094563,0.250475434882381,10.493055979410808,3.176704041104813,42.73235499650594,7.023060796645702,50.24458420684835,79.81468903275842,59.95691379486468,50.027779738108315,0.2501679296030515,50.958333333333336,3
2023-04-24,1190.0,256.0,1457.0,12.006667137145996,11.968889236450195,3.2155556678771973,3.0,3.0,10.0,403.3280029296875,2023,4,2023-04,1457.0,1446.0,2903.0,1713.0,23.97555637359619,6.0,27.19111204147339,16.0,0.27682086680143275,0.23545125681826473,50.027779738108315,0.24986117843799113,49.87037181854248,0.25064982562155935,13.39814861615499,3.109882406919009,40.99207716155701,8.818463658284534,50.18945918015846,79.61298961712663,60.7702268634135,50.027779738108315,0.25025488070039875,49.583333333333336,3
2023-04-25,1222.0,201.0,1437.0,12.006667137145996,11.978888511657715,2.519444465637207,3.0,3.0,8.0,383.552001953125,2023,4,2023-04,1437.0,1423.0,2860.0,1638.0,23.98555564880371,6.0,26.505000114440918,14.0,0.2669116227927105,0.23415873135111417,50.027779738108315,0.24986117843799113,49.91203546524048,0.2504405978134311,10.497685273488361,3.175303170644277,42.72727272727273,7.0279720279720275,50.24475524475525,79.77949216243746,59.9110573480365,50.027779738108315,0.250150552601405,50.916666666666664,3
2023-04-26,1234.0,224.0,1470.0,12.006667137145996,11.96166706085205,2.801666736602783,3.0,3.0,9.0,395.64801025390625,2023,4,2023-04,1470.0,1458.0,2928.0,1694.0,23.968334197998047,6.0,26.77000093460083,15.0,0.26914830629517433,0.2335584476115149,50.027779738108315,0.24986117843799113,49.84027942021687,0.2508011621405474,11.673611402511597,3.2123735069621913,42.1448087431694,7.650273224043716,50.204918032786885,79.95240728439231,61.33092053275783,50.027779738108315,0.25033028788880746,51.416666666666664,3
2023-04-27,1194.0,298.0,1503.0,12.006667137145996,11.973333358764648,3.740000009536743,3.0,3.0,11.0,425.0880126953125,2023,4,2023-04,1503.0,1492.0,2995.0,1801.0,23.980000495910645,6.0,27.720000505447388,17.0,0.2828263557520376,0.2360288798974528,50.027779738108315,0.24986117843799113,49.88888899485271,0.2505567923408695,15.583333373069763,2.9411764630884374,39.86644407345576,9.94991652754591,50.183639398998324,79.67914418185039,62.67722972967867,50.027779738108315,0.2502085019148849,49.75,3
2023-04-28,1174.0,289.0,1474.0,12.006667137145996,11.953888893127441,3.6288888454437256,3.0,3.0,11.0,415.87200927734375,2023,4,2023-04,1474.0,1463.0,2937.0,1763.0,23.960556030273438,6.0,27.589444875717163,17.0,0.28213840520851,0.23588883112725115,50.027779738108315,0.24986117843799113,49.807870388031006,0.25096435367780334,15.120370189348856,3.031230899731503,39.97276132107593,9.839972761321075,50.187265917603,79.63870272930949,61.51777104578231,50.027779738108315,0.25041155106831336,48.916666666666664,3
2023-04-29,1156.0,344.0,1510.0,12.006667137145996,11.975000381469727,4.308888912200928,3.0,3.0,12.0,440.0639953613281,2023,4,2023-04,1510.0,1500.0,3010.0,1854.0,23.981667518615723,6.0,28.29055643081665,18.0,0.2914331095108133,0.23735922079899036,50.027779738108315,0.24986117843799113,49.89583492279053,0.2505219126875553,17.953703800837197,2.784940676010732,38.40531561461794,11.428571428571429,50.16611295681063,79.83496604564098,62.96476251402724,50.027779738108315,0.2501911093272606,48.166666666666664,3
2023-04-30,1206.0,225.0,1441.0,12.006667137145996,11.966666221618652,2.823333263397217,3.0,3.0,9.0,389.31201171875,2023,4,2023-04,1441.0,1431.0,2872.0,1666.0,23.97333335876465,6.0,26.796666622161865,15.0,0.2701679470636711,0.23368067930297118,50.027779738108315,0.24986117843799113,49.861109256744385,0.25069638815364315,11.763888597488403,3.187721448501839,41.99164345403899,7.834261838440111,50.17409470752089,79.69303621254598,60.10845377383327,50.027779738108315,0.2502780864975709,50.25,3
2023-05-01,1220.0,198.0,1430.0,12.006667137145996,11.975000381469727,2.4833333492279053,3.0,3.0,8.0,380.2239990234375,2023,5,2023-05,1430.0,1418.0,2848.0,1628.0,23.981667518615723,6.0,26.465000867843628,14.0,0.2658909084079982,0.23355282495297144,50.027779738108315,0.24986117843799113,49.89583492279053,0.2505219126875553,10.347222288449604,3.2214764894480576,42.837078651685395,6.952247191011236,50.21067415730337,79.73154311383944,59.628881056330435,50.027779738108315,0.2501911093272606,50.833333333333336,3
2023-05-02,1308.0,97.0,1418.0,12.006667137145996,11.97611141204834,1.2127777338027954,3.0,3.0,4.0,348.2239990234375,2023,5,2023-05,1418.0,1405.0,2823.0,1515.0,23.982778549194336,6.0,25.19555628299713,10.0,0.24557404726617596,0.22985082443791255,50.027779738108315,0.24986117843799113,49.90046421686809,0.2504986716290821,5.053240557511648,3.2982135872972935,46.3336875664187,3.4360609280906838,50.23025150549061,79.98167949195937,59.12575964004119,50.027779738108315,0.250179518928242,54.5,3
2023-05-03,1312.0,92.0,1418.0,12.006667137145996,11.973333358764648,1.1505556106567383,3.0,3.0,4.0,346.239990234375,2023,5,2023-05,1418.0,1404.0,2822.0,1510.0,23.980000495910645,6.0,25.130556106567383,10.0,0.24417488733030676,0.2292980067777318,50.027779738108315,0.24986117843799113,49.88888899485271,0.2505567923408695,4.793981711069742,3.476581195164305,46.49184975194897,3.260099220411056,50.248051027639974,79.96136748877902,59.13260928588447,50.027779738108315,0.2502085019148849,54.666666666666664,3
2023-05-04,1322.0,93.0,1428.0,12.006667137145996,11.973889350891113,1.1661111116409302,3.0,3.0,4.0,348.6719970703125,2023,5,2023-05,1428.0,1415.0,2843.0,1521.0,23.98055648803711,6.0,25.14666759967804,10.0,0.24416806517528886,0.22923865685096154,50.027779738108315,0.24986117843799113,49.89120562871297,0.25054515805900074,4.858796298503876,3.430204857898381,46.50017587055927,3.27119240239184,50.22863172704889,79.75226294613736,59.54824279046106,50.027779738108315,0.25020270080025653,55.083333333333336,3
2023-05-05,1237.0,222.0,1471.0,12.006667137145996,11.975000381469727,2.785555601119995,3.0,3.0,9.0,395.135986328125,2023,5,2023-05,1471.0,1459.0,2930.0,1693.0,23.981667518615723,6.0,26.767223119735718,15.0,0.26861725787092117,0.2333939671164353,50.027779738108315,0.24986117843799113,49.89583492279053,0.2505219126875553,11.606481671333313,3.2309532778241254,42.218430034129696,7.57679180887372,50.20477815699659,79.69684751966176,61.33852030340005,50.027779738108315,0.2501911093272606,51.541666666666664,3
2023-05-06,1195.0,297.0,1505.0,12.006667137145996,11.975555419921875,3.720555543899536,3.0,3.0,11.0,425.2799987792969,2023,5,2023-05,1505.0,1492.0,2997.0,1802.0,23.98222255706787,6.0,27.702778100967407,17.0,0.2825780722786026,0.236004438834238,50.027779738108315,0.24986117843799113,49.89814758300781,0.25051030159397575,15.502314766248068,2.956547717191405,39.87320653987321,9.90990990990991,50.216883550216885,79.82678836416794,62.75481750779004,50.027779738108315,0.2501853189679337,49.791666666666664,3
2023-05-07,1181.0,352.0,1544.0,12.006667137145996,11.972777366638184,4.407777786254883,3.0,3.0,12.0,450.11199951171875,2023,5,2023-05,1544.0,1533.0,3077.0,1896.0,23.97944450378418,6.0,28.387222290039062,18.0,0.2915233157459318,0.23740084362432423,50.027779738108315,0.24986117843799113,49.88657236099243,0.25056842770328447,18.36574077606201,2.7224602922181185,38.38154046148846,11.439714007149822,50.17874553136171,79.85883523839814,64.38848071548706,50.027779738108315,0.2502143032985249,49.208333333333336,3
2023-05-08,1202.0,280.0,1492.0,12.006667137145996,11.975555419921875,3.5122222900390625,3.0,3.0,11.0,416.7040100097656,2023,5,2023-05,1492.0,1482.0,2974.0,1772.0,23.98222255706787,6.0,27.494444847106934,17.0,0.27929223191003055,0.23516027652921312,50.027779738108315,0.24986117843799113,49.89814758300781,0.25051030159397575,14.634259541829428,3.1319202179192533,40.41694687289845,9.41492938802959,50.16812373907196,79.72160554703554,62.21274931669285,50.027779738108315,0.2501853189679337,50.083333333333336,3
2023-05-09,1223.0,265.0,1503.0,12.006667137145996,11.973333358764648,3.321666717529297,3.0,3.0,10.0,414.1440124511719,2023,5,2023-05,1503.0,1488.0,2991.0,1768.0,23.980000495910645,6.0,27.30166721343994,16.0,0.27554491846385354,0.23424435093392074,50.027779738108315,0.24986117843799113,49.88888899485271,0.2505567923408695,13.840277989705404,3.0105368329782776,40.8893346706787,8.859913072550986,50.25075225677031,79.77922607392435,62.67722972967867,50.027779738108315,0.2502085019148849,50.958333333333336,3
2023-05-10,1276.0,191.0,1478.0,12.006667137145996,11.974444389343262,2.3916666507720947,3.0,3.0,8.0,384.2560119628906,2023,5,2023-05,1478.0,1467.0,2945.0,1669.0,23.981111526489258,6.0,26.372778177261353,14.0,0.2599837699342968,0.23023128338100096,50.027779738108315,0.24986117843799113,49.89351828893025,0.2505335448106361,9.965277711550396,3.3449477574215383,43.327674023769106,6.485568760611206,50.18675721561969,79.86062770843922,61.63183880644641,50.027779738108315,0.25019690990438326,53.166666666666664,3
2023-05-11,1235.0,306.0,1549.0,12.006667137145996,11.975555419921875,3.8372223377227783,3.0,3.0,12.0,432.89599609375,2023,5,2023-05,1549.0,1541.0,3090.0,1855.0,23.98222255706787,6.0,27.81944489479065,18.0,0.27946804137750164,0.23336711379716982,50.027779738108315,0.24986117843799113,49.89814758300781,0.25051030159397575,15.988426407178244,3.1272621036396524,39.967637540453076,9.902912621359224,50.1294498381877,79.74518364281113,64.58950984688822,50.027779738108315,0.2501853189679337,51.458333333333336,3
2023-05-12,1203.0,316.0,1533.0,12.006667137145996,11.978333473205566,3.9649999141693115,3.0,3.0,12.0,433.6000061035156,2023,5,2023-05,1533.0,1519.0,3052.0,1849.0,23.985000610351562,6.0,27.950000524520874,18.0,0.2828441005241459,0.23450514121336702,50.027779738108315,0.24986117843799113,49.90972280502319,0.2504522024462522,16.520832975705467,3.0264817805208106,39.416775884665796,10.35386631716907,50.22935779816514,79.69735355371469,63.91494521531846,50.027779738108315,0.25015634135153997,50.125,3
2023-05-13,1200.0,297.0,1507.0,12.006667137145996,11.975000381469727,3.7200000286102295,3.0,3.0,11.0,423.23199462890625,2023,5,2023-05,1507.0,1497.0,3004.0,1804.0,23.981667518615723,6.0,27.701667547225952,17.0,0.2808440574843439,0.23460753582533606,50.027779738108315,0.24986117843799113,49.89583492279053,0.2505219126875553,15.50000011920929,2.956989224569855,39.94673768308921,9.88681757656458,50.16644474034621,79.83870906338608,62.83966695936361,50.027779738108315,0.2501911093272606,50.0,3
2023-05-14,1182.0,352.0,1548.0,12.006667137145996,11.97611141204834,4.414999961853027,3.0,3.0,12.0,450.1759948730469,2023,5,2023-05,1548.0,1534.0,3082.0,1900.0,23.982778549194336,6.0,28.397778511047363,18.0,0.2908113661970587,0.23693473414370889,50.027779738108315,0.24986117843799113,49.90046421686809,0.2504986716290821,18.39583317438761,2.7180068185014115,38.35171966255678,11.421155094094743,50.22712524334848,79.72820000937473,64.54631588348643,50.027779738108315,0.250179518928242,49.25,3
2023-05-15,1111.0,517.0,1638.0,12.006667137145996,11.972222328186035,6.496110916137695,3.0,3.0,15.0,521.4080200195312,2023,5,2023-05,1638.0,1628.0,3266.0,2155.0,23.97888946533203,6.0,30.475000381469727,21.0,0.3183199145418384,0.24195267750326277,50.027779738108315,0.24986117843799113,49.88425970077515,0.250580044185877,27.0671288172404,2.3090738741447394,34.017146356399266,15.829761175750154,50.15309246785058,79.58607952885535,68.31008593488751,50.027779738108315,0.25022009499958797,46.291666666666664,3
2023-05-16,1259.0,197.0,1466.0,12.135555267333984,11.845000267028809,2.470555543899536,3.0,3.0,8.0,384.76800537109375,2023,5,2023-05,1466.0,1456.0,2922.0,1663.0,23.980555534362793,6.0,26.45111107826233,14.0,0.2624611223540885,0.2313698168196595,50.5648136138916,0.24720747703034926,49.3541677792867,0.25327141683150994,10.293981432914734,3.2381380858868543,43.086926762491444,6.741957563312799,50.171115674195754,79.73915036496379,61.13286232670065,50.5648136138916,0.2502027107504802,52.458333333333336,3
2023-05-17,1200.0,227.0,1439.0,12.008333206176758,11.973333358764648,2.8433332443237305,3.0,3.0,9.0,392.0639953613281,2023,5,2023-05,1439.0,1427.0,2866.0,1666.0,23.981666564941406,6.0,26.824999809265137,15.0,0.2724558689098875,0.23533253022888842,50.03472169240316,0.24982651201391398,49.88888899485271,0.2505567923408695,11.847221851348877,3.165299043988984,41.8702023726448,7.920446615491975,50.20935101186323,79.83587588727771,60.00417010649551,50.03472169240316,0.25019111927656223,50.0,3
2023-05-18,1202.0,258.0,1472.0,13.912221908569336,10.068888664245605,3.242222309112549,4.0,3.0,10.0,406.5920104980469,2023,5,2023-05,1472.0,1460.0,2932.0,1730.0,23.98111057281494,7.0,27.22333288192749,17.0,0.27621739843617316,0.23502428352488258,57.967591285705566,0.2875169779700085,41.95370276769002,0.29794747961142243,13.509259621302286,3.0843042353678607,40.99590723055935,8.799454297407912,50.20463847203275,79.57504927249082,61.381644337550554,57.967591285705566,0.291896406496504,50.083333333333336,3
2023-05-19,1164.0,339.0,1514.0,11.963333129882812,12.010000228881836,4.2572221755981445,3.0,3.0,12.0,439.3599853515625,2023,5,2023-05,1514.0,1503.0,3017.0,1853.0,23.97333335876465,6.0,28.230555534362793,18.0,0.29019814091912977,0.23710738551082702,49.84722137451172,0.2507662344122475,50.04166762034098,0.24979183537278818,17.738425731658936,2.8187394279731213,38.581372224063635,11.236327477626782,50.18230029830958,79.62938884024067,63.15350382622039,50.04166762034098,0.2502780864975709,48.5,3
2023-05-20,1162.0,292.0,1462.0,11.970000267028809,12.010000228881836,3.668888807296753,3.0,3.0,11.0,414.3999938964844,2023,5,2023-05,1462.0,1454.0,2916.0,1754.0,23.980000495910645,6.0,27.648889303207397,17.0,0.2834473282465693,0.23625997371521343,49.87500111262004,0.2506265608250199,50.04166762034098,0.24979183537278818,15.287036697069803,2.9981829861191214,39.84910836762688,10.013717421124829,50.13717421124828,79.58813017698031,60.967471633260296,50.04166762034098,0.2502085019148849,48.416666666666664,3
2023-05-21,1248.0,148.0,1408.0,11.966666221618652,12.010000228881836,1.8583333492279053,3.0,3.0,6.0,360.7040100097656,2023,5,2023-05,1408.0,1396.0,2804.0,1556.0,23.97666645050049,6.0,25.834999799728394,12.0,0.25618182529102673,0.23181491645871827,49.861109256744385,0.25069638815364315,50.04166762034098,0.24979183537278818,7.743055621782939,3.2286995239540106,44.50784593437946,5.2781740370898715,50.21398002853067,79.64125492419893,58.723759739778565,50.04166762034098,0.2502432943456473,52.0,3
2023-05-22,1168.0,332.0,1510.0,11.973333358764648,12.010000228881836,4.1727776527404785,3.0,3.0,12.0,435.8399963378906,2023,5,2023-05,1510.0,1500.0,3010.0,1842.0,23.983333587646484,6.0,28.156111240386963,18.0,0.28863575916416595,0.23661237586204703,49.88888899485271,0.2505567923408695,50.04166762034098,0.24979183537278818,17.386573553085327,2.8757822722998387,38.80398671096346,11.029900332225914,50.16611295681063,79.56330953362887,62.96038849152239,50.04166762034098,0.250173729105387,48.666666666666664,3
2023-05-23,1164.0,340.0,1518.0,11.970555305480957,12.010000228881836,4.282222270965576,3.0,3.0,12.0,438.0799865722656,2023,5,2023-05,1518.0,1504.0,3022.0,1858.0,23.980555534362793,6.0,28.26277780532837,18.0,0.28859024148370593,0.23578040181499765,49.877313772837326,0.25061494002925583,50.04166762034098,0.24979183537278818,17.842592795689903,2.8022833100847384,38.5175380542687,11.250827266710788,50.23163467902052,79.39802711906759,63.30128581987148,50.04166762034098,0.2502027107504802,48.5,3
2023-05-24,1129.0,336.0,1477.0,9.496110916137695,12.010555267333984,4.221111297607422,4.0,4.0,13.0,404.09600830078125,2023,5,2023-05,1477.0,1465.0,2942.0,1813.0,21.50666618347168,8.0,25.7277774810791,21.0,0.2735924226816393,0.22288803546650923,39.5671288172404,0.4212250715398025,50.043980280558266,0.3330403891383026,17.587963740030922,3.079757694938904,38.37525492861998,11.42080217539089,50.203942895989115,79.59989119226707,68.67638096020225,50.043980280558266,0.3719776896964238,47.041666666666664,3
2023-05-25,1165.0,318.0,1492.0,11.970555305480957,12.010000228881836,3.9961111545562744,3.0,3.0,12.0,426.8160095214844,2023,5,2023-05,1492.0,1483.0,2975.0,1810.0,23.980555534362793,6.0,27.976666688919067,18.0,0.28606971147552573,0.23580995001186983,49.877313772837326,0.25061494002925583,50.04166762034098,0.24979183537278818,16.650463143984474,3.0029194724270556,39.15966386554622,10.689075630252102,50.15126050420168,79.57736601931697,62.217074073286064,50.04166762034098,0.2502027107504802,48.541666666666664,3
2023-05-26,1131.0,357.0,1495.0,11.974444389343262,12.010000228881836,4.491666793823242,3.0,3.0,13.0,439.10400390625,2023,5,2023-05,1495.0,1488.0,2983.0,1852.0,23.984444618225098,6.0,28.47611141204834,19.0,0.29371505278010035,0.23709719433382828,49.89351828893025,0.2505335448106361,50.04166762034098,0.24979183537278818,18.71527830759684,2.894248526599763,37.91485082132082,11.967817633255112,50.11733154542407,79.48051723047041,62.332066628884625,50.04166762034098,0.2501621403165938,47.125,3
2023-05-27,1108.0,388.0,1507.0,10.993888854980469,12.010000228881836,4.881666660308838,4.0,4.0,13.0,443.3919982910156,2023,5,2023-05,1507.0,1496.0,3003.0,1895.0,23.003889083862305,8.0,27.885555744171143,21.0,0.29422163124818557,0.23397994632771274,45.80787022908528,0.363838497256402,50.04166762034098,0.3330557804970509,20.340277751286827,2.6630249266502677,36.896436896436896,12.920412920412922,50.18315018315018,79.48105165694645,65.51066189313141,50.04166762034098,0.3477672827770745,46.166666666666664,3
2023-05-28,1118.0,439.0,1570.0,11.964444160461426,12.010000228881836,5.5316667556762695,3.0,3.0,14.0,480.447998046875,2023,5,2023-05,1570.0,1557.0,3127.0,2009.0,23.97444438934326,6.0,29.50611114501953,20.0,0.3060178331508758,0.2391478337714659,49.85185066858928,0.25074294800204916,50.04166762034098,0.24979183537278818,23.04861148198446,2.5308827552986677,35.75311800447714,14.039015030380556,50.20786696514231,79.36125211257966,65.48639770345925,50.04166762034098,0.2502664880386978,46.583333333333336,3
2023-05-29,1165.0,346.0,1517.0,11.969444274902344,12.010000228881836,4.352222442626953,3.0,3.0,13.0,439.42401123046875,2023,5,2023-05,1517.0,1511.0,3028.0,1863.0,23.97944450378418,6.0,28.331666946411133,19.0,0.28966645433781724,0.23586903447690216,49.872684478759766,0.2506382026683086,50.04166762034098,0.24979183537278818,18.134260177612305,2.986979680237425,38.474240422721266,11.42668428005284,50.099075297225895,79.4996130278576,63.26251635064371,50.04166762034098,0.2502143032985249,48.541666666666664,3
2023-05-30,1173.0,327.0,1509.0,11.97611141204834,12.010000228881836,4.115555763244629,3.0,3.0,12.0,433.6000061035156,2023,5,2023-05,1509.0,1500.0,3009.0,1836.0,23.986111640930176,6.0,28.101667404174805,18.0,0.28734261504540465,0.23616558066640284,49.90046421686809,0.2504986716290821,50.04166762034098,0.24979183537278818,17.148149013519287,2.9157665915184734,38.983050847457626,10.867397806580259,50.14955134596212,79.45463961887839,62.91140567464987,50.04166762034098,0.25014475417355814,48.875,3
2023-05-31,1142.0,286.0,1440.0,11.970555305480957,12.010000228881836,3.6016666889190674,3.0,3.0,11.0,409.47198486328125,2023,5,2023-05,1440.0,1428.0,2868.0,1726.0,23.980555534362793,6.0,27.58222222328186,17.0,0.28435554504394533,0.2372375346832452,49.877313772837326,0.25061494002925583,50.04166762034098,0.24979183537278818,15.00694453716278,3.0541415822410043,39.8186889818689,9.9721059972106,50.2092050209205,79.40768113826611,60.048650580115236,50.04166762034098,0.2502027107504802,47.583333333333336,3
2023-06-01,1124.0,339.0,1472.0,11.151110649108887,12.83388900756836,4.2588887214660645,4.0,4.0,12.0,433.2799987792969,2023,6,2023-06,1472.0,1463.0,2935.0,1811.0,23.984999656677246,8.0,28.24388837814331,20.0,0.2943478252576745,0.23924903300899883,46.46296103795369,0.3587086637257653,53.47453753153483,0.31167481638972666,17.74536967277527,2.8176364269666014,38.29642248722317,11.550255536626915,50.15332197614991,79.59822906180649,61.37169151846146,53.47453753153483,0.3335418017307688,46.833333333333336,3
2023-06-02,1168.0,250.0,1432.0,10.44444465637207,13.512222290039062,3.1405556201934814,4.0,5.0,10.0,395.5840148925781,2023,6,2023-06,1432.0,1418.0,2850.0,1682.0,23.956666946411133,9.0,27.097222566604614,19.0,0.276245820455711,0.2351866913748978,43.51851940155029,0.3829787156332561,56.300926208496094,0.37003535707711815,13.08564841747284,3.184149943309689,40.98245614035088,8.771929824561402,50.24561403508771,79.60374858274223,59.7745923171722,56.300926208496094,0.3756783036693783,48.666666666666664,3
2023-06-03,1146.0,288.0,1441.0,12.008333206176758,11.980555534362793,3.613333225250244,3.0,3.0,11.0,409.66400146484375,2023,6,2023-06,1441.0,1434.0,2875.0,1729.0,23.98888874053955,6.0,27.602221965789795,17.0,0.28429146527747656,0.23693695862628325,50.03472169240316,0.24982651201391398,49.9189813931783,0.2504057505009145,15.05555510520935,3.0442805338658427,39.86086956521739,10.017391304347827,50.12173913043478,79.70479943212388,60.06947698101623,50.03472169240316,0.2501157958959732,47.75,3
2023-06-04,1139.0,290.0,1443.0,12.008333206176758,11.975000381469727,3.6449999809265137,3.0,3.0,11.0,410.4320068359375,2023,6,2023-06,1443.0,1429.0,2872.0,1733.0,23.983333587646484,6.0,27.628333568572998,17.0,0.2844296651669699,0.23683324110556117,50.03472169240316,0.24982651201391398,49.89583492279053,0.2505219126875553,15.18749992052714,3.0178326632539343,39.65877437325906,10.097493036211699,50.24373259052924,79.56104294033099,60.16678184984556,50.03472169240316,0.250173729105387,47.458333333333336,3
2023-06-05,1099.0,404.0,1508.0,12.008333206176758,11.978888511657715,5.086666584014893,3.0,3.0,14.0,456.57598876953125,2023,6,2023-06,1508.0,1503.0,3011.0,1912.0,23.987221717834473,6.0,29.073888301849365,20.0,0.3027692233219703,0.23879497320582177,50.03472169240316,0.24982651201391398,49.91203546524048,0.2504405978134311,21.19444410006205,2.7522936227028736,36.49950182663567,13.417469279309199,50.083028894055126,79.42333025514007,62.866805407430896,50.03472169240316,0.25013317801365076,45.791666666666664,3
2023-06-06,1070.0,456.0,1542.0,12.008333206176758,11.973333358764648,5.736666679382324,3.0,3.0,15.0,478.52801513671875,2023,6,2023-06,1542.0,1526.0,3068.0,1998.0,23.981666564941406,6.0,29.71833324432373,21.0,0.3103294520990394,0.23950351107943882,50.03472169240316,0.24982651201391398,49.88888899485271,0.2505567923408695,23.902777830759682,2.6147588553314853,34.876140808344196,14.863102998696217,50.26075619295959,79.48866920207716,64.2991176540765,50.03472169240316,0.25019111927656223,44.583333333333336,3
2023-06-07,1058.0,516.0,1566.0,12.008333206176758,11.97944450378418,6.493333339691162,3.0,3.0,16.0,501.760009765625,2023,6,2023-06,1566.0,1574.0,3140.0,2082.0,23.987777709960938,6.0,30.4811110496521,22.0,0.3204086907826469,0.24099904407570846,50.03472169240316,0.24982651201391398,49.91435209910075,0.25042897431949634,27.05555558204651,2.464065706006246,33.69426751592356,16.43312101910828,49.87261146496815,79.46611901870143,65.28324628211465,50.03472169240316,0.2501273803912439,44.083333333333336,3
2023-06-08,1026.0,520.0,1564.0,12.008333206176758,11.971111297607422,6.546666622161865,3.0,3.0,16.0,502.78399658203125,2023,6,2023-06,1564.0,1546.0,3110.0,2084.0,23.97944450378418,6.0,30.526111125946045,22.0,0.3214731435946491,0.24125911544243342,50.03472169240316,0.24982651201391398,49.879630406697586,0.25060330034685985,27.277777592341106,2.443991869974955,32.9903536977492,16.720257234726688,50.28938906752411,79.42973577418604,65.22252839314882,50.03472169240316,0.2502143032985249,42.75,3
2023-06-09,1039.0,537.0,1580.0,12.008333206176758,11.977777481079102,6.760555744171143,3.0,3.0,17.0,510.0159912109375,2023,6,2023-06,1580.0,1576.0,3156.0,2117.0,23.98611068725586,6.0,30.746666431427002,23.0,0.322794931146163,0.24091449750162375,50.03472169240316,0.24982651201391398,49.90740617116292,0.2504638280965731,28.16898226737976,2.5145861735785795,32.92141951837769,17.015209125475288,50.06337135614702,79.43133971833514,65.87145455138231,50.03472169240316,0.25014476411917336,43.291666666666664,3
2023-06-10,1020.0,579.0,1604.0,9.29111099243164,14.692777633666992,7.294444561004639,4.0,3.0,17.0,530.5599975585938,2023,6,2023-06,1604.0,1599.0,3203.0,2183.0,23.983888626098633,7.0,31.27833318710327,24.0,0.3307730658095971,0.24304168463517808,38.712962468465165,0.4305190200890209,61.2199068069458,0.20418195080593937,30.393519004185993,2.3305407091418964,31.84514517639713,18.076802997190132,50.07805182641274,79.375474740774,66.8782291731696,61.2199068069458,0.29186259614226134,42.5,3
2023-06-11,1048.0,553.0,1607.0,11.96833324432373,12.010000228881836,6.959444522857666,3.0,3.0,16.0,521.5360107421875,2023,6,2023-06,1607.0,1601.0,3208.0,2160.0,23.978333473205566,6.0,30.937777996063232,22.0,0.32454014358567984,0.2414518568250868,49.868055184682206,0.25066146962634267,50.04166762034098,0.24979183537278818,28.99768551190694,2.299034060469833,32.66832917705736,17.23815461346633,50.093516209476306,79.4603647149886,67.01883605863317,50.04166762034098,0.2502258969208457,43.666666666666664,3
2023-06-12,1077.0,492.0,1589.0,11.967778205871582,12.010000228881836,6.205555438995361,3.0,3.0,16.0,497.8559875488281,2023,6,2023-06,1589.0,1569.0,3158.0,2081.0,23.977778434753418,6.0,30.18333387374878,22.0,0.3133140261477836,0.23923882150352144,49.86574252446492,0.2506730947376809,50.04166762034098,0.24979183537278818,25.856480995814007,2.5783348738546272,34.10386320455985,15.5794806839772,50.316656111462954,79.28379737102978,66.26969234551362,50.04166762034098,0.2502316891586417,44.875,3
2023-06-13,1143.0,409.0,1563.0,11.969444274902344,12.010000228881836,5.146666526794434,3.0,3.0,14.0,467.7760009765625,2023,6,2023-06,1563.0,1552.0,3115.0,1972.0,23.97944450378418,6.0,29.126111030578613,20.0,0.29928087074636117,0.2372089254445043,49.872684478759766,0.2506382026683086,50.04166762034098,0.24979183537278818,21.44444386164347,2.7202073278137577,36.69341894060995,13.130016051364365,50.17656500802568,79.46891407684478,65.18082600926573,50.04166762034098,0.2502143032985249,47.625,3
2023-06-14,1075.0,525.0,1605.0,11.95555591583252,12.010000228881836,6.617222309112549,3.0,3.0,16.0,512.5120239257812,2023,6,2023-06,1605.0,1600.0,3205.0,2130.0,23.965556144714355,6.0,30.582778453826904,22.0,0.31932213328709114,0.2406159736740757,49.81481631596883,0.2509293604680612,50.04166762034098,0.24979183537278818,27.571759621302288,2.417932971356647,33.541341653666144,16.380655226209047,50.078003120124805,79.33842562263999,66.97111430706295,50.04166762034098,0.2503593058207961,44.791666666666664,3
2023-06-15,1167.0,324.0,1502.0,11.97611141204834,12.010000228881836,4.081666469573975,3.0,3.0,12.0,430.52801513671875,2023,6,2023-06,1502.0,1491.0,2993.0,1826.0,23.986111640930176,6.0,28.06777811050415,18.0,0.28663649476479275,0.23577656907815922,49.90046421686809,0.2504986716290821,50.04166762034098,0.24979183537278818,17.006943623224892,2.939975642167672,38.9909789508854,10.825258937520882,50.18376211159372,79.37934233852714,62.619570128114056,50.04166762034098,0.25014475417355814,48.625,3
2023-06-16,1170.0,288.0,1468.0,11.973889350891113,12.010000228881836,3.6227777004241943,3.0,3.0,11.0,413.1839904785156,2023,6,2023-06,1468.0,1458.0,2926.0,1756.0,23.98388957977295,6.0,27.606667280197144,17.0,0.2814604839771905,0.23529840004471278,49.89120562871297,0.25054515805900074,50.04166762034098,0.24979183537278818,15.09490708510081,3.0363441838322016,39.98632946001367,9.842788790157211,50.17088174982912,79.49701135851582,61.20775344287994,50.04166762034098,0.2501679296030515,48.75,3
2023-06-17,1148.0,341.0,1493.0,11.968889236450195,12.010000228881836,4.293333530426025,3.0,3.0,13.0,433.1520080566406,2023,6,2023-06,1493.0,1489.0,2982.0,1834.0,23.97888946533203,6.0,28.272222995758057,19.0,0.2901219076065912,0.23617884844964046,49.87037181854248,0.25064982562155935,50.04166762034098,0.24979183537278818,17.888889710108437,3.0279501715558577,38.497652582159624,11.435278336686787,50.06706908115359,79.42546219234981,62.26310030573081,50.04166762034098,0.25022009499958797,47.833333333333336,3
2023-06-18,1122.0,359.0,1495.0,11.96833324432373,12.010000228881836,4.52222204208374,3.0,3.0,13.0,440.0,2023,6,2023-06,1495.0,1481.0,2976.0,1854.0,23.978333473205566,6.0,28.500555515289307,19.0,0.29431438127090304,0.2373247033441208,49.868055184682206,0.25066146962634267,50.04166762034098,0.24979183537278818,18.842591842015587,2.8746929892035746,37.70161290322581,12.063172043010754,50.23521505376344,79.38575254800641,62.34795264944405,50.04166762034098,0.2502258969208457,46.75,3
2023-06-19,1057.0,505.0,1570.0,11.977777481079102,12.010000228881836,6.364999771118164,3.0,3.0,16.0,499.00799560546875,2023,6,2023-06,1570.0,1562.0,3132.0,2075.0,23.987777709960938,6.0,30.3527774810791,22.0,0.31783948764679537,0.24048578101468374,49.90740617116292,0.2504638280965731,50.04166762034098,0.24979183537278818,26.520832379659016,2.5137471445956105,33.748403575989784,16.12388250319285,50.12771392081737,79.34014425129897,65.44999786904215,50.04166762034098,0.2501273803912439,44.041666666666664,3
2023-06-20,1017.0,579.0,1602.0,11.972777366638184,12.010000228881836,7.30055570602417,3.0,3.0,17.0,528.1920166015625,2023,6,2023-06,1602.0,1596.0,3198.0,2181.0,23.98277759552002,6.0,31.28333330154419,23.0,0.3297078755315621,0.2421788246683001,49.88657236099243,0.25056842770328447,50.04166762034098,0.24979183537278818,30.41898210843404,2.3285898614501606,31.801125703564725,18.105065666041277,50.093808630394,79.30903116350841,66.79793421005803,50.04166762034098,0.2501795288766218,42.375,3
2023-06-21,980.0,614.0,1602.0,11.9622220993042,12.010000228881836,7.747777938842773,3.0,3.0,17.0,540.2880249023438,2023,6,2023-06,1602.0,1594.0,3196.0,2216.0,23.972222328186035,6.0,31.72000026702881,23.0,0.3372584425108263,0.2438122856057508,49.84259208043416,0.2507895251480492,50.04166762034098,0.24979183537278818,32.28240807851155,2.1941774963337632,30.663329161451813,19.211514392991237,50.125156445556954,79.24852839699591,66.82734617042168,50.04166762034098,0.25028968603154184,40.833333333333336,3
2023-06-22,968.0,677.0,1655.0,11.970555305480957,12.010000228881836,8.551111221313477,3.0,3.0,18.0,569.9840087890625,2023,6,2023-06,1655.0,1645.0,3300.0,2332.0,23.980555534362793,6.0,32.53166675567627,24.0,0.3444012137698263,0.2444185286402498,49.877313772837326,0.25061494002925583,50.04166762034098,0.24979183537278818,35.62963008880615,2.1049895778615713,29.333333333333332,20.515151515151516,50.15151515151515,79.17099690068243,69.01424771534077,50.04166762034098,0.2502027107504802,40.333333333333336,3
2023-06-23,947.0,727.0,1674.0,15.435555458068848,8.54444408416748,9.18388843536377,3.0,3.0,20.0,588.416015625,2023,6,2023-06,1674.0,1674.0,3348.0,2401.0,23.979999542236328,6.0,33.1638879776001,26.0,0.3515029961917563,0.24507122683256977,64.31481440862021,0.19435646537953172,35.60185035069783,0.3511053464038558,38.2662018140157,2.177726802841743,28.285543608124254,21.714456391875746,50.0,79.16036928329736,69.80817481049401,64.31481440862021,0.2502085118655699,39.458333333333336,3
2023-06-24,974.0,724.0,1706.0,12.452777862548828,11.521111488342285,9.151110649108887,3.0,4.0,18.0,591.8079833984375,2023,6,2023-06,1706.0,1698.0,3404.0,2430.0,23.973889350891113,7.0,33.125,25.0,0.34689799730271836,0.243542379999357,51.88657442728678,0.24091010320053693,48.00463120142619,0.34718872428649156,38.12962770462036,1.9669743586537003,28.613396004700352,21.26909518213866,50.11750881316098,79.11607975918217,71.16075222632108,51.88657442728678,0.29198432918185674,40.583333333333336,3
2023-06-25,1053.0,561.0,1631.0,12.006667137145996,11.978333473205566,7.073333263397217,3.0,3.0,17.0,526.1439819335938,2023,6,2023-06,1631.0,1614.0,3245.0,2192.0,23.985000610351562,6.0,31.05833387374878,23.0,0.3225898111180832,0.2400291888383183,50.027779738108315,0.24986117843799113,49.90972280502319,0.2504522024462522,29.472221930821735,2.403393049210741,32.449922958397536,17.28813559322034,50.26194144838213,79.31197062395447,68.00083212406028,50.027779738108315,0.25015634135153997,43.875,3
2023-06-26,1031.0,722.0,1749.0,12.006667137145996,11.97166633605957,9.118888854980469,3.0,3.0,18.0,601.1519775390625,2023,6,2023-06,1749.0,1753.0,3502.0,2471.0,23.978333473205566,6.0,33.097222328186035,24.0,0.343711822492317,0.2432828723347076,50.027779738108315,0.24986117843799113,49.88194306691487,0.25059168170798174,37.99537022908528,1.9739247057681737,29.440319817247286,20.616790405482583,49.94288977727013,79.17631319803452,72.94084895242652,50.027779738108315,0.2502258969208457,42.958333333333336,3
2023-06-27,983.0,691.0,1689.0,8.774444580078125,14.612222671508789,8.737777709960938,5.0,5.0,18.0,574.4639892578125,2023,6,2023-06,1689.0,1674.0,3363.0,2380.0,23.386667251586914,10.0,32.12444496154785,28.0,0.34012077516744377,0.2413714240579044,36.560185750325516,0.5698366380194838,60.88426113128662,0.3421792914331303,36.407407124837235,2.0600203618684723,29.229854296758845,20.54713053820993,50.22301516503123,79.08189278061745,72.2206367341799,60.88426113128662,0.42759406000106515,40.958333333333336,3
2023-06-28,995.0,674.0,1685.0,11.937222480773926,12.010000228881836,8.519444465637207,3.0,3.0,17.0,574.5919799804688,2023,6,2023-06,1685.0,1669.0,3354.0,2359.0,23.94722270965576,6.0,32.46666717529297,23.0,0.3410041424216432,0.24357438744403084,49.738427003224686,0.25131474300925494,50.04166762034098,0.24979183537278818,35.49768527348836,1.99543527381025,29.666070363744783,20.095408467501493,50.23852116875373,79.1131396793005,70.36306549738609,50.04166762034098,0.2505509750648763,41.458333333333336,3
2023-06-29,961.0,702.0,1672.0,11.972222328186035,12.010000228881836,8.87166690826416,3.0,3.0,17.0,579.52001953125,2023,6,2023-06,1672.0,1663.0,3335.0,2374.0,23.98222255706787,6.0,32.85388946533203,23.0,0.34660288249476673,0.2441112129449242,49.88425970077515,0.250580044185877,50.04166762034098,0.24979183537278818,36.965278784434005,1.916212609849465,28.81559220389805,21.049475262368816,50.134932533733135,79.12830894790143,69.71830888573086,50.04166762034098,0.2501853189679337,40.041666666666664,3
2023-06-30,919.0,797.0,1721.0,11.970000267028809,12.010000228881836,10.071110725402832,3.0,3.0,20.0,615.10400390625,2023,6,2023-06,1721.0,1716.0,3437.0,2518.0,23.980000495910645,6.0,34.05111122131348,26.0,0.3574108099397153,0.2442827656498213,49.87500111262004,0.2506265608250199,50.04166762034098,0.24979183537278818,41.96296135584514,1.985878275526558,26.738434681408208,23.18882746581321,50.07273785277858,79.13724927973334,71.76813863258616,50.04166762034098,0.2502085019148849,38.291666666666664,3
2023-07-01,911.0,793.0,1700.0,11.975000381469727,12.010000228881836,10.024444580078125,3.0,3.0,19.0,612.3519897460938,2023,7,2023-07,1700.0,1704.0,3404.0,2493.0,23.985000610351562,6.0,34.00944519042969,25.0,0.36020705279181986,0.24562855585483104,49.89583492279053,0.2505219126875553,50.04166762034098,0.24979183537278818,41.76851908365886,1.8953668553127883,26.762632197414803,23.296122209165688,49.94124559341951,79.106627171739,70.87763004960298,50.04166762034098,0.25015634135153997,37.958333333333336,3
2023-07-02,934.0,764.0,1706.0,11.963889122009277,12.010000228881836,9.656110763549805,3.0,3.0,19.0,604.2239990234375,2023,7,2023-07,1706.0,1698.0,3404.0,2470.0,23.973889350891113,6.0,33.63000011444092,25.0,0.35417584936895513,0.24462510081920547,49.849538008371994,0.2507545806723562,50.04166762034098,0.24979183537278818,40.23379484812419,1.9676659128354044,27.438307873090483,22.444183313748532,50.11750881316098,79.12088196874994,71.16075222632108,50.04166762034098,0.25027228215587716,38.916666666666664,3
2023-07-03,938.0,793.0,1740.0,11.969444274902344,12.010000228881836,10.024444580078125,3.0,3.0,18.0,621.5040283203125,2023,7,2023-07,1740.0,1731.0,3471.0,2533.0,23.97944450378418,6.0,34.003889083862305,24.0,0.3571862231725934,0.2453628220767124,49.872684478759766,0.2506382026683086,50.04166762034098,0.24979183537278818,41.76851908365886,1.7956107050331678,27.02391241717084,22.846441947565545,50.12964563526361,79.106627171739,72.56214795657222,50.04166762034098,0.2502143032985249,39.083333333333336,3
2023-07-04,960.0,768.0,1730.0,11.96833324432373,12.010000228881836,9.70888900756836,3.0,3.0,17.0,614.1439819335938,2023,7,2023-07,1730.0,1728.0,3458.0,2498.0,23.978333473205566,6.0,33.687222480773926,23.0,0.35499652134889814,0.245854276194393,49.868055184682206,0.25066146962634267,50.04166762034098,0.24979183537278818,40.45370419820149,1.7509727412423821,27.761711972238288,22.209369577790632,50.02891844997108,79.1027685455382,72.1484669455105,50.04166762034098,0.2502258969208457,40.0,3
2023-07-05,928.0,810.0,1750.0,11.972777366638184,12.010000228881836,10.231666564941406,3.0,3.0,18.0,625.6640014648438,2023,7,2023-07,1750.0,1738.0,3488.0,2560.0,23.98277759552002,6.0,34.214444160461426,24.0,0.3575222865513393,0.2444000005722046,49.88657236099243,0.25056842770328447,50.04166762034098,0.24979183537278818,42.63194402058919,1.7592441940667445,26.605504587155966,23.222477064220186,50.17201834862385,79.1659887330035,72.96902925568136,50.04166762034098,0.2501795288766218,38.666666666666664,3
2023-07-06,981.0,738.0,1727.0,11.824444770812988,12.149999618530273,9.318333625793457,3.0,4.0,19.0,604.927978515625,2023,7,2023-07,1727.0,1719.0,3446.0,2465.0,23.97444438934326,7.0,33.29277801513672,26.0,0.3502767681040098,0.24540688783595335,49.26851987838745,0.253711701322762,50.62499841054281,0.3292181173322424,38.82639010747273,2.038991171920199,28.46778874056878,21.416134648868255,50.11607661056298,79.19870973037405,72.03503747380518,50.62499841054281,0.29197756937848074,40.875,3
2023-07-07,996.0,758.0,1764.0,11.975000381469727,12.010000228881836,9.585556030273438,3.0,3.0,17.0,618.9439697265625,2023,7,2023-07,1764.0,1754.0,3518.0,2522.0,23.985000610351562,6.0,33.570556640625,23.0,0.3508752662848994,0.2454179102801596,49.89583492279053,0.2505219126875553,50.04166762034098,0.24979183537278818,39.939816792805985,1.7735017088534046,28.311540648095505,21.546333143831724,50.14212620807277,79.07731148887534,73.54596435735274,50.04166762034098,0.25015634135153997,41.5,3
2023-07-08,992.0,773.0,1771.0,11.961111068725586,12.010000228881836,9.771666526794434,3.0,3.0,18.0,619.3280029296875,2023,7,2023-07,1771.0,1765.0,3536.0,2544.0,23.971111297607422,6.0,33.742777824401855,24.0,0.3497052529247247,0.24344654203210986,49.83796278635661,0.25081282021065954,50.04166762034098,0.24979183537278818,40.71527719497681,1.8420604050131095,28.054298642533936,21.86085972850679,50.084841628959275,79.10626072639631,73.88059644013104,50.04166762034098,0.2503012866407602,41.333333333333336,3
2023-07-09,978.0,760.0,1742.0,11.97611141204834,12.010000228881836,9.604999542236328,3.0,3.0,16.0,614.0159912109375,2023,7,2023-07,1742.0,1738.0,3480.0,2502.0,23.986111640930176,6.0,33.591111183166504,22.0,0.3524776068949125,0.24541006842963128,49.90046421686809,0.2504986716290821,50.04166762034098,0.24979183537278818,40.020831425984696,1.665799142378171,28.10344827586207,21.839080459770116,50.05747126436781,79.12545926296312,72.62536029505638,50.04166762034098,0.25014475417355814,40.75,3
2023-07-10,1002.0,783.0,1798.0,11.966666221618652,12.010000228881836,9.89555549621582,3.0,3.0,17.0,631.8720092773438,2023,7,2023-07,1798.0,1785.0,3583.0,2581.0,23.97666645050049,6.0,33.87222194671631,23.0,0.3514304834690455,0.2448167412930429,49.861109256744385,0.25069638815364315,50.04166762034098,0.24979183537278818,41.23148123423259,1.7179429701042053,27.965392129500415,21.853195646106617,50.181412224392965,79.12643209362311,74.98957387224564,50.04166762034098,0.2502432943456473,41.75,3
2023-07-11,960.0,815.0,1790.0,11.977222442626953,12.010000228881836,10.296667098999023,3.0,3.0,16.0,642.4320068359375,2023,7,2023-07,1790.0,1775.0,3565.0,2605.0,23.98722267150879,6.0,34.28388977050781,22.0,0.35890056247817737,0.24661497383337333,49.90509351094563,0.250475434882381,50.04166762034098,0.24979183537278818,42.9027795791626,1.5539008735705768,26.928471248246844,22.861150070126225,50.210378681626935,79.15182574750126,74.6230618072388,50.04166762034098,0.25013316806895686,40.0,3
2023-07-12,970.0,820.0,1800.0,11.967778205871582,12.010000228881836,10.359999656677246,3.0,3.0,17.0,642.9439697265625,2023,7,2023-07,1800.0,1790.0,3590.0,2620.0,23.977778434753418,6.0,34.337778091430664,23.0,0.3571910942925347,0.2453984617276956,49.86574252446492,0.2506730947376809,50.04166762034098,0.24979183537278818,43.1666652361552,1.6409266953057406,27.019498607242337,22.841225626740947,50.13927576601671,79.15058177357102,75.06950674759251,50.04166762034098,0.2502316891586417,40.416666666666664,3
2023-07-13,576.0,1260.0,1832.0,11.976666450500488,12.010000228881836,15.925555229187012,3.0,3.0,7.0,775.4240112304688,2023,7,2023-07,1832.0,1836.0,3668.0,3092.0,23.986666679382324,6.0,39.912221908569336,13.0,0.42326638167602004,0.2507839622349511,49.90277687708537,0.25048706268968807,50.04166762034098,0.24979183537278818,66.35648012161255,0.43954511470789986,15.703380588876772,34.35114503816794,49.94547437295529,79.11812064742197,76.37576427301967,50.04166762034098,0.25013896595967144,24.0,3
2023-07-14,326.0,1445.0,1772.0,11.971111297607422,12.010000228881836,18.252777099609375,3.0,3.0,16.0,813.6320190429688,2023,7,2023-07,1772.0,1771.0,3543.0,3217.0,23.981111526489258,6.0,42.23388862609863,22.0,0.45916028162695754,0.2529163876415818,49.879630406697586,0.25060330034685985,50.04166762034098,0.24979183537278818,76.05323791503906,0.8765789398886821,9.201241885407846,40.784645780412085,50.01411233418007,79.16603550869661,73.89148739176119,50.04166762034098,0.25019690990438326,13.583333333333334,3
2023-07-15,326.0,1526.0,1848.0,11.972222328186035,12.010000228881836,19.29222297668457,3.0,3.0,13.0,857.0880126953125,2023,7,2023-07,1848.0,1852.0,3700.0,3374.0,23.98222255706787,6.0,43.27444553375244,19.0,0.46379221466196563,0.2540272711011596,49.88425970077515,0.250580044185877,50.04166762034098,0.24979183537278818,80.38426240285239,0.673846659128449,8.81081081081081,41.24324324324324,49.945945945945944,79.09923091000101,77.05707824212358,50.04166762034098,0.2501853189679337,13.583333333333334,3
2023-07-16,355.0,1496.0,1859.0,14.469444274902344,9.317777633666992,18.90333366394043,4.0,3.0,15.0,847.8079833984375,2023,7,2023-07,1859.0,1851.0,3710.0,3355.0,23.787221908569336,7.0,42.690555572509766,22.0,0.4560559351255715,0.25269984602039863,60.28935114542643,0.2764446183284393,38.82407347361247,0.32196518504159194,78.76389026641846,0.793510830770218,9.568733153638814,40.32345013477089,50.10781671159029,79.1394801888164,78.1512026560065,60.28935114542643,0.29427564206134776,14.791666666666666,3
2023-07-17,349.0,1474.0,1827.0,11.97611141204834,12.010000228881836,18.633333206176758,3.0,3.0,16.0,833.4719848632812,2023,7,2023-07,1827.0,1823.0,3650.0,3301.0,23.986111640930176,6.0,42.619444847106934,22.0,0.45619703604996237,0.2524907557901488,49.90046421686809,0.2504986716290821,50.04166762034098,0.24979183537278818,77.63888835906982,0.8586762133731481,9.561643835616438,40.38356164383561,50.054794520547944,79.10554615700127,76.16907764584845,50.04166762034098,0.25014475417355814,14.541666666666666,3
2023-07-18,319.0,1487.0,1814.0,12.166666984558105,11.806111335754395,18.79888916015625,3.0,3.0,16.0,832.3200073242188,2023,7,2023-07,1814.0,1806.0,3620.0,3301.0,23.9727783203125,6.0,42.77166748046875,22.0,0.4588313160552474,0.25214177743841826,50.694445768992104,0.2465753360232174,49.19213056564331,0.2541056843089905,78.32870483398438,0.8511141197593515,8.812154696132596,41.07734806629834,50.110497237569064,79.10041850513473,75.66916006823331,50.694445768992104,0.25028388115181915,13.291666666666666,3
2023-07-19,320.0,1534.0,1857.0,12.255555152893066,11.72166633605957,19.38277816772461,3.0,4.0,13.0,860.47998046875,2023,7,2023-07,1857.0,1854.0,3711.0,3391.0,23.977221488952637,7.0,43.359999656677246,20.0,0.463371018023021,0.25375404909134475,51.06481313705444,0.24478695273888226,48.840276400248214,0.3412484100229614,80.76157569885254,0.6706984874669337,8.623012665049853,41.336566963082724,50.04042037186742,79.14242152109817,77.44850673609541,51.06481313705444,0.2919437518323467,13.333333333333334,3
2023-07-20,284.0,1560.0,1842.0,12.006667137145996,11.970555305480957,19.709444046020508,3.0,3.0,12.0,864.89599609375,2023,7,2023-07,1842.0,1844.0,3686.0,3402.0,23.977222442626953,6.0,43.68666648864746,18.0,0.46954180026805103,0.25423162730562904,50.027779738108315,0.24986117843799113,49.877313772837326,0.25061494002925583,82.12268352508545,0.6088451795992132,7.70482908301682,42.322300596852955,49.97287032013023,79.14987334789772,76.82290992660073,50.027779738108315,0.25023749161759196,11.833333333333334,3
2023-07-21,280.0,1534.0,1820.0,12.09333324432373,11.890000343322754,19.38111114501953,3.0,3.0,14.0,847.4879760742188,2023,7,2023-07,1820.0,1814.0,3634.0,3354.0,23.983333587646484,6.0,43.364444732666016,20.0,0.4656527341067136,0.2526797781974415,50.38888851801554,0.24807056411912864,49.541668097178146,0.25231286067075304,80.7546297709147,0.7223528050195231,7.705008255365987,42.212438084755085,50.082553659878926,79.14922877856775,75.88603116196738,50.38888851801554,0.250173729105387,11.666666666666666,3
2023-07-22,299.0,1532.0,1833.0,12.006667137145996,11.973889350891113,19.34666633605957,3.0,3.0,14.0,855.0399780273438,2023,7,2023-07,1833.0,1831.0,3664.0,3365.0,23.98055648803711,6.0,43.32722282409668,20.0,0.46647025533406644,0.25409806182090455,50.027779738108315,0.24986117843799113,49.89120562871297,0.25054515805900074,80.61110973358154,0.7236388821109657,8.16048034934498,41.81222707423581,50.027292576419214,79.18676909957139,76.43692509447838,50.027779738108315,0.25020270080025653,12.458333333333334,3
2023-07-23,313.0,1540.0,1866.0,12.006667137145996,11.975000381469727,19.45833396911621,3.0,3.0,13.0,868.5440063476562,2023,7,2023-07,1866.0,1853.0,3719.0,3406.0,23.981667518615723,6.0,43.440001487731934,19.0,0.4654576668529776,0.25500411225709224,50.027779738108315,0.24986117843799113,49.89583492279053,0.2505219126875553,81.07639153798422,0.6680941965860634,8.416240924979833,41.408980908846466,50.17477816617371,79.14346636481058,77.80943500077804,50.027779738108315,0.2501911093272606,13.041666666666666,3
2023-07-24,307.0,1586.0,1897.0,12.006667137145996,11.975000381469727,20.059999465942383,3.0,3.0,12.0,885.760009765625,2023,7,2023-07,1897.0,1893.0,3790.0,3483.0,23.981667518615723,6.0,44.041666984558105,18.0,0.4669267315580522,0.25430950610554837,50.027779738108315,0.24986117843799113,49.89583492279053,0.2505219126875553,83.58333110809326,0.5982053997744841,8.100263852242744,41.84696569920845,50.05277044854881,79.06281367019432,79.10208906563555,50.027779738108315,0.2501911093272606,12.791666666666666,3
2023-07-25,297.0,1549.0,1854.0,12.006667137145996,11.978888511657715,19.587778091430664,3.0,3.0,15.0,860.927978515625,2023,7,2023-07,1854.0,1846.0,3700.0,3403.0,23.98555564880371,6.0,43.573333740234375,21.0,0.46436244795880527,0.2529908840774684,50.027779738108315,0.24986117843799113,49.91203546524048,0.2504405978134311,81.61574204762778,0.7657836396748979,8.027027027027026,41.86486486486486,50.108108108108105,79.07992385709446,77.29652075383414,50.027779738108315,0.250150552601405,12.375,3
2023-07-26,315.0,1387.0,1685.0,12.902222633361816,9.905555725097656,17.52833366394043,4.0,2.0,17.0,779.7119750976562,2023,7,2023-07,1685.0,1702.0,3387.0,3072.0,22.807778358459473,6.0,40.3361120223999,23.0,0.4627370772092915,0.2538124918937683,53.759260972340904,0.3100241031074005,41.27314885457356,0.20190689502988815,73.0347235997518,0.969858306324501,9.300265721877768,40.95069382934751,49.74904044877473,79.12902769835782,73.87830473962093,53.759260972340904,0.26306814744078666,13.125,3
2023-07-27,328.0,1371.0,1700.0,11.97611141204834,12.010000228881836,17.308889389038086,3.0,3.0,19.0,776.5759887695312,2023,7,2023-07,1700.0,1699.0,3399.0,3071.0,23.986111640930176,6.0,41.29500102996826,25.0,0.4568094051585478,0.25287397875920914,49.90046421686809,0.2504986716290821,50.04166762034098,0.24979183537278818,72.12037245432535,1.0977018555582725,9.649897028537806,40.33539276257723,50.01471020888497,79.20785494581008,70.87434701584147,50.04166762034098,0.25014475417355814,13.666666666666666,3
2023-07-28,342.0,1303.0,1655.0,11.949999809265137,12.010000228881836,16.449443817138672,3.0,3.0,21.0,745.72802734375,2023,7,2023-07,1655.0,1645.0,3300.0,2958.0,23.960000038146973,6.0,40.409443855285645,27.0,0.45059095307779456,0.2521054859174273,49.791665871938065,0.25104602911156737,50.04166762034098,0.24979183537278818,68.53934923807779,1.2766389084912466,10.363636363636363,39.484848484848484,50.15151515151515,79.21240465543306,69.07345564962674,50.04166762034098,0.2504173618717586,14.25,3
2023-07-29,334.0,1371.0,1714.0,11.976666450500488,12.010000228881836,17.309444427490234,3.0,3.0,18.0,780.2880249023438,2023,7,2023-07,1714.0,1705.0,3419.0,3085.0,23.986666679382324,6.0,41.29611110687256,24.0,0.45524388850778513,0.2529296677155085,49.90277687708537,0.25048706268968807,50.04166762034098,0.24979183537278818,72.12268511454263,1.0398947277252324,9.768938286048552,40.09944428195379,50.131617431997654,79.20531509507187,71.45636460914614,50.04166762034098,0.25013896595967144,13.916666666666666,3
2023-07-30,335.0,1402.0,1741.0,11.949444770812988,12.010000228881836,17.700000762939453,3.0,3.0,18.0,794.5599975585938,2023,7,2023-07,1741.0,1737.0,3478.0,3143.0,23.959444999694824,6.0,41.65944576263428,24.0,0.4563813886034427,0.2528030536298421,49.78935321172078,0.25105768992109356,50.04166762034098,0.24979183537278818,73.7500031789144,1.016949108707876,9.631972397929845,40.31052328924669,50.05750431282346,79.20903613380233,72.66445445719529,50.04166762034098,0.25042316297712336,13.958333333333334,3
2023-07-31,341.0,1373.0,1717.0,11.963889122009277,12.010000228881836,17.324443817138672,3.0,3.0,20.0,779.135986328125,2023,7,2023-07,1717.0,1714.0,3431.0,3090.0,23.973889350891113,6.0,41.298333168029785,26.0,0.45377751096571056,0.25214756839097896,49.849538008371994,0.2507545806723562,50.04166762034098,0.24979183537278818,72.18518257141113,1.1544382152236519,9.938793354707084,40.01748761294083,50.04371903235209,79.2521834751037,71.61958474360685,50.04166762034098,0.25027228215587716,14.208333333333334,3
2023-08-01,328.0,1452.0,1779.0,11.972222328186035,12.010000228881836,18.341110229492188,3.0,3.0,18.0,813.5040283203125,2023,8,2023-08,1779.0,1780.0,3559.0,3231.0,23.98222255706787,6.0,42.32333278656006,24.0,0.4572816348062465,0.2517808815599853,49.88425970077515,0.250580044185877,50.04166762034098,0.24979183537278818,76.42129262288412,0.9814018767008069,9.216071930317504,40.797976959820176,49.98595110986232,79.16641805386509,74.17994707399234,50.04166762034098,0.2501853189679337,13.666666666666666,3
2023-08-02,325.0,1472.0,1801.0,11.974444389343262,12.010000228881836,18.600000381469727,3.0,3.0,16.0,827.52001953125,2023,8,2023-08,1801.0,1797.0,3598.0,3273.0,23.984444618225098,6.0,42.584444999694824,22.0,0.459478078584814,0.2528322699453865,49.89351828893025,0.2505335448106361,50.04166762034098,0.24979183537278818,77.50000158945718,0.8602150361211831,9.032795997776542,40.91161756531406,50.055586436909394,79.13978332314885,75.0903357850309,50.04166762034098,0.2501621403165938,13.541666666666666,3
2023-08-03,296.0,1509.0,1816.0,11.973889350891113,12.010000228881836,19.061111450195312,3.0,3.0,15.0,836.47998046875,2023,8,2023-08,1816.0,1805.0,3621.0,3325.0,23.98388957977295,6.0,43.04500102996826,21.0,0.4606167293330121,0.25157292645676693,49.89120562871297,0.25054515805900074,50.04166762034098,0.24979183537278818,79.42129770914713,0.7869425683383379,8.174537420602043,41.673570836785416,50.15189174261254,79.1664223748368,75.71749335985693,50.04166762034098,0.2501679296030515,12.333333333333334,3
2023-08-04,356.0,1348.0,1701.0,11.974444389343262,12.010000228881836,17.00666618347168,3.0,3.0,22.0,763.6480102539062,2023,8,2023-08,1701.0,1704.0,3405.0,3049.0,23.984444618225098,6.0,40.99111080169678,28.0,0.44894062919100897,0.250458514350248,49.89351828893025,0.2505335448106361,50.04166762034098,0.24979183537278818,70.86110909779867,1.293610385636969,10.455212922173276,39.58883994126285,49.95594713656388,79.26303635630155,70.92096677975434,50.04166762034098,0.2501621403165938,14.833333333333334,3
2023-08-05,387.0,1202.0,1593.0,14.029999732971191,9.786110877990723,15.148333549499512,4.0,4.0,24.0,698.8800048828125,2023,8,2023-08,1593.0,1589.0,3182.0,2795.0,23.816110610961914,8.0,38.964444160461426,32.0,0.43871940042863306,0.2500465133748882,58.458332220713295,0.2851033553906493,40.775461991628006,0.4087425587008347,63.11805645624796,1.5843326872607013,12.162162162162163,37.774984286612195,50.062853551225636,79.34866208697346,66.88749586453403,58.458332220713295,0.3359070727660215,16.125,3
2023-08-06,457.0,1077.0,1537.0,12.006667137145996,11.977777481079102,13.554444313049316,3.0,3.0,26.0,654.1439819335938,2023,8,2023-08,1537.0,1534.0,3071.0,2614.0,23.984444618225098,6.0,37.538888931274414,32.0,0.4255979062677903,0.2502463588116273,50.027779738108315,0.24986117843799113,49.90740617116292,0.2504638280965731,56.476851304372154,1.9181900341697469,14.881146206447413,35.07000976880495,50.04884402474764,79.45733333849297,64.08320161110078,50.027779738108315,0.2501621403165938,19.041666666666668,3
2023-08-07,412.0,1234.0,1649.0,12.006667137145996,11.970000267028809,15.539999961853027,3.0,3.0,23.0,722.3040161132812,2023,8,2023-08,1649.0,1646.0,3295.0,2883.0,23.976667404174805,6.0,39.51666736602783,29.0,0.4380254797533543,0.25053902744130463,50.027779738108315,0.24986117843799113,49.87500111262004,0.2506265608250199,64.74999984105429,1.4800514836846514,12.503793626707132,37.45068285280728,50.04552352048558,79.40797960290695,68.7751959937884,50.027779738108315,0.2502432843921955,17.166666666666668,3
2023-08-08,384.0,1209.0,1592.0,12.006667137145996,11.980555534362793,15.211111068725586,3.0,3.0,23.0,703.7440185546875,2023,8,2023-08,1592.0,1593.0,3185.0,2801.0,23.98722267150879,6.0,39.198333740234375,29.0,0.4420502629112359,0.2512474182630087,50.027779738108315,0.24986117843799113,49.9189813931783,0.2504057505009145,63.37962945302328,1.5120525973469854,12.05651491365777,37.95918367346939,49.98430141287284,79.48137348663066,66.36866726096322,50.027779738108315,0.25013316806895686,16.0,3
2023-08-09,380.0,1294.0,1690.0,12.006667137145996,11.967222213745117,16.31277847290039,3.0,3.0,21.0,752.1279907226562,2023,8,2023-08,1690.0,1674.0,3364.0,2984.0,23.973889350891113,6.0,40.286667823791504,27.0,0.44504614835660133,0.25205361619391964,50.027779738108315,0.24986117843799113,49.86342589060466,0.2506847409045609,67.96991030375162,1.2873343455798323,11.296076099881095,38.466111771700355,50.23781212841855,79.32431634191919,70.4933594739054,50.027779738108315,0.25027228215587716,15.833333333333334,3
2023-08-10,353.0,1358.0,1714.0,12.006667137145996,11.978333473205566,17.121110916137695,3.0,3.0,21.0,769.0880126953125,2023,8,2023-08,1714.0,1711.0,3425.0,3072.0,23.985000610351562,6.0,41.10611152648926,27.0,0.44870945898209597,0.25035417079925537,50.027779738108315,0.24986117843799113,49.90972280502319,0.2504522024462522,71.33796215057373,1.2265559228523082,10.306569343065695,39.64963503649635,50.04379562043796,79.31728301111593,71.46132817942325,50.027779738108315,0.25015634135153997,14.708333333333334,3
2023-08-11,364.0,1309.0,1675.0,12.006667137145996,11.974444389343262,16.489444732666016,3.0,3.0,21.0,751.6160278320312,2023,8,2023-08,1675.0,1673.0,3348.0,2984.0,23.981111526489258,6.0,40.47055625915527,27.0,0.44872598676539177,0.2518820468606003,50.027779738108315,0.24986117843799113,49.89351828893025,0.2505335448106361,68.70601971944174,1.2735419743030194,10.87216248506571,39.09796893667861,50.02986857825567,79.38411639822154,69.846637348307,50.027779738108315,0.25019690990438326,15.166666666666666,3
2023-08-12,345.0,1308.0,1655.0,12.006667137145996,11.97944450378418,16.481111526489258,3.0,3.0,21.0,747.2000122070312,2023,8,2023-08,1655.0,1653.0,3308.0,2963.0,23.986111640930176,6.0,40.467223167419434,27.0,0.45148036991361407,0.2521768519092242,50.027779738108315,0.24986117843799113,49.91435209910075,0.25042897431949634,68.67129802703857,1.274185904648953,10.429262394195888,39.54050785973398,50.030229746070134,79.36357920384907,68.99826135953978,50.027779738108315,0.25014475417355814,14.375,3
2023-08-13,331.0,1402.0,1732.0,12.006667137145996,11.968889236450195,17.663333892822266,3.0,3.0,19.0,785.9199829101562,2023,8,2023-08,1732.0,1733.0,3465.0,3134.0,23.97555637359619,6.0,41.63889026641846,25.0,0.4537644243130232,0.2507721706796925,50.027779738108315,0.24986117843799113,49.87037181854248,0.25064982562155935,73.59722455342612,1.0756746215232282,9.552669552669553,40.46176046176046,49.98556998556998,79.37346417766136,72.24024222884844,50.027779738108315,0.25025488070039875,13.791666666666666,3
2023-08-14,350.0,1352.0,1706.0,12.006667137145996,11.980555534362793,17.03499984741211,3.0,3.0,21.0,764.1599731445312,2023,8,2023-08,1706.0,1702.0,3408.0,3058.0,23.98722267150879,6.0,41.0222225189209,27.0,0.4479249549499011,0.2498888074377146,50.027779738108315,0.24986117843799113,49.9189813931783,0.2504057505009145,70.97916603088379,1.2327561014443003,10.269953051643192,39.671361502347416,50.058685446009385,79.36601186441399,71.1211974542734,50.027779738108315,0.25013316806895686,14.583333333333334,3
2023-08-15,387.0,1295.0,1689.0,12.006667137145996,11.953888893127441,16.296112060546875,3.0,3.0,21.0,748.927978515625,2023,8,2023-08,1689.0,1682.0,3371.0,2984.0,23.960556030273438,6.0,40.25666809082031,27.0,0.4434150257641356,0.2509812260441103,50.027779738108315,0.24986117843799113,49.807870388031006,0.25096435367780334,67.90046691894531,1.288650932319084,11.480272916048651,38.415900326312666,50.10382675763868,79.46680749301018,70.4908516257302,50.027779738108315,0.25041155106831336,16.125,3
2023-08-16,356.0,1382.0,1748.0,12.006667137145996,11.978888511657715,17.41722297668457,3.0,3.0,18.0,786.4320068359375,2023,8,2023-08,1748.0,1738.0,3486.0,3130.0,23.98555564880371,6.0,41.40277862548828,24.0,0.4499038940709025,0.2512562322159545,50.027779738108315,0.24986117843799113,49.91203546524048,0.2504405978134311,72.57176240285239,1.0334598129733747,10.2122776821572,39.64429145152037,50.14343086632243,79.34674786273354,72.87719432454266,50.027779738108315,0.250150552601405,14.833333333333334,3
2023-08-17,324.0,1412.0,1736.0,12.006667137145996,11.954444885253906,17.793888092041016,3.0,3.0,18.0,792.1920166015625,2023,8,2023-08,1736.0,1736.0,3472.0,3148.0,23.961112022399902,6.0,41.75500011444092,24.0,0.45633180679813506,0.2516493064172689,50.027779738108315,0.24986117843799113,49.81018702189128,0.25095268151686173,74.14120038350424,1.0115832979780948,9.331797235023041,40.668202764976954,50.0,79.35308981917055,72.45072759465883,50.027779738108315,0.2504057405345351,13.5,3
2023-08-18,366.0,1326.0,1694.0,12.006667137145996,11.974444389343262,16.709999084472656,3.0,3.0,21.0,760.5120239257812,2023,8,2023-08,1694.0,1692.0,3386.0,3020.0,23.981111526489258,6.0,40.691110610961914,27.0,0.44894452415925695,0.25182517348535804,50.027779738108315,0.24986117843799113,49.89351828893025,0.2505335448106361,69.62499618530273,1.2567325643670273,10.809214412285883,39.16125221500295,50.029533372711164,79.35368477860372,70.63892756300422,50.027779738108315,0.25019690990438326,15.25,3
2023-08-19,336.0,1366.0,1702.0,12.006667137145996,11.977222442626953,17.218889236450195,3.0,3.0,19.0,774.3359985351562,2023,8,2023-08,1702.0,1702.0,3404.0,3068.0,23.98388957977295,6.0,41.202778816223145,25.0,0.45495652087847016,0.25239113381198053,50.027779738108315,0.24986117843799113,49.90509351094563,0.250475434882381,71.74537181854248,1.103439353090176,9.870740305522913,40.129259694477085,50.0,79.33148191164108,70.96430269739895,50.027779738108315,0.2501679296030515,14.0,3
2023-08-20,311.0,1371.0,1695.0,12.006667137145996,11.973333358764648,17.282777786254883,3.0,3.0,17.0,777.4719848632812,2023,8,2023-08,1695.0,1682.0,3377.0,3066.0,23.980000495910645,6.0,41.26277828216553,23.0,0.4586855367924963,0.25357859910739766,50.027779738108315,0.24986117843799113,49.88888899485271,0.2505567923408695,72.01157410939535,0.9836381749651507,9.209357417826473,40.59816405093278,50.192478531240745,79.32752575748363,70.68390179095499,50.027779738108315,0.2502085019148849,12.958333333333334,3
2023-08-21,340.0,1405.0,1745.0,12.006667137145996,11.974444389343262,17.727222442626953,3.0,3.0,17.0,800.0,2023,8,2023-08,1745.0,1745.0,3490.0,3150.0,23.981111526489258,6.0,41.70833396911621,23.0,0.4584527220630373,0.25396825396825395,50.027779738108315,0.24986117843799113,49.89351828893025,0.2505335448106361,73.86342684427896,0.9589770791797438,9.742120343839542,40.257879656160455,50.0,79.25663507338471,72.76560129719147,50.027779738108315,0.25019690990438326,14.166666666666666,3
2023-08-22,327.0,1428.0,1761.0,12.006667137145996,11.973889350891113,18.032777786254883,3.0,3.0,18.0,805.8880004882812,2023,8,2023-08,1761.0,1755.0,3516.0,3189.0,23.98055648803711,6.0,42.01333427429199,24.0,0.45763089181617334,0.2527086862616122,50.027779738108315,0.24986117843799113,49.89120562871297,0.25054515805900074,75.13657410939535,0.9981823218450644,9.300341296928327,40.61433447098976,50.08532423208191,79.18913086637511,73.4344926848753,50.027779738108315,0.25020270080025653,13.625,3
2023-08-23,292.0,1530.0,1834.0,13.981111526489258,9.999444007873535,19.3255558013916,4.0,3.0,14.0,849.4080200195312,2023,8,2023-08,1834.0,1822.0,3656.0,3364.0,23.980555534362793,7.0,43.306111335754395,21.0,0.4631450490837139,0.25249941142078813,58.25463136037191,0.28610028554749856,41.6643500328064,0.3000166806912272,80.523149172465,0.7244293589213038,7.986870897155361,41.84901531728665,50.16411378555799,79.16977993925677,76.47862858606344,58.25463136037191,0.29190316254222687,12.166666666666666,3
2023-08-24,324.0,1380.0,1703.0,11.964444160461426,12.010000228881836,17.418333053588867,3.0,3.0,17.0,780.7999877929688,2023,8,2023-08,1703.0,1704.0,3407.0,3083.0,23.97444438934326,6.0,41.39277744293213,23.0,0.45848501925600044,0.25325980791208846,49.85185066858928,0.25074294800204916,50.04166762034098,0.24979183537278818,72.57638772328696,0.9759831751808952,9.509832697387731,40.504842970355156,49.98532433225712,79.22686951468444,71.03397152165039,50.04166762034098,0.2502664880386978,13.5,3
2023-08-25,360.0,1331.0,1697.0,11.824444770812988,12.158888816833496,16.79277801513672,3.0,4.0,20.0,764.6719970703125,2023,8,2023-08,1697.0,1691.0,3388.0,3028.0,23.983333587646484,7.0,40.7761116027832,27.0,0.4506022375193356,0.2525336846335246,49.26851987838745,0.253711701322762,50.662036736806236,0.32897743044267,69.96990839640299,1.190988172532999,10.625737898465172,39.285714285714285,50.08854781582054,79.26026288207107,70.75746971530694,50.662036736806236,0.29186935062295144,15.0,3
2023-08-26,350.0,1330.0,1676.0,12.025555610656738,11.95111083984375,16.76277732849121,3.0,3.0,20.0,758.2080078125,2023,8,2023-08,1676.0,1680.0,3356.0,3006.0,23.97666645050049,6.0,40.7394437789917,26.0,0.4523914127759546,0.25223153952511645,50.10648171106974,0.2494687228706071,49.796295166015625,0.2510226907107509,69.84490553538004,1.1931197085107474,10.429082240762813,39.63051251489869,49.9404052443385,79.34246061596471,69.90129355388414,50.10648171106974,0.2502432943456473,14.583333333333334,3
2023-08-27,394.0,1226.0,1635.0,12.006667137145996,11.979999542236328,15.438333511352539,3.0,3.0,23.0,718.8480224609375,2023,8,2023-08,1635.0,1620.0,3255.0,2861.0,23.986666679382324,6.0,39.42500019073486,29.0,0.4396623990586774,0.2512576100877097,50.027779738108315,0.24986117843799113,49.91666475931804,0.2504173718390631,64.32638963063559,1.489798104380049,12.104454685099848,37.665130568356375,50.23041474654379,79.41271634651913,68.16286822401047,50.027779738108315,0.25013896595967144,16.416666666666668,3
2023-08-28,370.0,1318.0,1687.0,12.006667137145996,11.952221870422363,16.607778549194336,3.0,3.0,20.0,759.2319946289062,2023,8,2023-08,1687.0,1688.0,3375.0,3005.0,23.95888900756836,6.0,40.566667556762695,26.0,0.4500486038108514,0.25265623781327995,50.027779738108315,0.24986117843799113,49.800924460093185,0.25099935664882256,69.19907728830972,1.2042549785184982,10.962962962962964,39.05185185185186,49.98518518518518,79.36040308436903,70.41227994616506,50.027779738108315,0.25042897431949634,15.416666666666666,3
2023-08-29,435.0,1144.0,1588.0,12.006667137145996,11.978333473205566,14.402222633361816,3.0,3.0,26.0,682.5599975585938,2023,8,2023-08,1588.0,1579.0,3167.0,2732.0,23.985000610351562,6.0,38.38722324371338,32.0,0.4298236760444545,0.24983894493359948,50.027779738108315,0.24986117843799113,49.90972280502319,0.2504522024462522,60.009260972340904,1.8052769118964098,13.735396274076415,36.12251341964004,50.14209030628355,79.43218412344203,66.20804501104091,50.027779738108315,0.25015634135153997,18.125,3
2023-08-30,410.0,1225.0,1632.0,12.006667137145996,11.954444885253906,15.414999961853027,3.0,3.0,22.0,719.2319946289062,2023,8,2023-08,1632.0,1635.0,3267.0,2857.0,23.961112022399902,6.0,39.37611198425293,28.0,0.4407058790618298,0.2517437853093827,50.027779738108315,0.24986117843799113,49.81018702189128,0.25095268151686173,64.22916650772095,1.427181320430921,12.549739822467096,37.49617385981022,49.95408631772268,79.46805079672174,68.11036142539355,50.027779738108315,0.2504057405345351,17.083333333333332,3
2023-08-31,443.0,1149.0,1592.0,12.006667137145996,11.97611141204834,14.452221870422363,3.0,3.0,26.0,686.656005859375,2023,8,2023-08,1592.0,1592.0,3184.0,2741.0,23.982778549194336,6.0,38.4350004196167,32.0,0.4313165865950848,0.2505129536152408,50.027779738108315,0.24986117843799113,49.90046421686809,0.2504986716290821,60.21759112675985,1.799031334635894,13.913316582914574,36.086683417085425,50.0,79.5033462883324,66.3809656889602,50.027779738108315,0.250179518928242,18.458333333333332,3
2023-09-01,456.0,1077.0,1536.0,12.006667137145996,11.973889350891113,13.542222023010254,3.0,3.0,26.0,655.4240112304688,2023,9,2023-09,1536.0,1533.0,3069.0,2613.0,23.98055648803711,6.0,37.52277851104736,32.0,0.4267083406448364,0.25083199817469143,50.027779738108315,0.24986117843799113,49.89120562871297,0.25054515805900074,56.42592509587606,1.9199212622435318,14.858260019550343,35.09286412512219,50.048875855327466,79.52904613216475,64.05189140486567,50.027779738108315,0.25020270080025653,19.0,3
2023-09-02,439.0,1124.0,1567.0,12.006667137145996,11.983333587646484,14.154999732971191,3.0,3.0,24.0,677.823974609375,2023,9,2023-09,1567.0,1563.0,3130.0,2691.0,23.99000072479248,6.0,38.14500045776367,30.0,0.4325615664386567,0.2518855349718971,50.027779738108315,0.24986117843799113,49.93055661519368,0.25034769983309774,58.97916555404663,1.6955139846521428,14.02555910543131,35.91054313099041,50.06389776357828,79.40657161454202,65.31888089442961,50.027779738108315,0.2501042025313195,18.291666666666668,3
2023-09-03,415.0,1221.0,1646.0,12.006667137145996,11.967778205871582,15.375555992126465,3.0,3.0,23.0,720.2559814453125,2023,9,2023-09,1646.0,1636.0,3282.0,2867.0,23.974445343017578,6.0,39.35000133514404,29.0,0.4375795756046856,0.25122287458852893,50.027779738108315,0.24986117843799113,49.86574252446492,0.2506730947376809,64.06481663386026,1.4958808651718267,12.644728823887874,37.202925045703836,50.15234613040829,79.41176245107827,68.65643715421297,50.027779738108315,0.25026647808340086,17.291666666666668,3
2023-09-04,459.0,1054.0,1523.0,13.612222671508789,10.376667022705078,13.255555152893066,4.0,3.0,27.0,642.239990234375,2023,9,2023-09,1523.0,1513.0,3036.0,2577.0,23.988889694213867,7.0,37.244444847106934,34.0,0.42169401853865723,0.24922001949335468,56.71759446461996,0.293853553275487,43.23611259460449,0.2891101731833286,55.23147980372111,2.0368818724357363,15.118577075098813,34.7167325428195,50.16469038208169,79.51383309434318,63.48772366765055,56.71759446461996,0.29180175027810495,19.125,3
2023-09-05,475.0,1007.0,1472.0,14.349444389343262,9.593889236450195,12.653888702392578,3.0,4.0,29.0,616.3839721679688,2023,9,2023-09,1472.0,1482.0,2954.0,2479.0,23.943333625793457,7.0,36.597222328186035,36.0,0.4187391115271527,0.2486421832061189,59.78935162226359,0.20906732822547303,39.97453848520915,0.416932059711795,52.72453625996908,2.291785606942846,16.079891672308733,34.08937034529452,49.83073798239675,79.58027952384298,61.478490130307385,59.78935162226359,0.29235695034792913,19.791666666666668,3
2023-09-06,474.0,972.0,1458.0,16.204999923706055,7.781111240386963,12.222222328186035,4.0,4.0,29.0,605.1199951171875,2023,9,2023-09,1458.0,1446.0,2904.0,2430.0,23.986111164093018,8.0,36.20833349227905,37.0,0.4150342902038323,0.2490205741222994,67.5208330154419,0.24683739702759636,32.42129683494568,0.514065392001911,50.92592636744181,2.3727272521562814,16.32231404958678,33.47107438016529,50.20661157024794,79.52727203778984,60.78517647256685,67.5208330154419,0.33352634552848753,19.75,3
2023-09-07,458.0,1026.0,1490.0,12.006667137145996,11.975555419921875,12.894444465637207,3.0,3.0,28.0,628.416015625,2023,9,2023-09,1490.0,1484.0,2974.0,2516.0,23.98222255706787,6.0,36.87666702270508,34.0,0.4217557151845638,0.24976789174284578,50.027779738108315,0.24986117843799113,49.89814758300781,0.25051030159397575,53.72685194015503,2.171477807719289,15.400134498991259,34.49899125756557,50.10087424344317,79.56915109714251,62.1293542103702,50.027779738108315,0.2501853189679337,19.083333333333332,3
2023-09-08,450.0,1031.0,1491.0,8.68388843536377,15.301111221313477,12.95888900756836,3.0,3.0,28.0,630.656005859375,2023,9,2023-09,1491.0,1481.0,2972.0,2522.0,23.984999656677246,6.0,36.943888664245605,34.0,0.42297518836980214,0.250061857993408,36.18286848068237,0.3454673585836239,63.75463008880615,0.19606419145697015,53.995370864868164,2.1606790507772082,15.141318977119786,34.690444145356665,50.168236877523555,79.55928933397506,62.16385329757204,63.75463008880615,0.2501563512980766,18.75,3
2023-09-09,417.0,1137.0,1556.0,12.006667137145996,11.951666831970215,14.311111450195312,3.0,3.0,25.0,678.2080078125,2023,9,2023-09,1556.0,1554.0,3110.0,2693.0,23.95833396911621,6.0,38.26944541931152,31.0,0.43586632892834193,0.25184107234032677,50.027779738108315,0.24986117843799113,49.7986117998759,0.25101101312288293,59.62963104248047,1.7468943685473717,13.408360128617364,36.559485530546624,50.03215434083601,79.44875588153447,64.94608523304589,50.027779738108315,0.25043477596290187,17.375,3
2023-09-10,426.0,1127.0,1544.0,12.006667137145996,11.981666564941406,14.192777633666992,3.0,3.0,26.0,673.0239868164062,2023,9,2023-09,1544.0,1553.0,3097.0,2671.0,23.988333702087402,6.0,38.181111335754395,32.0,0.4358963645183978,0.2519745364344464,50.027779738108315,0.24986117843799113,49.92361068725586,0.25038253098930824,59.136573473612465,1.831917660594135,13.755247013238616,36.3900548918308,49.854698094930576,79.40658474959962,64.36462070167238,50.027779738108315,0.25012158303758697,17.75,3
2023-09-11,397.0,1165.0,1561.0,12.006667137145996,11.974444389343262,14.671667098999023,3.0,3.0,24.0,688.7680053710938,2023,9,2023-09,1561.0,1562.0,3123.0,2726.0,23.981111526489258,6.0,38.65277862548828,30.0,0.4412351091422766,0.25266617951984366,50.027779738108315,0.24986117843799113,49.89351828893025,0.2505335448106361,61.13194624582926,1.6358059270331593,12.712135766890812,37.30387447966699,49.9839897534422,79.40474604140127,65.09289606012372,50.027779738108315,0.25019690990438326,16.541666666666668,3
2023-09-12,399.0,1170.0,1580.0,12.006667137145996,11.981111526489258,14.734999656677246,3.0,3.0,24.0,691.072021484375,2023,9,2023-09,1580.0,1569.0,3149.0,2750.0,23.987778663635254,6.0,38.7227783203125,30.0,0.4373873553698576,0.2512989169034091,50.027779738108315,0.24986117843799113,49.921298027038574,0.2503941302413591,61.39583190282186,1.6287750633997653,12.670689107653224,37.15465227056208,50.174658621784694,79.40278434073855,65.86687421771288,50.027779738108315,0.25012737044701094,16.625,3
2023-09-13,366.0,1262.0,1615.0,12.237777709960938,11.743332862854004,15.902222633361816,4.0,3.0,22.0,729.5360107421875,2023,9,2023-09,1615.0,1628.0,3243.0,2877.0,23.98111057281494,7.0,39.88333320617676,29.0,0.45172508405089007,0.2535752557324253,50.99074045817057,0.32685672961228907,48.93055359522502,0.255464103337262,66.25926097234091,1.3834544080552267,11.285846438482887,38.91458526056121,49.799568300955904,79.35997558934982,67.3446709274077,50.99074045817057,0.291896406496504,15.25,3
2023-09-14,369.0,1254.0,1625.0,11.979999542236328,12.010000228881836,15.785555839538574,3.0,3.0,23.0,723.7760009765625,2023,9,2023-09,1625.0,1623.0,3248.0,2879.0,23.989999771118164,6.0,39.77555561065674,29.0,0.4454006159855769,0.2513984025621961,49.91666475931804,0.2504173718390631,50.04166762034098,0.24979183537278818,65.77314933141074,1.4570281993106118,11.360837438423644,38.608374384236456,50.0307881773399,79.43971138850031,67.73655754496322,50.04166762034098,0.25010421247371034,15.375,3
2023-09-15,390.0,1216.0,1602.0,11.972222328186035,12.010000228881836,15.313333511352539,3.0,3.0,24.0,709.4400024414062,2023,9,2023-09,1602.0,1606.0,3208.0,2818.0,23.98222255706787,6.0,39.29555606842041,30.0,0.4428464434715395,0.2517530171899951,49.88425970077515,0.250580044185877,50.04166762034098,0.24979183537278818,63.805556297302246,1.567261627405137,12.1571072319202,37.905236907730675,49.937655860349125,79.4079224551936,66.7994801644383,50.04166762034098,0.2501853189679337,16.25,3
2023-09-16,375.0,1222.0,1586.0,11.977777481079102,12.010000228881836,15.380000114440918,3.0,3.0,24.0,708.6079711914062,2023,9,2023-09,1586.0,1597.0,3183.0,2808.0,23.987777709960938,6.0,39.367777824401855,30.0,0.4467893891496887,0.25235326609380565,49.90740617116292,0.2504638280965731,50.04166762034098,0.24979183537278818,64.0833338101705,1.560468128830858,11.7813383600377,38.39145460257619,49.82720703738611,79.45383555963785,66.11700421675212,50.04166762034098,0.2501273803912439,15.625,3
2023-09-17,377.0,1219.0,1592.0,11.966111183166504,12.010000228881836,15.34333324432373,3.0,3.0,24.0,708.416015625,2023,9,2023-09,1592.0,1596.0,3188.0,2811.0,23.97611141204834,6.0,39.31944465637207,30.0,0.44498493443781406,0.2520156583511206,49.8587965965271,0.2507080165041666,50.04166762034098,0.24979183537278818,63.93055518468221,1.5641972717289971,11.825595984943538,38.237139272271015,49.937264742785445,79.44818642656864,66.39942452052492,50.04166762034098,0.25024908738891305,15.708333333333334,3
2023-09-18,373.0,1239.0,1602.0,11.88888931274414,12.09666633605957,15.60444450378418,3.0,3.0,24.0,717.2479858398438,2023,9,2023-09,1602.0,1612.0,3214.0,2841.0,23.98555564880371,6.0,39.59000015258789,30.0,0.44772034072399736,0.25246321219283485,49.537038803100586,0.2523364396019895,50.40277640024821,0.24800221124204666,65.01851876576742,1.5380233493207556,11.605476042314873,38.550093341630365,49.84443061605476,79.40045540868401,66.79019754457514,50.40277640024821,0.250150552601405,15.541666666666666,3
2023-09-19,585.0,988.0,1593.0,12.548333168029785,11.196666717529297,12.4399995803833,3.0,4.0,23.0,638.7839965820312,2023,9,2023-09,1593.0,1573.0,3166.0,2581.0,23.744999885559082,7.0,36.18499946594238,30.0,0.40099434813686835,0.2474947681449172,52.284721533457436,0.239075577594903,46.6527779897054,0.3572491796810986,51.83333158493042,1.8488746604355855,18.477574226152875,31.2065698041693,50.31585596967783,79.42122454392863,67.08780828290547,52.284721533457436,0.29479890645344525,24.375,3
2023-09-20,1115.0,460.0,1586.0,11.977777481079102,12.010000228881836,5.797222137451172,3.0,3.0,13.0,492.35198974609375,2023,9,2023-09,1586.0,1575.0,3161.0,2046.0,23.987777709960938,6.0,29.78499984741211,19.0,0.3104363113153176,0.240641246210212,49.90740617116292,0.2504638280965731,50.04166762034098,0.24979183537278818,24.155092239379883,2.2424533150140125,35.273647579879785,14.552356849098386,50.17399557102182,79.3483480697266,66.11700421675212,50.04166762034098,0.2501273803912439,46.458333333333336,3
2023-09-21,1153.0,420.0,1574.0,11.963333129882812,12.010000228881836,5.299444675445557,3.0,3.0,13.0,475.0719909667969,2023,9,2023-09,1574.0,1573.0,3147.0,1994.0,23.97333335876465,6.0,29.272778034210205,19.0,0.3018246448327807,0.23825074772657817,49.84722137451172,0.2507662344122475,50.04166762034098,0.24979183537278818,22.081019481023155,2.4530872187861856,36.63806800127105,13.34604385128694,50.01588814744201,79.25358706847676,65.65628469119609,50.04166762034098,0.2502780864975709,48.041666666666664,3
2023-09-22,1138.0,399.0,1555.0,11.97944450378418,12.010000228881836,5.0316667556762695,3.0,3.0,12.0,466.0480041503906,2023,9,2023-09,1555.0,1537.0,3092.0,1954.0,23.989444732666016,6.0,29.021111488342285,18.0,0.29970932742790396,0.238509725767856,49.91435209910075,0.25042897431949634,50.04166762034098,0.24979183537278818,20.965278148651123,2.384895618626311,36.80465717981889,12.904269081500647,50.29107373868047,79.29777931932485,64.82017476138509,50.04166762034098,0.25010999907929937,47.416666666666664,3
2023-09-23,1137.0,411.0,1563.0,11.954999923706055,12.010000228881836,5.179999828338623,3.0,3.0,12.0,472.57598876953125,2023,9,2023-09,1563.0,1548.0,3111.0,1974.0,23.96500015258789,6.0,29.144999980926514,18.0,0.30235188021083254,0.2394001969450513,49.812499682108566,0.2509410304596638,50.04166762034098,0.24979183537278818,21.5833326180776,2.3166023933728104,36.54773384763742,13.211186113789777,50.241080038572804,79.34363197301874,65.22011224903821,50.04166762034098,0.2503651141997628,47.375,3
2023-09-24,1193.0,356.0,1556.0,11.977222442626953,12.010000228881836,4.485000133514404,3.0,3.0,11.0,453.5679931640625,2023,9,2023-09,1556.0,1549.0,3105.0,1912.0,23.98722267150879,6.0,28.472222805023193,17.0,0.2914961395655929,0.2372217537468946,49.90509351094563,0.250475434882381,50.04166762034098,0.24979183537278818,18.68750055631002,2.4526197709119137,38.4219001610306,11.465378421900162,50.11272141706924,79.3756944040583,64.86786825254947,50.04166762034098,0.25013316806895686,49.708333333333336,3
2023-09-25,1228.0,214.0,1452.0,11.965555191040039,12.010000228881836,2.698333263397217,3.0,3.0,8.0,388.79998779296875,2023,9,2023-09,1452.0,1442.0,2894.0,1666.0,23.975555419921875,6.0,26.673888683319092,14.0,0.267768586634276,0.23337334201258628,49.856479962666825,0.2507196659162492,50.04166762034098,0.24979183537278818,11.243055264155071,2.9647931589917675,42.4326192121631,7.394609536973047,50.17277125086386,79.30821700302978,60.56168353845508,50.04166762034098,0.250254890654773,51.166666666666664,3
2023-09-26,1250.0,152.0,1414.0,14.597777366638184,9.386666297912598,1.9222222566604614,3.0,3.0,7.0,364.4800109863281,2023,9,2023-09,1414.0,1402.0,2816.0,1566.0,23.98444366455078,6.0,25.906665921211243,13.0,0.2577652128616182,0.23274585631310862,60.82407236099243,0.2055107380152414,39.11110957463582,0.31960228528281,8.009259402751923,3.641618431867148,44.38920454545455,5.3977272727272725,50.21306818181818,79.07514309197235,58.95488007878642,60.82407236099243,0.2501621502635916,52.083333333333336,3
2023-09-27,1368.0,50.0,1430.0,11.970000267028809,12.010000228881836,0.6372222304344177,3.0,3.0,2.0,338.6239929199219,2023,9,2023-09,1430.0,1418.0,2848.0,1480.0,23.980000495910645,6.0,24.617222726345062,8.0,0.23679999504889643,0.22879999521616343,49.87500111262004,0.2506265608250199,50.04166762034098,0.24979183537278818,2.655092626810074,3.138622453012235,48.03370786516854,1.75561797752809,50.21067415730337,78.46556132530588,59.63302628971424,50.04166762034098,0.2502085019148849,57.0,3
2023-09-28,1334.0,132.0,1481.0,11.978888511657715,12.010000228881836,1.667222261428833,3.0,3.0,5.0,371.5199890136719,2023,9,2023-09,1481.0,1466.0,2947.0,1613.0,23.98888874053955,6.0,25.656111001968384,11.0,0.2508575212786441,0.23032857347406813,49.91203546524048,0.2504405978134311,50.04166762034098,0.24979183537278818,6.946759422620137,2.9990002626973857,45.266372582287076,4.479131319986427,50.254496097726495,79.17360693521098,61.73691562032272,50.04166762034098,0.2501157958959732,55.583333333333336,3
2023-09-29,1329.0,137.0,1477.0,11.964444160461426,12.010000228881836,1.7244443893432617,3.0,3.0,5.0,374.4639892578125,2023,9,2023-09,1477.0,1466.0,2943.0,1614.0,23.97444438934326,6.0,25.698888778686523,11.0,0.25353012136615605,0.23200990660335347,49.85185066858928,0.25074294800204916,50.04166762034098,0.24979183537278818,7.185184955596924,2.8994846287297222,45.15800203873599,4.655113829425757,50.18688413183826,79.44587882719439,61.607267138859434,50.04166762034098,0.2502664880386978,55.375,3
2023-09-30,1282.0,233.0,1531.0,11.977222442626953,12.010000228881836,2.9327778816223145,3.0,3.0,8.0,414.3999938964844,2023,9,2023-09,1531.0,1515.0,3046.0,1764.0,23.98722267150879,6.0,26.920000553131104,14.0,0.27067275891344506,0.23492063146059206,49.90509351094563,0.250475434882381,50.04166762034098,0.24979183537278818,12.219907840092976,2.7277892574580753,42.08798424162837,7.649376231122784,50.26263952724885,79.44686212346645,63.82564671892882,50.04166762034098,0.25013316806895686,53.416666666666664,3
2023-10-01,1288.0,272.0,1572.0,11.965555191040039,12.010000228881836,3.4311110973358154,3.0,3.0,9.0,433.6000061035156,2023,10,2023-10,1572.0,1560.0,3132.0,1844.0,23.975555419921875,6.0,27.40666651725769,15.0,0.2758269758928216,0.23514100114073516,49.856479962666825,0.2507196659162492,50.04166762034098,0.24979183537278818,14.296296238899231,2.6230570053497564,41.123882503192846,8.684546615581098,50.191570881226056,79.27461171723708,65.56678135155053,50.04166762034098,0.250254890654773,53.666666666666664,3
2023-10-02,1252.0,268.0,1534.0,11.978333473205566,12.010000228881836,3.3772222995758057,3.0,3.0,9.0,424.5119934082031,2023,10,2023-10,1534.0,1520.0,3054.0,1802.0,23.988333702087402,6.0,27.365556001663208,15.0,0.2767353281670164,0.2355782427348519,49.90972280502319,0.2504522024462522,50.04166762034098,0.24979183537278818,14.071759581565857,2.6649119310654914,40.995415848068106,8.775376555337262,50.22920759659463,79.35515528061686,63.94775139660973,50.04166762034098,0.25012158303758697,52.166666666666664,3
2023-10-03,1250.0,267.0,1532.0,11.963333129882812,12.010000228881836,3.3627777099609375,3.0,3.0,9.0,424.447998046875,2023,10,2023-10,1532.0,1517.0,3049.0,1799.0,23.97333335876465,6.0,27.336111068725586,15.0,0.2770548290123205,0.2359355186475125,49.84722137451172,0.2507662344122475,50.04166762034098,0.24979183537278818,14.011573791503906,2.6763588843059583,40.997048212528696,8.75696949819613,50.24598228927517,79.39864690107676,63.9043380857131,50.04166762034098,0.2502780864975709,52.083333333333336,3
2023-10-04,1246.0,315.0,1570.0,11.976666450500488,12.010000228881836,3.973888874053955,3.0,3.0,10.0,446.4639892578125,2023,10,2023-10,1570.0,1561.0,3131.0,1885.0,23.986666679382324,6.0,27.96055555343628,16.0,0.28437196768013534,0.23685092268318966,49.90277687708537,0.25048706268968807,50.04166762034098,0.24979183537278818,16.557870308558144,2.516426683516824,39.79559246247205,10.060683487703608,50.143724049824336,79.26744053077995,65.45302942611403,50.04166762034098,0.25013896595967144,51.916666666666664,3
2023-10-05,1264.0,233.0,1511.0,11.970000267028809,12.010000228881836,2.9394445419311523,3.0,3.0,8.0,409.02398681640625,2023,10,2023-10,1511.0,1497.0,3008.0,1744.0,23.980000495910645,6.0,26.919445037841797,14.0,0.27069754256545747,0.23453210253234302,49.87500111262004,0.2506265608250199,50.04166762034098,0.24979183537278818,12.247685591379803,2.72160263134074,42.02127659574468,7.7460106382978715,50.232712765957444,79.26667663779905,63.01084106556519,50.04166762034098,0.2502085019148849,52.666666666666664,3
2023-10-06,1259.0,231.0,1501.0,11.977777481079102,12.010000228881836,2.9100000858306885,3.0,3.0,8.0,406.78399658203125,2023,10,2023-10,1501.0,1490.0,2991.0,1732.0,23.987777709960938,6.0,26.897777795791626,14.0,0.2710086586156104,0.23486373936606886,49.90740617116292,0.2504638280965731,50.04166762034098,0.24979183537278818,12.125000357627869,2.749140812384657,42.092945503176196,7.723169508525577,50.18388498829823,79.38144095760697,62.57353299454284,50.04166762034098,0.2501273803912439,52.458333333333336,3
2023-10-07,1220.0,315.0,1550.0,11.965555191040039,12.010000228881836,3.9794445037841797,3.0,3.0,10.0,444.99200439453125,2023,10,2023-10,1550.0,1535.0,3085.0,1865.0,23.975555419921875,6.0,27.954999923706055,16.0,0.28709161573840725,0.2386016109354055,49.856479962666825,0.2507196659162492,50.04166762034098,0.24979183537278818,16.581018765767418,2.512913546222515,39.546191247974065,10.21069692058347,50.24311183144247,79.15677670600923,64.64918008581637,50.04166762034098,0.250254890654773,50.833333333333336,3
2023-10-08,1280.0,238.0,1530.0,11.978333473205566,12.010000228881836,2.9972221851348877,3.0,3.0,8.0,413.3760070800781,2023,10,2023-10,1530.0,1518.0,3048.0,1768.0,23.988333702087402,6.0,26.98555588722229,14.0,0.2701803967843648,0.2338099587557003,49.90972280502319,0.2504522024462522,50.04166762034098,0.24979183537278818,12.488425771395367,2.6691381238524916,41.99475065616798,7.808398950131233,50.196850393700785,79.40685918461163,63.781003674584674,50.04166762034098,0.25012158303758697,53.333333333333336,3
2023-10-09,1248.0,279.0,1541.0,12.207777976989746,11.749444007873535,3.5222222805023193,3.0,4.0,9.0,428.4159851074219,2023,10,2023-10,1541.0,1527.0,3068.0,1820.0,23.95722198486328,7.0,27.4794442653656,16.0,0.27801167106257096,0.23539339841067136,50.86574157079061,0.24574496731957723,48.95601669947307,0.3404416410954868,14.675926168759664,2.5552050050391686,40.67796610169492,9.09387222946545,50.22816166883963,79.21135515621422,64.32298373215555,50.86574157079061,0.29218746666131656,52.0,3
2023-10-10,1247.0,305.0,1567.0,12.006667137145996,11.96500015258789,3.8405556678771973,3.0,3.0,10.0,443.5199890136719,2023,10,2023-10,1567.0,1552.0,3119.0,1872.0,23.971667289733887,6.0,27.812222957611084,16.0,0.28303764455243896,0.2369230710543119,50.027779738108315,0.24986117843799113,49.85416730244954,0.2507312964263636,16.002315282821655,2.6037898847922003,39.980763065084965,9.778775248477075,50.24046168643797,79.41559148616211,65.36883651272282,50.027779738108315,0.2502954812229336,51.958333333333336,3
2023-10-11,1269.0,315.0,1598.0,12.006667137145996,11.973333358764648,3.972777843475342,3.0,3.0,10.0,451.2640075683594,2023,10,2023-10,1598.0,1584.0,3182.0,1913.0,23.980000495910645,6.0,27.952778339385986,16.0,0.28239299597519363,0.23589336516903261,50.027779738108315,0.24986117843799113,49.88888899485271,0.2505567923408695,16.55324101448059,2.5171304296371404,39.88057825267128,9.899434318038969,50.21998742928976,79.28960853356993,66.63886434333102,50.027779738108315,0.2502085019148849,52.875,3
2023-10-12,1256.0,270.0,1538.0,12.006667137145996,11.981666564941406,3.401111125946045,3.0,3.0,9.0,426.0480041503906,2023,10,2023-10,1538.0,1526.0,3064.0,1808.0,23.988333702087402,6.0,27.389444828033447,15.0,0.27701430698985086,0.23564601999468507,50.027779738108315,0.24986117843799113,49.92361068725586,0.25038253098930824,14.17129635810852,2.6461940426885,40.992167101827675,8.81201044386423,50.19582245430809,79.385821280655,64.1144991186348,50.027779738108315,0.25012158303758697,52.333333333333336,3
2023-10-13,1257.0,275.0,1546.0,12.006667137145996,11.973333358764648,3.4638888835906982,3.0,3.0,9.0,429.88800048828125,2023,10,2023-10,1546.0,1532.0,3078.0,1821.0,23.980000495910645,6.0,27.443889379501343,15.0,0.2780646833688753,0.23607248791229063,50.027779738108315,0.24986117843799113,49.88888899485271,0.2505567923408695,14.432870348294577,2.5982357698121423,40.838206627680314,8.934372969460687,50.227420402859,79.39053741092657,64.47039066006869,50.027779738108315,0.2502085019148849,52.375,3
2023-10-14,1220.0,329.0,1560.0,9.1850004196167,14.793889045715332,4.1533331871032715,3.0,4.0,10.0,450.3680114746094,2023,10,2023-10,1560.0,1549.0,3109.0,1889.0,23.97888946533203,7.0,28.132222652435303,17.0,0.2886974432529547,0.2384160992454258,38.27083508173625,0.3266194733745253,61.64120435714722,0.2703819115879132,17.305554946263634,2.4077047396658458,39.24091347700225,10.58218076551946,50.17690575747829,79.21348593500633,65.05722469989287,61.64120435714722,0.291923444166186,50.833333333333336,3
2023-10-15,1219.0,332.0,1563.0,11.989444732666016,11.98611068725586,4.186110973358154,2.0,3.0,10.0,453.9519958496094,2023,10,2023-10,1563.0,1551.0,3114.0,1895.0,23.975555419921875,5.0,28.16166639328003,15.0,0.290436337715681,0.23955250440612633,49.95601971944173,0.16681339666639197,49.942127863566085,0.2502896959886852,17.442129055658974,2.388852102498818,39.14579319203597,10.661528580603726,50.19267822736031,79.30988980296075,65.19139901556838,49.95601971944173,0.20854574221231087,50.791666666666664,3
2023-10-16,1310.0,197.0,1520.0,12.006667137145996,11.981666564941406,2.482222318649292,3.0,3.0,7.0,402.3039855957031,2023,10,2023-10,1520.0,1507.0,3027.0,1717.0,23.988333702087402,6.0,26.470556020736694,13.0,0.2646736747340152,0.23430633989266345,50.027779738108315,0.24986117843799113,49.92361068725586,0.25038253098930824,10.342592994372051,2.8200536057580328,43.277172117608195,6.50809382226627,50.21473406012553,79.36436576204748,63.36413436952203,50.027779738108315,0.25012158303758697,54.583333333333336,3
2023-10-17,1344.0,113.0,1470.0,12.006667137145996,11.944999694824219,1.4194444417953491,3.0,3.0,4.0,365.760009765625,2023,10,2023-10,1470.0,1457.0,2927.0,1583.0,23.951666831970215,6.0,25.371111273765564,10.0,0.24881633317389457,0.23105496510778584,50.027779738108315,0.24986117843799113,49.77083206176758,0.2511511156672447,5.914351840813955,2.818003919153538,45.91732148957978,3.8606081311923472,50.22207037922788,79.60861071608745,61.37359918675359,50.027779738108315,0.2505044864765452,56.0,3
2023-10-18,1333.0,134.0,1482.0,12.006667137145996,11.98277759552002,1.6916667222976685,3.0,3.0,5.0,375.42401123046875,2023,10,2023-10,1482.0,1467.0,2949.0,1616.0,23.989444732666016,6.0,25.681111454963684,11.0,0.25332254468992493,0.23231683863271582,50.027779738108315,0.24986117843799113,49.92823998133342,0.25035931578347953,7.048611342906952,2.9556649274325513,45.20176330959647,4.543913190912174,50.25432349949135,79.21182005519238,61.777169772586944,50.027779738108315,0.25010999907929937,55.541666666666664,3
2023-10-19,1348.0,107.0,1470.0,12.006667137145996,11.967778205871582,1.3472222089767456,3.0,3.0,4.0,365.88800048828125,2023,10,2023-10,1470.0,1455.0,2925.0,1577.0,23.974445343017578,6.0,25.321667551994324,10.0,0.24890340169270833,0.23201521907944278,50.027779738108315,0.24986117843799113,49.86574252446492,0.2506730947376809,5.613425870736441,2.969072194139463,46.085470085470085,3.658119658119658,50.256410256410255,79.42268119323063,61.315287130433205,50.027779738108315,0.25026647808340086,56.166666666666664,3
2023-10-20,1341.0,134.0,1489.0,12.006667137145996,11.980555534362793,1.6838889122009277,3.0,3.0,5.0,377.1520080566406,2023,10,2023-10,1489.0,1475.0,2964.0,1623.0,23.98722267150879,6.0,25.671111583709717,11.0,0.25329214778820724,0.23237954901826285,50.027779738108315,0.24986117843799113,49.9189813931783,0.2504057505009145,7.016203800837199,2.969317015969152,45.24291497975709,4.520917678812416,50.2361673414305,79.57769602797327,62.074714542446124,50.027779738108315,0.25013316806895686,55.875,3
2023-10-21,1301.0,192.0,1508.0,12.006667137145996,11.965555191040039,2.4183332920074463,3.0,3.0,7.0,398.4639892578125,2023,10,2023-10,1508.0,1493.0,3001.0,1700.0,23.972222328186035,6.0,26.39055562019348,13.0,0.2642334146271966,0.2343905819163603,50.027779738108315,0.24986117843799113,49.856479962666825,0.2507196659162492,10.076388716697693,2.894555528443863,43.35221592802399,6.39786737754082,50.24991669443519,79.39352306588881,62.90614108926085,50.027779738108315,0.25028968603154184,54.208333333333336,3
2023-10-22,1322.0,202.0,1537.0,12.006667137145996,11.981666564941406,2.5383334159851074,3.0,3.0,7.0,405.6960144042969,2023,10,2023-10,1537.0,1524.0,3061.0,1739.0,23.988333702087402,6.0,26.52666711807251,13.0,0.26395316486941894,0.23329270523536336,50.027779738108315,0.24986117843799113,49.92361068725586,0.25038253098930824,10.576389233271282,2.757714946317781,43.188500490035935,6.599150604377654,50.21234890558641,79.57977416517025,64.07281218812852,50.027779738108315,0.25012158303758697,55.083333333333336,3
2023-10-23,1319.0,199.0,1534.0,12.006667137145996,11.96833324432373,2.5027778148651123,3.0,3.0,7.0,405.44000244140625,2023,10,2023-10,1534.0,1518.0,3052.0,1733.0,23.975000381469727,6.0,26.47777819633484,13.0,0.2643024787753626,0.23395268461708382,50.027779738108315,0.24986117843799113,49.868055184682206,0.25066146962634267,10.428240895271301,2.796892300396736,43.2175622542595,6.520314547837483,50.26212319790302,79.51165253985006,63.983314936071004,50.027779738108315,0.2502606842349583,54.958333333333336,3
2023-10-24,1312.0,192.0,1516.0,12.006667137145996,11.982222557067871,2.422222137451172,3.0,3.0,7.0,400.0639953613281,2023,10,2023-10,1516.0,1504.0,3020.0,1708.0,23.988889694213867,6.0,26.41111183166504,13.0,0.2638944560430924,0.23422950548087126,50.027779738108315,0.24986117843799113,49.925927321116134,0.2503709128846393,10.092592239379883,2.8899083580195,43.443708609271525,6.357615894039735,50.198675496688736,79.26605781996344,63.19592191737244,50.027779738108315,0.2501157859526614,54.666666666666664,3
2023-10-25,1312.0,191.0,1516.0,12.006667137145996,11.9622220993042,2.406111001968384,3.0,3.0,7.0,399.67999267578125,2023,10,2023-10,1516.0,1503.0,3019.0,1707.0,23.968889236450195,6.0,26.37500023841858,13.0,0.26364115611858924,0.2341417648950095,50.027779738108315,0.24986117843799113,49.84259208043416,0.2507895251480492,10.0254625082016,2.9092589636444295,43.45809870818152,6.326598211328255,50.21530308049022,79.38120886515514,63.24865474761234,50.027779738108315,0.25032449108553695,54.666666666666664,3
2023-10-26,1375.0,80.0,1469.0,12.006667137145996,11.980555534362793,1.0149999856948853,3.0,3.0,3.0,355.9679870605469,2023,10,2023-10,1469.0,1455.0,2924.0,1549.0,23.98722267150879,6.0,25.002222657203674,9.0,0.24231993673284336,0.229805027153355,50.027779738108315,0.24986117843799113,49.9189813931783,0.2504057505009145,4.229166607062021,2.9556650662868256,47.024623803009575,2.7359781121751023,50.23939808481532,78.81773510098202,61.2409373155496,50.027779738108315,0.25013316806895686,57.291666666666664,3
2023-10-27,1318.0,76.0,1409.0,12.006667137145996,11.950555801391602,0.9544444680213928,3.0,3.0,3.0,345.0880126953125,2023,10,2023-10,1409.0,1394.0,2803.0,1485.0,23.957222938537598,6.0,24.91166740655899,9.0,0.2449169713948279,0.23238250013152356,50.027779738108315,0.24986117843799113,49.79398250579834,0.25103434935224184,3.9768519500891366,3.1431896778857524,47.02104887620407,2.7113806635747415,50.26757046022119,79.6274718397724,58.81316059105841,50.027779738108315,0.25044639002579877,54.916666666666664,3
2023-10-28,1331.0,80.0,1425.0,15.463889122009277,8.52388858795166,1.0116666555404663,4.0,4.0,3.0,348.35198974609375,2023,10,2023-10,1425.0,1411.0,2836.0,1505.0,23.987777709960938,8.0,24.999444365501404,11.0,0.24445753666392545,0.2314631161103613,64.43287134170532,0.25866714178045436,35.516202449798584,0.4692693902233679,4.21527773141861,2.9654036569953957,46.93229901269393,2.8208744710860367,50.24682651622003,79.07743085321054,59.40525284292042,64.43287134170532,0.33350317385499184,55.458333333333336,3
2023-10-29,1331.0,133.0,1477.0,12.008333206176758,12.96833324432373,1.6783332824707031,3.0,3.0,5.0,375.67999267578125,2023,10,2023-10,1477.0,1464.0,2941.0,1610.0,24.97666645050049,6.0,26.65499973297119,11.0,0.25435341413390744,0.2333416103576281,50.03472169240316,0.24982651201391398,54.03472185134888,0.23133273516957986,6.99305534362793,2.979146068437262,45.25671540292417,4.522271336280177,50.221013260795644,79.24528542043117,59.13519335845571,54.03472185134888,0.2402242113410523,55.458333333333336,3
2023-10-30,1297.0,104.0,1416.0,12.008333206176758,11.981666564941406,1.3083332777023315,3.0,3.0,4.0,355.3280029296875,2023,10,2023-10,1416.0,1401.0,2817.0,1520.0,23.989999771118164,6.0,25.298333048820496,10.0,0.250937855176333,0.23376842298005757,50.03472169240316,0.24982651201391398,49.92361068725586,0.25038253098930824,5.451388657093048,3.057324970763351,46.041888533901314,3.691870784522542,50.26624068157615,79.49044923984712,59.024594143795646,50.03472169240316,0.25010421247371034,54.041666666666664,3
2023-10-31,1319.0,75.0,1409.0,12.016111373901367,11.964444160461426,0.9433333277702332,3.0,3.0,3.0,344.0639953613281,2023,10,2023-10,1409.0,1394.0,2803.0,1484.0,23.980555534362793,6.0,24.923888862133026,9.0,0.24419020252755722,0.2318490534779839,50.06713072458903,0.24966479642623068,49.85185066858928,0.25074294800204916,3.9305555323759713,3.1802120328888743,47.05672493756689,2.6757046022119155,50.26757046022119,79.50530082222186,58.75593657457109,50.06713072458903,0.2502027107504802,54.958333333333336,3
2023-11-01,1346.0,52.0,1414.0,12.008333206176758,11.98277759552002,0.648888885974884,3.0,3.0,2.0,339.20001220703125,2023,11,2023-11,1414.0,1398.0,2812.0,1466.0,23.991110801696777,6.0,24.63999968767166,8.0,0.23988685446041813,0.2313779073717812,50.03472169240316,0.24982651201391398,49.92823998133342,0.25035931578347953,2.7037036915620165,3.0821917946633044,47.86628733997155,1.849217638691323,50.28449502133713,80.13698666124591,58.938496499294835,50.03472169240316,0.2500926301243062,56.083333333333336,3
2023-11-02,1316.0,133.0,1461.0,12.008333206176758,11.977222442626953,1.679444432258606,3.0,3.0,5.0,371.45599365234375,2023,11,2023-11,1461.0,1449.0,2910.0,1594.0,23.98555564880371,6.0,25.665000081062317,11.0,0.25424777115150154,0.2330338730566774,50.03472169240316,0.24982651201391398,49.90509351094563,0.250475434882381,6.997685134410858,2.9771750133320785,45.223367697594504,4.570446735395189,50.20618556701031,79.19285535463328,60.911659558442125,50.03472169240316,0.250150552601405,54.833333333333336,3
2023-11-03,1314.0,74.0,1404.0,12.008333206176758,11.983888626098633,0.9316666722297668,3.0,3.0,3.0,343.8080139160156,2023,11,2023-11,1404.0,1388.0,2792.0,1478.0,23.99222183227539,6.0,24.923888504505157,9.0,0.2448775027891849,0.23261705948309583,50.03472169240316,0.24982651201391398,49.932869275410965,0.2503361048822308,3.8819444676240287,3.22003575894807,47.06303724928367,2.650429799426934,50.286532951289395,79.42754872071906,58.51896543034116,50.03472169240316,0.2500810488476118,54.75,3
2023-11-04,1312.0,78.0,1404.0,12.008333206176758,11.977777481079102,0.9850000143051147,3.0,3.0,3.0,344.0639953613281,2023,11,2023-11,1404.0,1390.0,2794.0,1482.0,23.98611068725586,6.0,24.971110701560974,9.0,0.24505982575593172,0.23216194018983005,50.03472169240316,0.24982651201391398,49.90740617116292,0.2504638280965731,4.104166726271311,3.045685234955455,46.957766642806014,2.791696492483894,50.25053686471009,79.18781610884183,58.53387480388656,50.03472169240316,0.25014476411917336,54.666666666666664,3
2023-11-05,1291.0,102.0,1410.0,12.008333206176758,11.981666564941406,1.2855556011199951,3.0,3.0,4.0,353.5360107421875,2023,11,2023-11,1410.0,1393.0,2803.0,1512.0,23.989999771118164,6.0,25.27555537223816,10.0,0.2507347593916223,0.23382011292472718,50.03472169240316,0.24982651201391398,49.92361068725586,0.25038253098930824,5.356481671333313,3.1114951360447893,46.05779521940778,3.6389582590082057,50.30324652158402,79.34312596914212,58.77448993132193,50.03472169240316,0.25010421247371034,53.791666666666664,3
2023-11-06,1285.0,132.0,1432.0,12.008333206176758,11.97611141204834,1.6577777862548828,3.0,3.0,5.0,366.78399658203125,2023,11,2023-11,1432.0,1417.0,2849.0,1564.0,23.984444618225098,6.0,25.64222240447998,11.0,0.25613407582544084,0.2345166218555187,50.03472169240316,0.24982651201391398,49.90046421686809,0.2504986716290821,6.907407442728679,3.0160857754618577,45.10354510354511,4.633204633204633,50.26325026325026,79.62466447219305,59.70536415556039,50.03472169240316,0.2501621403165938,53.541666666666664,3
2023-11-07,1279.0,136.0,1428.0,12.008333206176758,11.979999542236328,1.7116667032241821,3.0,3.0,5.0,366.8479919433594,2023,11,2023-11,1428.0,1415.0,2843.0,1564.0,23.988332748413086,6.0,25.699999451637268,11.0,0.2568963529015122,0.2345575396057285,50.03472169240316,0.24982651201391398,49.91666475931804,0.2504173718390631,7.1319445967674255,2.9211294410189477,44.98768906085122,4.783679212099894,50.22863172704889,79.45472079571537,59.52893912956361,50.03472169240316,0.2501215929813597,53.291666666666664,3
2023-11-08,1300.0,75.0,1391.0,12.093889236450195,11.875555992126465,0.9444444179534912,3.0,3.0,3.0,341.5039978027344,2023,11,2023-11,1391.0,1375.0,2766.0,1466.0,23.96944522857666,6.0,24.91388964653015,9.0,0.24550970366839278,0.232949521011415,50.391205151875816,0.24805915957607708,49.48148330052693,0.2526197511921977,3.9351850748062134,3.176470677332897,46.99927693420101,2.711496746203905,50.28922631959508,79.41176693332243,58.03221504441134,50.391205151875816,0.2503186845912782,54.166666666666664,3
2023-11-09,1297.0,103.0,1416.0,12.006667137145996,11.982222557067871,1.2961111068725586,3.0,3.0,4.0,355.00799560546875,2023,11,2023-11,1416.0,1400.0,2816.0,1519.0,23.988889694213867,6.0,25.285000801086426,10.0,0.25071186130329715,0.23371164950985435,50.027779738108315,0.24986117843799113,49.925927321116134,0.2503709128846393,5.400462945302328,3.0861551751159433,46.05823863636363,3.6576704545454546,50.28409090909091,79.46849575923554,59.02732548482808,50.027779738108315,0.2501157859526614,54.041666666666664,3
2023-11-10,1335.0,25.0,1376.0,12.006667137145996,11.966666221618652,0.31166666746139526,3.0,3.0,1.0,322.8800048828125,2023,11,2023-11,1376.0,1360.0,2736.0,1401.0,23.97333335876465,6.0,24.285000026226044,7.0,0.23465116633925326,0.2304639578035778,50.027779738108315,0.24986117843799113,49.861109256744385,0.25069638815364315,1.2986111144224801,3.2085561415510226,48.79385964912281,0.9137426900584795,50.29239766081871,80.21390353877557,57.39710783677626,50.027779738108315,0.2502780864975709,55.625,3
2023-11-11,1296.0,79.0,1390.0,12.006667137145996,11.98277759552002,0.9872221946716309,3.0,3.0,3.0,342.0799865722656,2023,11,2023-11,1390.0,1375.0,2765.0,1469.0,23.989444732666016,6.0,24.976666927337646,9.0,0.24610070976421988,0.23286588602604877,50.027779738108315,0.24986117843799113,49.92823998133342,0.25035931578347953,4.113425811131796,3.0388295727061303,46.87160940325497,2.857142857142857,50.27124773960217,80.02251208126143,57.94214978670435,50.027779738108315,0.25010999907929937,54.0,3
2023-11-12,1289.0,83.0,1389.0,12.006667137145996,11.942777633666992,1.0466666221618652,3.0,3.0,3.0,343.67999267578125,2023,11,2023-11,1389.0,1372.0,2761.0,1472.0,23.94944477081299,6.0,24.996111392974854,9.0,0.2474298003425351,0.23347825589387314,50.027779738108315,0.24986117843799113,49.76157347361247,0.25119784459043465,4.3611109256744385,2.8662421600906414,46.68598333936979,3.0061571894241217,50.307859471206086,79.29936642917441,57.99716917415823,50.027779738108315,0.2505277286140744,53.708333333333336,3
2023-11-13,1249.0,163.0,1427.0,12.717778205871582,11.26722240447998,2.049999952316284,4.0,3.0,6.0,374.9119873046875,2023,11,2023-11,1427.0,1412.0,2839.0,1590.0,23.985000610351562,7.0,26.035000562667847,13.0,0.26272739124364924,0.23579370270735062,52.99074252446493,0.31452034586931765,46.94676001866658,0.26625905589714505,8.541666467984516,2.9268293363717555,43.994364212750966,5.7414582599506865,50.26417752729835,79.51219697143269,59.49551651810792,52.99074252446493,0.29184906491012996,52.041666666666664,3
2023-11-14,1283.0,133.0,1434.0,11.97166633605957,12.010000228881836,1.6733332872390747,3.0,3.0,5.0,367.23199462890625,2023,11,2023-11,1434.0,1416.0,2850.0,1567.0,23.981666564941406,6.0,25.65499985218048,11.0,0.25608925706339347,0.23435353837198866,49.88194306691487,0.25059168170798174,50.04166762034098,0.24979183537278818,6.972222030162811,2.988047891074812,45.01754385964912,4.666666666666667,50.31578947368421,79.48207390259,59.795677507098375,50.04166762034098,0.25019111927656223,53.458333333333336,3
2023-11-15,1305.0,101.0,1421.0,11.98277759552002,12.010000228881836,1.2711111307144165,3.0,3.0,4.0,352.9599914550781,2023,11,2023-11,1421.0,1406.0,2827.0,1522.0,23.992777824401855,6.0,25.263888955116272,10.0,0.2483884528184927,0.23190538203355987,49.92823998133342,0.25035931578347953,50.04166762034098,0.24979183537278818,5.296296377976736,3.1468530983218095,46.16200919702865,3.572691899540149,50.2652989034312,79.45804073262569,59.22615590408093,50.04166762034098,0.25007525364143957,54.375,3
2023-11-16,1275.0,128.0,1417.0,11.96500015258789,12.010000228881836,1.6072221994400024,3.0,3.0,5.0,360.76800537109375,2023,11,2023-11,1417.0,1403.0,2820.0,1545.0,23.975000381469727,6.0,25.58222258090973,11.0,0.254599862647208,0.23350679959294093,49.85416730244954,0.2507312964263636,50.04166762034098,0.24979183537278818,6.6967591643333435,3.1109575276785804,45.21276595744681,4.539007092198582,50.24822695035461,79.64051270857165,59.10323159348932,50.04166762034098,0.2502606842349583,53.125,3
2023-11-17,1296.0,76.0,1386.0,11.98277759552002,12.010000228881836,0.9511111378669739,3.0,3.0,3.0,339.0719909667969,2023,11,2023-11,1386.0,1372.0,2758.0,1462.0,23.992777824401855,6.0,24.94388896226883,9.0,0.24464068612323006,0.23192338643419758,49.92823998133342,0.25035931578347953,50.04166762034098,0.24979183537278818,3.9629630744457245,3.1542055187451625,46.99057287889775,2.755620014503263,50.25380710659898,79.90653980821078,57.76738359117253,50.04166762034098,0.25007525364143957,54.0,3
2023-11-18,1278.0,134.0,1426.0,11.973333358764648,12.010000228881836,1.6855555772781372,3.0,3.0,5.0,364.9280090332031,2023,11,2023-11,1426.0,1412.0,2838.0,1560.0,23.983333587646484,6.0,25.66888916492462,11.0,0.2559102447638171,0.23392821091871996,49.88888899485271,0.2505567923408695,50.04166762034098,0.24979183537278818,7.023148238658905,2.9663809769322955,45.03171247357294,4.721634954193093,50.24665257223396,79.49901018178552,59.457956284046965,50.04166762034098,0.250173729105387,53.25,3
2023-11-19,1276.0,104.0,1394.0,11.980555534362793,12.010000228881836,1.2994444370269775,3.0,3.0,4.0,349.31201171875,2023,11,2023-11,1394.0,1380.0,2774.0,1498.0,23.99055576324463,6.0,25.290000200271606,10.0,0.2505825048197633,0.2331855885972964,49.9189813931783,0.2504057505009145,50.04166762034098,0.24979183537278818,5.41435182094574,3.07823858105982,45.99855803893295,3.749098774333093,50.25234318673396,80.03420310755531,58.10619869572655,50.04166762034098,0.25009841619394496,53.166666666666664,3
2023-11-20,1290.0,109.0,1416.0,11.966666221618652,12.010000228881836,1.3655555248260498,3.0,3.0,4.0,355.64801025390625,2023,11,2023-11,1416.0,1399.0,2815.0,1525.0,23.97666645050049,6.0,25.342221975326538,10.0,0.25116384904936884,0.23321181000256147,49.861109256744385,0.25069638815364315,50.04166762034098,0.24979183537278818,5.6898146867752075,2.92921080635629,45.825932504440495,3.8721136767317943,50.301953818827705,79.8209944732089,59.05741746557276,50.04166762034098,0.2502432943456473,53.75,3
2023-11-21,1310.0,76.0,1403.0,11.979999542236328,12.010000228881836,0.9544444680213928,3.0,3.0,3.0,343.4880065917969,2023,11,2023-11,1403.0,1386.0,2789.0,1479.0,23.989999771118164,6.0,24.944444239139557,9.0,0.24482395337975543,0.23224341216483899,49.91666475931804,0.2504173718390631,50.04166762034098,0.24979183537278818,3.9768519500891366,3.1431896778857524,46.97024022947293,2.7249910362136966,50.30476873431338,79.6274718397724,58.482701683435934,50.04166762034098,0.25010421247371034,54.583333333333336,3
2023-11-22,1324.0,49.0,1389.0,11.972222328186035,12.010000228881836,0.6194444298744202,3.0,3.0,2.0,332.99200439453125,2023,11,2023-11,1389.0,1373.0,2762.0,1438.0,23.98222255706787,6.0,24.60166698694229,8.0,0.23973506435891379,0.23156606703374913,49.88425970077515,0.250580044185877,50.04166762034098,0.24979183537278818,2.5810184578100843,3.2286996275121234,47.936278059377265,1.7740767559739319,50.289645184648805,79.10314087404703,57.91790134107665,50.04166762034098,0.2501853189679337,55.166666666666664,3
2023-11-23,759.0,662.0,1433.0,11.963889122009277,12.010000228881836,8.329999923706055,3.0,3.0,7.0,519.8079833984375,2023,11,2023-11,1433.0,1421.0,2854.0,2095.0,23.973889350891113,6.0,32.30388927459717,13.0,0.3627410909968161,0.24811836916393198,49.849538008371994,0.2507545806723562,50.04166762034098,0.24979183537278818,34.708333015441895,0.8403361421503673,26.594253679046954,23.19551506657323,50.21023125437982,79.4717894433633,59.77336338822867,50.04166762034098,0.25027228215587716,31.625,3
2023-11-24,1374.0,0.0,1384.0,11.967778205871582,12.010000228881836,0.0,3.0,3.0,0.0,316.6719970703125,2023,11,2023-11,1384.0,1374.0,2758.0,1384.0,23.977778434753418,6.0,23.977778434753418,6.0,0.22880924643808706,0.22880924643808706,49.86574252446492,0.2506730947376809,50.04166762034098,0.24979183537278818,0.0,,49.818709209572155,0.0,50.181290790427845,,57.720109632593356,50.04166762034098,0.2502316891586417,57.25,2
2023-11-25,1422.0,0.0,1441.0,11.97166633605957,12.010000228881836,0.0,3.0,3.0,0.0,329.7919921875,2023,11,2023-11,1441.0,1422.0,2863.0,1441.0,23.981666564941406,6.0,23.981666564941406,6.0,0.22886328396079111,0.22886328396079111,49.88194306691487,0.25059168170798174,50.04166762034098,0.24979183537278818,0.0,,49.66818023052742,0.0,50.33181976947259,,60.087567146254365,50.04166762034098,0.25019111927656223,59.25,2
2023-11-26,1398.0,53.0,1466.0,11.975555419921875,12.010000228881836,0.6611111164093018,3.0,3.0,2.0,346.9440002441406,2023,11,2023-11,1466.0,1451.0,2917.0,1519.0,23.98555564880371,6.0,24.646666765213013,8.0,0.23666030030296087,0.22840289680325254,49.89814758300781,0.25051030159397575,50.04166762034098,0.24979183537278818,2.7546296517054243,3.0252100597893685,47.92595131984916,1.816935207404868,50.25711347274597,80.16806658441827,61.12011835227663,50.04166762034098,0.250150552601405,58.25,3
2023-11-27,1412.0,0.0,1430.0,11.964444160461426,12.010000228881836,0.0,3.0,3.0,0.0,325.760009765625,2023,11,2023-11,1430.0,1412.0,2842.0,1430.0,23.97444438934326,6.0,23.97444438934326,6.0,0.2278042026333042,0.2278042026333042,49.85185066858928,0.25074294800204916,50.04166762034098,0.24979183537278818,0.0,,49.683321604503874,0.0,50.316678395496126,,59.64684631588963,50.04166762034098,0.2502664880386978,58.833333333333336,2
2023-11-28,1374.0,0.0,1390.0,11.97944450378418,12.010000228881836,0.0,3.0,3.0,0.0,318.0799865722656,2023,11,2023-11,1390.0,1374.0,2764.0,1390.0,23.989444732666016,6.0,23.989444732666016,6.0,0.22883452271386015,0.22883452271386015,49.91435209910075,0.25042897431949634,50.04166762034098,0.24979183537278818,0.0,,49.71056439942113,0.0,50.28943560057887,,57.94214978670435,50.04166762034098,0.25010999907929937,57.25,2
2023-11-29,1405.0,0.0,1422.0,11.972777366638184,12.010000228881836,0.0,3.0,3.0,0.0,325.5039978027344,2023,11,2023-11,1422.0,1405.0,2827.0,1422.0,23.98277759552002,6.0,23.98277759552002,6.0,0.22890576498082585,0.22890576498082585,49.88657236099243,0.25056842770328447,50.04166762034098,0.24979183537278818,0.0,,49.69932790944464,0.0,50.30067209055535,,59.29254834375938,50.04166762034098,0.2501795288766218,58.541666666666664,2
2023-11-30,1390.0,0.0,1407.0,11.981666564941406,12.010000228881836,0.0,3.0,3.0,0.0,321.9840087890625,2023,11,2023-11,1407.0,1390.0,2797.0,1407.0,23.991666793823242,6.0,23.991666793823242,6.0,0.22884435592683902,0.22884435592683902,49.92361068725586,0.25038253098930824,50.04166762034098,0.24979183537278818,0.0,,49.69610296746514,0.0,50.30389703253486,,58.64536266243237,50.04166762034098,0.2500868343813747,57.916666666666664,2
2023-12-01,1356.0,0.0,1372.0,11.966666221618652,12.010000228881836,0.0,3.0,3.0,0.0,314.4960021972656,2023,12,2023-12,1372.0,1356.0,2728.0,1372.0,23.97666645050049,6.0,23.97666645050049,6.0,0.22922449139742393,0.22922449139742393,49.861109256744385,0.25069638815364315,50.04166762034098,0.24979183537278818,0.0,,49.70674486803519,0.0,50.29325513196481,,57.22229997370468,50.04166762034098,0.2502432943456473,56.5,2
2023-12-02,1326.0,80.0,1422.0,11.982222557067871,12.010000228881836,0.9983333349227905,3.0,3.0,4.0,348.4800109863281,2023,12,2023-12,1422.0,1406.0,2828.0,1502.0,23.992222785949707,6.0,24.990556120872498,10.0,0.24506329886520964,0.2320106597778483,49.925927321116134,0.2503709128846393,50.04166762034098,0.24979183537278818,4.159722228844961,4.006677789948138,46.88826025459689,2.828854314002829,50.28288543140028,80.13355579896275,59.269206220973814,50.04166762034098,0.2500810389070625,55.25,3
2023-12-03,1336.0,52.0,1404.0,11.962778091430664,12.010000228881836,0.6549999713897705,3.0,3.0,2.0,337.66400146484375,2023,12,2023-12,1404.0,1388.0,2792.0,1456.0,23.9727783203125,6.0,24.62777829170227,8.0,0.2405014255447605,0.23191208891816192,49.844908714294434,0.25077786924334905,50.04166762034098,0.24979183537278818,2.7291665474573774,3.0534352478770734,47.85100286532951,1.8624641833810889,50.286532951289395,79.38931644480391,58.56642818952567,50.04166762034098,0.25028388115181915,55.666666666666664,3
2023-12-04,1345.0,52.0,1414.0,11.977777481079102,12.010000228881836,0.6511111259460449,3.0,3.0,2.0,339.00799560546875,2023,12,2023-12,1414.0,1397.0,2811.0,1466.0,23.987777709960938,6.0,24.638888835906982,8.0,0.23975105771249558,0.23124692742528563,49.90740617116292,0.2504638280965731,50.04166762034098,0.24979183537278818,2.7129630247751875,3.071672284963738,47.84774101743152,1.8498754891497686,50.30238349341871,79.86347940905719,58.9466859788698,50.04166762034098,0.2501273803912439,56.041666666666664,3
2023-12-05,1350.0,0.0,1367.0,15.108888626098633,8.863333702087402,0.0,3.0,3.0,0.0,315.2640075683594,2023,12,2023-12,1367.0,1350.0,2717.0,1367.0,23.972222328186035,6.0,23.972222328186035,6.0,0.2306247312131378,0.2306247312131378,62.9537026087443,0.19855861501407135,36.93055709203084,0.3384730961098159,0.0,,49.687154950312845,0.0,50.31284504968716,,57.02433346751962,62.9537026087443,0.25028968603154184,56.25,2
2023-12-06,1366.0,0.0,1384.0,11.97944450378418,12.010000228881836,0.0,3.0,3.0,0.0,316.6719970703125,2023,12,2023-12,1384.0,1366.0,2750.0,1384.0,23.989444732666016,6.0,23.989444732666016,6.0,0.22880924643808706,0.22880924643808706,49.91435209910075,0.25042897431949634,50.04166762034098,0.24979183537278818,0.0,,49.67272727272727,0.0,50.32727272727273,,57.69203978762505,50.04166762034098,0.25010999907929937,56.916666666666664,2
2023-12-07,1342.0,0.0,1360.0,11.97166633605957,12.010000228881836,0.0,3.0,3.0,0.0,312.1919860839844,2023,12,2023-12,1360.0,1342.0,2702.0,1360.0,23.981666564941406,6.0,23.981666564941406,6.0,0.22955293094410617,0.22955293094410617,49.88194306691487,0.25059168170798174,50.04166762034098,0.24979183537278818,0.0,,49.66691339748335,0.0,50.33308660251665,,56.70998703602078,50.04166762034098,0.25019111927656223,55.916666666666664,2
2023-12-08,1326.0,27.0,1366.0,11.984444618225098,12.010000228881836,0.31388887763023376,3.0,3.0,1.0,321.47198486328125,2023,12,2023-12,1366.0,1353.0,2719.0,1393.0,23.994444847106934,6.0,24.308333724737167,7.0,0.23533820268175787,0.23077672998081927,49.93518590927124,0.25032449108553695,50.04166762034098,0.24979183537278818,1.3078703234593072,3.1858408222352383,48.767929385803605,0.9930121368150056,50.23905847738139,86.01770220035144,56.92984391613052,50.04166762034098,0.2500578795730477,55.25,3
2023-12-09,1324.0,53.0,1391.0,11.972777366638184,12.010000228881836,0.6438888907432556,3.0,3.0,2.0,337.21600341796875,2023,12,2023-12,1391.0,1377.0,2768.0,1444.0,23.98277759552002,6.0,24.626666486263275,8.0,0.24242703337021476,0.23352908823959054,49.88657236099243,0.25056842770328447,50.04166762034098,0.24979183537278818,2.682870378096898,3.1061259617188837,47.832369942196536,1.9147398843930636,50.2528901734104,82.31233798555041,57.99995411123016,50.04166762034098,0.2501795288766218,55.166666666666664,3
2023-12-10,1329.0,27.0,1372.0,11.983888626098633,12.010000228881836,0.3233333230018616,3.0,3.0,1.0,328.8320007324219,2023,12,2023-12,1372.0,1356.0,2728.0,1399.0,23.99388885498047,6.0,24.31722217798233,7.0,0.23967346992159028,0.2350478918744974,49.932869275410965,0.2503361048822308,50.04166762034098,0.24979183537278818,1.3472221791744232,3.0927836039783707,48.71700879765396,0.9897360703812317,50.29325513196481,83.505157307416,57.18122678205249,50.04166762034098,0.2500636739739905,55.375,3
2023-12-11,1329.0,25.0,1371.0,11.95888900756836,12.010000228881836,0.3100000023841858,3.0,3.0,1.0,329.1520080566406,2023,12,2023-12,1371.0,1354.0,2725.0,1396.0,23.968889236450195,6.0,24.27888923883438,7.0,0.24008169807194793,0.2357822407282526,49.82870419820149,0.25085942332113004,50.04166762034098,0.24979183537278818,1.2916666766007743,3.225806426803478,48.77064220183486,0.9174311926605505,50.31192660550459,80.64516067008695,57.199146213045196,50.04166762034098,0.25032449108553695,55.375,3
2023-12-12,1338.0,2.0,1353.0,11.970555305480957,12.010000228881836,0.0,3.0,3.0,0.0,316.79998779296875,2023,12,2023-12,1353.0,1340.0,2693.0,1355.0,23.980555534362793,6.0,23.980555534362793,6.0,0.2341463324412186,0.23380072899850093,49.877313772837326,0.25061494002925583,50.04166762034098,0.24979183537278818,0.0,,49.68436687708875,0.07426661715558856,50.24136650575566,,56.42071127423328,50.04166762034098,0.2502027107504802,55.75,2
2023-12-13,1331.0,0.0,1348.0,11.982222557067871,12.010000228881836,0.0,3.0,3.0,0.0,318.52801513671875,2023,12,2023-12,1348.0,1331.0,2679.0,1348.0,23.992222785949707,6.0,23.992222785949707,6.0,0.23629674713406434,0.23629674713406434,49.925927321116134,0.2503709128846393,50.04166762034098,0.24979183537278818,0.0,,49.68271743187756,0.0,50.31728256812244,,56.184873407786704,50.04166762034098,0.2500810389070625,55.458333333333336,2
2023-12-14,1307.0,26.0,1350.0,11.970555305480957,12.010000228881836,0.3311111032962799,3.0,3.0,1.0,326.9119873046875,2023,12,2023-12,1350.0,1333.0,2683.0,1376.0,23.980555534362793,6.0,24.311666637659073,7.0,0.24215702763310185,0.23758138612259266,49.877313772837326,0.25061494002925583,50.04166762034098,0.24979183537278818,1.379629597067833,3.0201342994686438,48.714125978382405,0.9690644800596347,50.31680954155796,78.52349178618474,56.295609918858034,50.04166762034098,0.2502027107504802,54.458333333333336,3
2023-12-15,1296.0,1.0,1312.0,12.937222480773926,11.05555534362793,0.0,3.0,4.0,0.0,310.0159912109375,2023,12,2023-12,1312.0,1297.0,2609.0,1313.0,23.992777824401855,7.0,23.992777824401855,7.0,0.2362926762278487,0.2361127122703256,53.90509366989136,0.23188903216732307,46.064813931783036,0.36180905216176884,0.0,,49.67420467612112,0.038328861632809505,50.287466462246066,,54.68312212959478,53.90509366989136,0.2917544625816795,54.0,2
2023-12-16,1305.0,25.0,1346.0,12.008333206176758,11.963889122009277,0.3127777874469757,3.0,3.0,1.0,324.9280090332031,2023,12,2023-12,1346.0,1330.0,2676.0,1371.0,23.972222328186035,6.0,24.28500011563301,7.0,0.24140268130252832,0.2370007359833721,50.03472169240316,0.24982651201391398,49.849538008371994,0.2507545806723562,1.3032407810290656,3.1971579828683554,48.76681614349776,0.9342301943198804,50.29895366218236,79.92894957170888,56.14831956640922,50.03472169240316,0.25028968603154184,54.375,3
2023-12-17,1287.0,26.0,1326.0,12.008333206176758,11.986666679382324,0.3072222173213959,3.0,3.0,1.0,320.447998046875,2023,12,2023-12,1326.0,1313.0,2639.0,1352.0,23.994999885559082,6.0,24.302222102880478,7.0,0.24166515689809578,0.23701775003467085,50.03472169240316,0.24982651201391398,49.944444497426346,0.2502780864975709,1.280092572172483,3.254972927149553,48.76847290640394,0.9852216748768473,50.24630541871922,84.62929610588837,55.261513078732165,50.03472169240316,0.25005209537887857,53.625,3
2023-12-18,1304.0,27.0,1345.0,12.008333206176758,11.964444160461426,0.31611111760139465,3.0,3.0,1.0,325.0559997558594,2023,12,2023-12,1345.0,1331.0,2676.0,1372.0,23.972777366638184,6.0,24.28888848423958,7.0,0.24167732323855715,0.23692128262088877,50.03472169240316,0.24982651201391398,49.85185066858928,0.25074294800204916,1.3171296566724777,3.1634445747680595,48.729446935724965,1.0089686098654709,50.26158445440957,85.41300351873761,56.10530559015556,50.03472169240316,0.25028389110850063,54.333333333333336,3
2023-12-19,1331.0,1.0,1347.0,12.008333206176758,11.987777709960938,0.0,3.0,3.0,0.0,318.656005859375,2023,12,2023-12,1347.0,1332.0,2679.0,1348.0,23.996110916137695,6.0,23.996110916137695,6.0,0.23656719068995916,0.2363916957413761,50.03472169240316,0.24982651201391398,49.949073791503906,0.250254890654773,0.0,,49.68271743187756,0.03732736095558044,50.27995520716685,,56.134096258661856,50.03472169240316,0.2500405178559548,55.458333333333336,2
2023-12-20,1328.0,0.0,1343.0,12.008333206176758,11.973333358764648,0.0,3.0,3.0,0.0,316.99200439453125,2023,12,2023-12,1343.0,1328.0,2671.0,1343.0,23.981666564941406,6.0,23.981666564941406,6.0,0.2360327657442526,0.2360327657442526,50.03472169240316,0.24982651201391398,49.88888899485271,0.2505567923408695,0.0,,49.71920628977911,0.0,50.28079371022089,,56.001112198070516,50.03472169240316,0.25019111927656223,55.333333333333336,2
2023-12-21,1328.0,0.0,1346.0,12.008333206176758,11.985555648803711,0.0,3.0,3.0,0.0,317.6319885253906,2023,12,2023-12,1346.0,1328.0,2674.0,1346.0,23.99388885498047,6.0,23.99388885498047,6.0,0.2359821608658177,0.2359821608658177,50.03472169240316,0.24982651201391398,49.9398152033488,0.2503012866407602,0.0,,49.66342557965594,0.0,50.33657442034405,,56.0976175281652,50.03472169240316,0.2500636739739905,55.333333333333336,2
2023-12-22,1166.0,0.0,1178.0,9.276666641235352,13.690555572509766,0.0,3.0,3.0,0.0,277.88800048828125,2023,12,2023-12,1178.0,1166.0,2344.0,1178.0,22.967222213745117,6.0,22.967222213745117,6.0,0.235898132842344,0.235898132842344,38.652777671813965,0.32339202388332206,57.04398155212402,0.219129164197245,0.0,,49.744027303754265,0.0,50.255972696245735,,51.290486460962015,57.04398155212402,0.26124186652442455,48.583333333333336,2
2023-12-23,1132.0,0.0,1147.0,12.008333206176758,11.978888511657715,0.0,3.0,3.0,0.0,286.4639892578125,2023,12,2023-12,1147.0,1132.0,2279.0,1147.0,23.987221717834473,6.0,23.987221717834473,6.0,0.24975064451422188,0.24975064451422188,50.03472169240316,0.24982651201391398,49.91203546524048,0.2504405978134311,0.0,,49.67090829311102,0.0,50.32909170688898,,47.817125863609576,50.03472169240316,0.25013317801365076,47.166666666666664,2
2023-12-24,1129.0,0.0,1143.0,12.008333206176758,11.96833324432373,0.0,3.0,3.0,0.0,283.9679870605469,2023,12,2023-12,1143.0,1129.0,2272.0,1143.0,23.97666645050049,6.0,23.97666645050049,6.0,0.24844093356128336,0.24844093356128336,50.03472169240316,0.24982651201391398,49.868055184682206,0.25066146962634267,0.0,,49.691901408450704,0.0,50.308098591549296,,47.67134757284581,50.03472169240316,0.2502432943456473,47.041666666666664,2
2023-12-25,1051.0,0.0,1064.0,12.008333206176758,11.985555648803711,0.0,3.0,3.0,0.0,272.0,2023,12,2023-12,1064.0,1051.0,2115.0,1064.0,23.99388885498047,6.0,23.99388885498047,6.0,0.2556390977443609,0.2556390977443609,50.03472169240316,0.24982651201391398,49.9398152033488,0.2503012866407602,0.0,,49.692671394799056,0.0,50.307328605200944,,44.34462485138765,50.03472169240316,0.2500636739739905,43.791666666666664,2
2023-12-26,1070.0,0.0,1084.0,12.008333206176758,11.97166633605957,0.0,3.0,3.0,0.0,275.3919982910156,2023,12,2023-12,1084.0,1070.0,2154.0,1084.0,23.979999542236328,6.0,23.979999542236328,6.0,0.25405165894005133,0.25405165894005133,50.03472169240316,0.24982651201391398,49.88194306691487,0.25059168170798174,0.0,,49.675023212627664,0.0,50.324976787372336,,45.204337810379634,50.03472169240316,0.2502085118655699,44.583333333333336,2
2023-12-27,1062.0,0.0,1075.0,12.008333206176758,11.984999656677246,0.0,3.0,3.0,0.0,273.6000061035156,2023,12,2023-12,1075.0,1062.0,2137.0,1075.0,23.993332862854004,6.0,23.993332862854004,6.0,0.2545116335846657,0.2545116335846657,50.03472169240316,0.24982651201391398,49.937498569488525,0.2503128982843649,0.0,,49.69583528310716,0.0,50.30416471689284,,44.80411313195648,50.03472169240316,0.250069468643478,44.25,2
2023-12-28,1074.0,0.0,1089.0,12.008333206176758,11.964444160461426,0.0,3.0,3.0,0.0,275.7120056152344,2023,12,2023-12,1089.0,1074.0,2163.0,1089.0,23.972777366638184,6.0,23.972777366638184,6.0,0.2531790685172033,0.2531790685172033,50.03472169240316,0.24982651201391398,49.85185066858928,0.25074294800204916,0.0,,49.65325936199723,0.0,50.34674063800277,,45.42652623619287,50.03472169240316,0.25028389110850063,44.75,2
2023-12-29,1080.0,0.0,1095.0,12.008333206176758,11.987222671508789,0.0,3.0,3.0,0.0,276.6080017089844,2023,12,2023-12,1095.0,1080.0,2175.0,1095.0,23.995555877685547,6.0,23.995555877685547,6.0,0.25261004722281677,0.25261004722281677,50.03472169240316,0.24982651201391398,49.94676113128662,0.25026647808340086,0.0,,49.6551724137931,0.0,50.3448275862069,,45.633450026397824,50.03472169240316,0.25004630151450863,45.0,2
2023-12-30,1091.0,0.0,1105.0,12.008333206176758,11.9622220993042,0.0,3.0,3.0,0.0,278.8479919433594,2023,12,2023-12,1105.0,1091.0,2196.0,1105.0,23.970555305480957,6.0,23.970555305480957,6.0,0.25235112393064196,0.25235112393064196,50.03472169240316,0.24982651201391398,49.84259208043416,0.2507895251480492,0.0,,49.681238615664846,0.0,50.318761384335154,,46.09822283705449,50.03472169240316,0.2503070923278977,45.458333333333336,2
2023-12-31,1100.0,0.0,1115.0,12.008333206176758,11.984999656677246,0.0,3.0,3.0,0.0,279.87200927734375,2023,12,2023-12,1115.0,1100.0,2215.0,1115.0,23.993332862854004,6.0,23.993332862854004,6.0,0.25100628634739347,0.25100628634739347,50.03472169240316,0.24982651201391398,49.937498569488525,0.2503128982843649,0.0,,49.66139954853273,0.0,50.338600451467265,,46.471242922913,50.03472169240316,0.250069468643478,45.833333333333336,2
2024-01-01,1051.0,0.0,1064.0,12.008333206176758,11.954444885253906,0.0,3.0,3.0,0.0,269.88800048828125,2024,1,2024-01,1064.0,1051.0,2115.0,1064.0,23.962778091430664,6.0,23.962778091430664,6.0,0.2536541357972568,0.2536541357972568,50.03472169240316,0.24982651201391398,49.81018702189128,0.25095268151686173,0.0,,49.692671394799056,0.0,50.307328605200944,,44.40219727196394,50.03472169240316,0.2503883304809997,43.791666666666664,2
2024-01-02,1064.0,0.0,1078.0,12.008333206176758,11.98611068725586,0.0,3.0,3.0,0.0,273.8559875488281,2024,1,2024-01,1078.0,1064.0,2142.0,1078.0,23.994443893432617,6.0,23.994443893432617,6.0,0.2540408047762784,0.2540408047762784,50.03472169240316,0.24982651201391398,49.942127863566085,0.2502896959886852,0.0,,49.673202614379086,0.0,50.326797385620914,,44.927067482278815,50.03472169240316,0.25005788951175595,44.333333333333336,2
2024-01-03,1058.0,0.0,1072.0,12.008333206176758,11.963889122009277,0.0,3.0,3.0,0.0,272.7040100097656,2024,1,2024-01,1072.0,1058.0,2130.0,1072.0,23.972222328186035,6.0,23.972222328186035,6.0,0.2543880690389605,0.2543880690389605,50.03472169240316,0.24982651201391398,49.849538008371994,0.2507545806723562,0.0,,49.671361502347416,0.0,50.32863849765258,,44.71842390430214,50.03472169240316,0.25028968603154184,44.083333333333336,2
2024-01-04,1080.0,0.0,1096.0,12.008333206176758,11.987222671508789,0.0,3.0,3.0,0.0,275.90399169921875,2024,1,2024-01,1096.0,1080.0,2176.0,1096.0,23.995555877685547,6.0,23.995555877685547,6.0,0.2517372187036667,0.2517372187036667,50.03472169240316,0.24982651201391398,49.94676113128662,0.25026647808340086,0.0,,49.63235294117647,0.0,50.36764705882353,,45.675124409983574,50.03472169240316,0.25004630151450863,45.0,2
2024-01-05,1146.0,0.0,1159.0,12.008333206176758,11.9622220993042,0.0,3.0,3.0,0.0,286.2720031738281,2024,1,2024-01,1159.0,1146.0,2305.0,1159.0,23.970555305480957,6.0,23.970555305480957,6.0,0.2469991399256498,0.2469991399256498,50.03472169240316,0.24982651201391398,49.84259208043416,0.2507895251480492,0.0,,49.71800433839479,0.0,50.28199566160521,,48.350986668005575,50.03472169240316,0.2503070923278977,47.75,2
2024-01-06,1077.0,0.0,1092.0,12.30555534362793,11.685555458068848,0.0,4.0,3.0,0.0,275.45599365234375,2024,1,2024-01,1092.0,1077.0,2169.0,1092.0,23.991110801696777,7.0,23.991110801696777,7.0,0.25224907843621225,0.25224907843621225,51.27314726511637,0.3250564390067355,48.689814408620194,0.2567272057169099,0.0,,49.654218533886585,0.0,50.345781466113415,,45.516858682623734,51.27314726511637,0.29177473514502394,44.875,2
2024-01-07,1078.0,0.0,1092.0,11.797222137451172,12.17388916015625,0.0,3.0,3.0,0.0,275.7120056152344,2024,1,2024-01,1092.0,1078.0,2170.0,1092.0,23.971111297607422,6.0,23.971111297607422,6.0,0.2524835216256725,0.2524835216256725,49.15509223937988,0.254297152757366,50.72453816731771,0.2464290548840101,0.0,,49.67741935483871,0.0,50.32258064516129,,45.554834168618356,50.72453816731771,0.2503012866407602,44.916666666666664,2
2024-01-08,1085.0,0.0,1099.0,11.984444618225098,12.010000228881836,0.0,3.0,3.0,0.0,276.2879943847656,2024,1,2024-01,1099.0,1085.0,2184.0,1099.0,23.994444847106934,6.0,23.994444847106934,6.0,0.25139944893973215,0.25139944893973215,49.93518590927124,0.25032449108553695,50.04166762034098,0.24979183537278818,0.0,,49.67948717948718,0.0,50.32051282051282,,45.8022682751299,50.04166762034098,0.2500578795730477,45.208333333333336,2
2024-01-09,1128.0,0.0,1144.0,11.972777366638184,12.010000228881836,0.0,3.0,3.0,0.0,281.343994140625,2024,1,2024-01,1144.0,1128.0,2272.0,1144.0,23.98277759552002,6.0,23.98277759552002,6.0,0.24593006480823865,0.24593006480823865,49.88657236099243,0.25056842770328447,50.04166762034098,0.24979183537278818,0.0,,49.647887323943664,0.0,50.352112676056336,,47.700896839142565,50.04166762034098,0.2501795288766218,47.0,2
2024-01-10,1108.0,0.0,1124.0,11.989444732666016,12.010000228881836,0.0,3.0,3.0,0.0,274.1759948730469,2024,1,2024-01,1124.0,1108.0,2232.0,1124.0,23.99944496154785,6.0,23.99944496154785,6.0,0.2439288210614296,0.2439288210614296,49.95601971944173,0.25022009499958797,50.04166762034098,0.24979183537278818,0.0,,49.6415770609319,0.0,50.358422939068106,,46.83441645425067,50.04166762034098,0.25000578178425625,46.166666666666664,2
2024-01-11,1092.0,0.0,1105.0,11.960556030273438,12.010000228881836,0.0,3.0,3.0,0.0,270.3999938964844,2024,1,2024-01,1105.0,1092.0,2197.0,1105.0,23.970556259155273,6.0,23.970556259155273,6.0,0.24470587682939762,0.24470587682939762,49.83565012613933,0.25082445936515674,50.04166762034098,0.24979183537278818,0.0,,49.70414201183432,0.0,50.29585798816568,,46.09822100302567,50.04166762034098,0.25030708236937016,45.5,2
2024-01-12,1089.0,0.0,1102.0,11.983333587646484,12.010000228881836,0.0,3.0,3.0,0.0,270.5920104980469,2024,1,2024-01,1102.0,1089.0,2191.0,1102.0,23.99333381652832,6.0,23.99333381652832,6.0,0.24554628901819137,0.24554628901819137,49.93055661519368,0.25034769983309774,50.04166762034098,0.24979183537278818,0.0,,49.703331811958016,0.0,50.29666818804199,,45.92942391527366,50.04166762034098,0.25006945870384933,45.375,2
2024-01-13,1129.0,0.0,1145.0,11.973333358764648,12.010000228881836,0.0,3.0,3.0,0.0,278.97601318359375,2024,1,2024-01,1145.0,1129.0,2274.0,1145.0,23.983333587646484,6.0,23.983333587646484,6.0,0.2436471730861081,0.2436471730861081,49.88888899485271,0.2505567923408695,50.04166762034098,0.24979183537278818,0.0,,49.64819700967458,0.0,50.351802990325425,,47.741486637611345,50.04166762034098,0.250173729105387,47.041666666666664,2
2024-01-14,1124.0,0.0,1138.0,11.988333702087402,12.010000228881836,0.0,3.0,3.0,0.0,277.3760070800781,2024,1,2024-01,1138.0,1124.0,2262.0,1138.0,23.99833393096924,6.0,23.99833393096924,6.0,0.2437399007733551,0.2437399007733551,49.95139042536418,0.2502432843921955,50.04166762034098,0.24979183537278818,0.0,,49.69053934571176,0.0,50.30946065428824,,47.41995853851504,50.04166762034098,0.250017356090589,46.833333333333336,2
2024-01-15,1070.0,0.0,1084.0,11.9622220993042,12.010000228881836,0.0,3.0,3.0,0.0,267.0719909667969,2024,1,2024-01,1084.0,1070.0,2154.0,1084.0,23.972222328186035,6.0,23.972222328186035,6.0,0.24637637543062443,0.24637637543062443,49.84259208043416,0.2507895251480492,50.04166762034098,0.24979183537278818,0.0,,49.675023212627664,0.0,50.324976787372336,,45.21900327636523,50.04166762034098,0.25028968603154184,44.583333333333336,2
2024-01-16,1118.0,0.0,1133.0,11.984999656677246,12.010000228881836,0.0,3.0,3.0,0.0,276.4800109863281,2024,1,2024-01,1133.0,1118.0,2251.0,1133.0,23.994999885559082,6.0,23.994999885559082,6.0,0.24402472284759763,0.24402472284759763,49.937498569488525,0.2503128982843649,50.04166762034098,0.24979183537278818,0.0,,49.666814749000444,0.0,50.333185250999556,,47.21817067737824,50.04166762034098,0.25005209537887857,46.583333333333336,2
2024-01-17,1134.0,0.0,1149.0,11.999444007873535,11.97944450378418,0.0,2.0,3.0,0.0,278.52801513671875,2024,1,2024-01,1149.0,1134.0,2283.0,1149.0,23.978888511657715,5.0,23.978888511657715,5.0,0.24240906452281877,0.24240906452281877,49.997683366139725,0.16667438913733698,49.91435209910075,0.25042897431949634,0.0,,49.67148488830486,0.0,50.32851511169514,,47.91715009815386,49.997683366139725,0.20851675412599593,47.25,2
2024-01-18,1117.0,0.0,1132.0,12.008333206176758,11.984999656677246,0.0,3.0,3.0,0.0,275.20001220703125,2024,1,2024-01,1132.0,1117.0,2249.0,1132.0,23.993332862854004,6.0,23.993332862854004,6.0,0.24310955141963891,0.24310955141963891,50.03472169240316,0.24982651201391398,49.937498569488525,0.2503128982843649,0.0,,49.66651845264562,0.0,50.333481547354374,,47.17977308406952,50.03472169240316,0.250069468643478,46.541666666666664,2
2024-01-19,1121.0,0.0,1136.0,12.008333206176758,11.97166633605957,0.0,3.0,3.0,0.0,276.0320129394531,2024,1,2024-01,1136.0,1121.0,2257.0,1136.0,23.979999542236328,6.0,23.979999542236328,6.0,0.2429859268833214,0.2429859268833214,50.03472169240316,0.24982651201391398,49.88194306691487,0.25059168170798174,0.0,,49.66770048737262,0.0,50.33229951262738,,47.372811579881244,50.03472169240316,0.2502085118655699,46.708333333333336,2
2024-01-20,1116.0,0.0,1130.0,12.008333206176758,11.985555648803711,0.0,3.0,3.0,0.0,274.8160095214844,2024,1,2024-01,1130.0,1116.0,2246.0,1130.0,23.99388885498047,6.0,23.99388885498047,6.0,0.24320000842609238,0.24320000842609238,50.03472169240316,0.24982651201391398,49.9398152033488,0.2503012866407602,0.0,,49.68833481745325,0.0,50.31166518254675,,47.09532526510154,50.03472169240316,0.2500636739739905,46.5,2
2024-01-21,1114.0,0.0,1130.0,12.008333206176758,11.963889122009277,0.0,3.0,3.0,0.0,273.02398681640625,2024,1,2024-01,1130.0,1114.0,2244.0,1130.0,23.972222328186035,6.0,23.972222328186035,6.0,0.24161414762513828,0.24161414762513828,50.03472169240316,0.24982651201391398,49.849538008371994,0.2507545806723562,0.0,,49.643493761140824,0.0,50.356506238859176,,47.13789086927372,50.03472169240316,0.25028968603154184,46.416666666666664,2
2024-01-22,1143.0,0.0,1157.0,12.008333206176758,11.986666679382324,0.0,3.0,3.0,0.0,277.0559997558594,2024,1,2024-01,1157.0,1143.0,2300.0,1157.0,23.994999885559082,6.0,23.994999885559082,6.0,0.23946067394629159,0.23946067394629159,50.03472169240316,0.24982651201391398,49.944444497426346,0.2502780864975709,0.0,,49.69565217391304,0.0,50.30434782608696,,48.21837905889375,50.03472169240316,0.25005209537887857,47.625,2
2024-01-23,1153.0,0.0,1169.0,12.008333206176758,11.959444046020508,0.0,3.0,3.0,0.0,280.76800537109375,2024,1,2024-01,1169.0,1153.0,2322.0,1169.0,23.967777252197266,6.0,23.967777252197266,6.0,0.240177934449182,0.240177934449182,50.03472169240316,0.24982651201391398,49.83101685841878,0.2508477809215761,0.0,,49.65546942291129,0.0,50.34453057708872,,48.77381776788796,50.03472169240316,0.2503361048822308,48.041666666666664,2
2024-01-24,1192.0,0.0,1207.0,12.008333206176758,11.989999771118164,0.0,3.0,3.0,0.0,285.6960144042969,2024,1,2024-01,1207.0,1192.0,2399.0,1207.0,23.998332977294922,6.0,23.998332977294922,6.0,0.2366992662835931,0.2366992662835931,50.03472169240316,0.24982651201391398,49.95833237965901,0.2502085118655699,0.0,,49.68736973739058,0.0,50.312630262609424,,50.29516013224567,50.03472169240316,0.2500173660260762,49.666666666666664,2
2024-01-25,1146.0,0.0,1161.0,12.008333206176758,11.962778091430664,0.0,3.0,3.0,0.0,278.78399658203125,2024,1,2024-01,1161.0,1146.0,2307.0,1161.0,23.971111297607422,6.0,23.971111297607422,6.0,0.24012402806376507,0.24012402806376507,50.03472169240316,0.24982651201391398,49.844908714294434,0.25077786924334905,0.0,,49.67490247074122,0.0,50.32509752925878,,48.433298964987095,50.03472169240316,0.2503012866407602,47.75,2
2024-01-26,1155.0,0.0,1171.0,12.008333206176758,11.989444732666016,0.0,3.0,3.0,0.0,281.343994140625,2024,1,2024-01,1171.0,1155.0,2326.0,1171.0,23.997777938842773,6.0,23.997777938842773,6.0,0.24025960216961997,0.24025960216961997,50.03472169240316,0.24982651201391398,49.95601971944173,0.25022009499958797,0.0,,49.65606190885641,0.0,50.34393809114359,,48.79618450442534,50.03472169240316,0.25002314861362257,48.125,2
2024-01-27,1178.0,0.0,1194.0,12.008333206176758,11.963333129882812,0.0,3.0,3.0,0.0,285.8240051269531,2024,1,2024-01,1194.0,1178.0,2372.0,1194.0,23.97166633605957,6.0,23.97166633605957,6.0,0.23938358888354533,0.23938358888354533,50.03472169240316,0.24982651201391398,49.84722137451172,0.2507662344122475,0.0,,49.66273187183811,0.0,50.337268128161895,,49.80880274492708,50.03472169240316,0.25029549118053807,49.083333333333336,2
2024-01-28,1181.0,0.0,1197.0,12.008333206176758,11.987777709960938,0.0,3.0,3.0,0.0,284.79998779296875,2024,1,2024-01,1197.0,1181.0,2378.0,1197.0,23.996110916137695,6.0,23.996110916137695,6.0,0.2379281435196063,0.2379281435196063,50.03472169240316,0.24982651201391398,49.949073791503906,0.250254890654773,0.0,,49.66358284272498,0.0,50.33641715727503,,49.88308331226299,50.03472169240316,0.2500405178559548,49.208333333333336,2
2024-01-29,1163.0,0.0,1176.0,12.008333206176758,11.973333358764648,0.0,3.0,3.0,0.0,279.67999267578125,2024,1,2024-01,1176.0,1163.0,2339.0,1176.0,23.981666564941406,6.0,23.981666564941406,6.0,0.23782312302362352,0.23782312302362352,50.03472169240316,0.24982651201391398,49.88888899485271,0.2505567923408695,0.0,,49.722103463018385,0.0,50.277896536981615,,49.0374593782062,50.03472169240316,0.25019111927656223,48.458333333333336,2
2024-01-30,1143.0,0.0,1160.0,12.008333206176758,11.967778205871582,0.0,3.0,3.0,0.0,278.5920104980469,2024,1,2024-01,1160.0,1143.0,2303.0,1160.0,23.97611141204834,6.0,23.97611141204834,6.0,0.2401655262914197,0.2401655262914197,50.03472169240316,0.24982651201391398,49.86574252446492,0.2506730947376809,0.0,,49.63091619626574,0.0,50.36908380373426,,48.381490228523184,50.03472169240316,0.25024908738891305,47.625,2
2024-01-31,1173.0,0.0,1188.0,12.008333206176758,11.976666450500488,0.0,3.0,3.0,0.0,282.6239929199219,2024,1,2024-01,1188.0,1173.0,2361.0,1188.0,23.984999656677246,6.0,23.984999656677246,6.0,0.23789898393932818,0.23789898393932818,50.03472169240316,0.24982651201391398,49.90277687708537,0.25048706268968807,0.0,,49.68233799237611,0.0,50.31766200762389,,49.53095755701917,50.03472169240316,0.2501563512980766,48.875,2
2024-02-01,1166.0,0.0,1182.0,14.283888816833496,9.359444618225098,0.0,4.0,4.0,0.0,279.3599853515625,2024,2,2024-02,1182.0,1166.0,2348.0,1182.0,23.643333435058594,8.0,23.643333435058594,8.0,0.2363451652720495,0.2363451652720495,59.5162034034729,0.2800357837626136,38.99768590927124,0.427375785974633,0.0,,49.65928449744463,0.0,50.34071550255537,,49.9929505814657,59.5162034034729,0.33836176366474247,48.583333333333336,2
2024-02-02,1172.0,0.0,1188.0,12.006667137145996,11.977222442626953,0.0,3.0,3.0,0.0,282.4960021972656,2024,2,2024-02,1188.0,1172.0,2360.0,1188.0,23.98388957977295,6.0,23.98388957977295,6.0,0.23779124764079598,0.23779124764079598,50.027779738108315,0.24986117843799113,49.90509351094563,0.250475434882381,0.0,,49.66101694915254,0.0,50.33898305084745,,49.5332500614042,50.027779738108315,0.2501679296030515,48.833333333333336,2
2024-02-03,1209.0,0.0,1224.0,12.006667137145996,11.973333358764648,0.0,3.0,3.0,0.0,289.7919921875,2024,2,2024-02,1224.0,1209.0,2433.0,1224.0,23.980000495910645,6.0,23.980000495910645,6.0,0.2367581635518791,0.2367581635518791,50.027779738108315,0.24986117843799113,49.88888899485271,0.2505567923408695,0.0,,49.69173859432799,0.0,50.308261405672006,,51.042534390636526,50.027779738108315,0.2502085019148849,50.375,2
2024-02-04,1182.0,0.0,1199.0,12.006667137145996,11.951666831970215,0.0,3.0,3.0,0.0,285.5679931640625,2024,2,2024-02,1199.0,1182.0,2381.0,1199.0,23.95833396911621,6.0,23.95833396911621,6.0,0.2381718041401689,0.2381718041401689,50.027779738108315,0.24986117843799113,49.7986117998759,0.25101101312288293,0.0,,49.643007139857204,0.0,50.3569928601428,,50.04521606325323,50.027779738108315,0.25043477596290187,49.25,2
2024-02-05,1157.0,0.0,1172.0,12.006667137145996,11.978888511657715,0.0,3.0,3.0,0.0,280.2560119628906,2024,2,2024-02,1172.0,1157.0,2329.0,1172.0,23.98555564880371,6.0,23.98555564880371,6.0,0.23912629007072578,0.23912629007072578,50.027779738108315,0.24986117843799113,49.91203546524048,0.2504405978134311,0.0,,49.67797337913267,0.0,50.32202662086732,,48.86274127480778,50.027779738108315,0.250150552601405,48.208333333333336,2
2024-02-06,1160.0,0.0,1176.0,12.006667137145996,11.973889350891113,0.0,3.0,3.0,0.0,281.47198486328125,2024,2,2024-02,1176.0,1160.0,2336.0,1176.0,23.98055648803711,6.0,23.98055648803711,6.0,0.23934692590415071,0.23934692590415071,50.027779738108315,0.24986117843799113,49.89120562871297,0.25054515805900074,0.0,,49.65753424657534,0.0,50.34246575342466,,49.03972935685029,50.027779738108315,0.25020270080025653,48.333333333333336,2
2024-02-07,1158.0,0.0,1174.0,12.006667137145996,11.977222442626953,0.0,3.0,3.0,0.0,281.4079895019531,2024,2,2024-02,1174.0,1158.0,2332.0,1174.0,23.98388957977295,6.0,23.98388957977295,6.0,0.239700161415633,0.239700161415633,50.027779738108315,0.24986117843799113,49.90509351094563,0.250475434882381,0.0,,49.656946826758144,0.0,50.34305317324185,,48.949524892330416,50.027779738108315,0.2501679296030515,48.25,2
2024-02-08,1165.0,0.0,1181.0,12.006667137145996,11.97166633605957,0.0,3.0,3.0,0.0,282.1759948730469,2024,2,2024-02,1181.0,1165.0,2346.0,1181.0,23.978333473205566,6.0,23.978333473205566,6.0,0.2389297162345867,0.2389297162345867,50.027779738108315,0.24986117843799113,49.88194306691487,0.25059168170798174,0.0,,49.65899403239556,0.0,50.34100596760444,,49.25279737725313,50.027779738108315,0.2502258969208457,48.541666666666664,2
2024-02-09,1148.0,0.0,1163.0,12.006667137145996,11.976666450500488,0.0,3.0,3.0,0.0,278.78399658203125,2024,2,2024-02,1163.0,1148.0,2311.0,1163.0,23.983333587646484,6.0,23.983333587646484,6.0,0.23971108906451527,0.23971108906451527,50.027779738108315,0.24986117843799113,49.90277687708537,0.25048706268968807,0.0,,49.67546516659455,0.0,50.32453483340545,,48.492007824927505,50.027779738108315,0.250173729105387,47.833333333333336,2
2024-02-10,1157.0,0.0,1172.0,12.006667137145996,11.972222328186035,0.0,3.0,3.0,0.0,281.5360107421875,2024,2,2024-02,1172.0,1157.0,2329.0,1172.0,23.97888946533203,6.0,23.97888946533203,6.0,0.2402184391998187,0.2402184391998187,50.027779738108315,0.24986117843799113,49.88425970077515,0.250580044185877,0.0,,49.67797337913267,0.0,50.32202662086732,,48.87632522325285,50.027779738108315,0.25022009499958797,48.208333333333336,2
2024-02-11,1129.0,0.0,1144.0,12.006667137145996,11.977222442626953,0.0,3.0,3.0,0.0,276.1600036621094,2024,2,2024-02,1144.0,1129.0,2273.0,1144.0,23.98388957977295,6.0,23.98388957977295,6.0,0.24139860459974596,0.24139860459974596,50.027779738108315,0.24986117843799113,49.90509351094563,0.250475434882381,0.0,,49.670039595248575,0.0,50.329960404751425,,47.69868524431516,50.027779738108315,0.2501679296030515,47.041666666666664,2
2024-02-12,1129.0,0.0,1145.0,12.170555114746094,11.80888843536377,0.0,3.0,3.0,0.0,275.45599365234375,2024,2,2024-02,1145.0,1129.0,2274.0,1145.0,23.979443550109863,6.0,23.979443550109863,6.0,0.24057292022038756,0.24057292022038756,50.710646311442055,0.24649656254094265,49.2037018140157,0.25404592620385663,0.0,,49.64819700967458,0.0,50.351802990325425,,47.74923144514561,50.710646311442055,0.2502143132496713,47.041666666666664,2
2024-02-13,1157.0,0.0,1172.0,12.006667137145996,11.975555419921875,0.0,3.0,3.0,0.0,280.76800537109375,2024,2,2024-02,1172.0,1157.0,2329.0,1172.0,23.98222255706787,6.0,23.98222255706787,6.0,0.2395631445145851,0.2395631445145851,50.027779738108315,0.24986117843799113,49.89814758300781,0.25051030159397575,0.0,,49.67797337913267,0.0,50.32202662086732,,48.86953230506972,50.027779738108315,0.2501853189679337,48.208333333333336,2
2024-02-14,1124.0,0.0,1139.0,12.006667137145996,11.957777976989746,0.0,3.0,3.0,0.0,274.9440002441406,2024,2,2024-02,1139.0,1124.0,2263.0,1139.0,23.964445114135742,6.0,23.964445114135742,6.0,0.24139069380521566,0.24139069380521566,50.027779738108315,0.24986117843799113,49.82407490412395,0.2508827313714032,0.0,,49.668581528943875,0.0,50.331418471056125,,47.5287449626007,50.027779738108315,0.2503709128846393,46.833333333333336,2
2024-02-15,1119.0,0.0,1134.0,12.006667137145996,11.969444274902344,0.0,3.0,3.0,0.0,273.8559875488281,2024,2,2024-02,1134.0,1119.0,2253.0,1134.0,23.97611141204834,6.0,23.97611141204834,6.0,0.2414955798490548,0.2414955798490548,50.027779738108315,0.24986117843799113,49.872684478759766,0.2506382026683086,0.0,,49.66711051930759,0.0,50.33288948069241,,47.297077516504565,50.027779738108315,0.25024908738891305,46.625,2
2024-02-16,1131.0,0.0,1146.0,12.006667137145996,11.972222328186035,0.0,3.0,3.0,0.0,276.79998779296875,2024,2,2024-02,1146.0,1131.0,2277.0,1146.0,23.97888946533203,6.0,23.97888946533203,6.0,0.2415357659624509,0.2415357659624509,50.027779738108315,0.24986117843799113,49.88425970077515,0.250580044185877,0.0,,49.670619235836625,0.0,50.329380764163375,,47.7920381449213,50.027779738108315,0.25022009499958797,47.125,2
2024-02-17,1153.0,0.0,1168.0,12.006667137145996,11.977222442626953,0.0,3.0,3.0,0.0,280.89599609375,2024,2,2024-02,1168.0,1153.0,2321.0,1168.0,23.98388957977295,6.0,23.98388957977295,6.0,0.2404931473405394,0.2404931473405394,50.027779738108315,0.24986117843799113,49.90509351094563,0.250475434882381,0.0,,49.67686342093925,0.0,50.323136579060744,,48.699356962727364,50.027779738108315,0.2501679296030515,48.041666666666664,2
2024-02-18,1145.0,0.0,1160.0,12.006667137145996,11.972777366638184,0.0,3.0,3.0,0.0,279.4880065917969,2024,2,2024-02,1160.0,1145.0,2305.0,1160.0,23.97944450378418,6.0,23.97944450378418,6.0,0.24093793671706626,0.24093793671706626,50.027779738108315,0.24986117843799113,49.88657236099243,0.25056842770328447,0.0,,49.67462039045553,0.0,50.32537960954448,,48.37476530438148,50.027779738108315,0.2502143032985249,47.708333333333336,2
2024-02-19,1126.0,0.0,1141.0,12.006667137145996,11.976666450500488,0.0,3.0,3.0,0.0,274.9440002441406,2024,2,2024-02,1141.0,1126.0,2267.0,1141.0,23.983333587646484,6.0,23.983333587646484,6.0,0.24096757251896636,0.24096757251896636,50.027779738108315,0.24986117843799113,49.90277687708537,0.25048706268968807,0.0,,49.669166299073666,0.0,50.330833700926334,,47.574704151541084,50.027779738108315,0.250173729105387,46.916666666666664,2
2024-02-20,1135.0,0.0,1150.0,12.006667137145996,11.968889236450195,0.0,3.0,3.0,0.0,276.54400634765625,2024,2,2024-02,1150.0,1135.0,2285.0,1150.0,23.97555637359619,6.0,23.97555637359619,6.0,0.24047304899796196,0.24047304899796196,50.027779738108315,0.24986117843799113,49.87037181854248,0.25064982562155935,0.0,,49.671772428884026,0.0,50.32822757111597,,47.96551880090976,50.027779738108315,0.25025488070039875,47.291666666666664,2
2024-02-21,1095.0,0.0,1110.0,12.006667137145996,11.97611141204834,0.0,3.0,3.0,0.0,270.0799865722656,2024,2,2024-02,1110.0,1095.0,2205.0,1110.0,23.982778549194336,6.0,23.982778549194336,6.0,0.2433153032182573,0.2433153032182573,50.027779738108315,0.24986117843799113,49.90046421686809,0.2504986716290821,0.0,,49.65986394557823,0.0,50.34013605442177,,46.283211001724766,50.027779738108315,0.250179518928242,45.625,2
2024-02-22,1092.0,0.0,1106.0,12.006667137145996,11.972222328186035,0.0,3.0,3.0,0.0,269.6319885253906,2024,2,2024-02,1106.0,1092.0,2198.0,1106.0,23.97888946533203,6.0,23.97888946533203,6.0,0.24379022470650147,0.24379022470650147,50.027779738108315,0.24986117843799113,49.88425970077515,0.250580044185877,0.0,,49.681528662420384,0.0,50.318471337579616,,46.12390417825738,50.027779738108315,0.25022009499958797,45.5,2
2024-02-23,1072.0,0.0,1086.0,12.006667137145996,11.97611141204834,0.0,3.0,3.0,0.0,267.00799560546875,2024,2,2024-02,1086.0,1072.0,2158.0,1086.0,23.982778549194336,6.0,23.982778549194336,6.0,0.24586371602713514,0.24586371602713514,50.027779738108315,0.24986117843799113,49.90046421686809,0.2504986716290821,0.0,,49.675625579240034,0.0,50.324374420759966,,45.2824929260118,50.027779738108315,0.250179518928242,44.666666666666664,2
2024-02-24,1100.0,0.0,1114.0,12.006667137145996,11.972777366638184,0.0,3.0,3.0,0.0,271.87200927734375,2024,2,2024-02,1114.0,1100.0,2214.0,1114.0,23.97944450378418,6.0,23.97944450378418,6.0,0.24405027762777715,0.24405027762777715,50.027779738108315,0.24986117843799113,49.88657236099243,0.25056842770328447,0.0,,49.68383017163505,0.0,50.316169828364956,,46.456455645759455,50.027779738108315,0.2502143032985249,45.833333333333336,2
2024-02-25,1082.0,0.0,1096.0,12.006667137145996,11.977777481079102,0.0,3.0,3.0,0.0,268.1600036621094,2024,2,2024-02,1096.0,1082.0,2178.0,1096.0,23.984444618225098,6.0,23.984444618225098,6.0,0.244671536188056,0.244671536188056,50.027779738108315,0.24986117843799113,49.90740617116292,0.2504638280965731,0.0,,49.67860422405877,0.0,50.321395775941234,,45.696284297831134,50.027779738108315,0.2501621403165938,45.083333333333336,2
2024-02-26,1127.0,0.0,1144.0,12.006667137145996,11.971111297607422,0.0,3.0,3.0,0.0,277.44000244140625,2024,2,2024-02,1144.0,1127.0,2271.0,1144.0,23.977778434753418,6.0,23.977778434753418,6.0,0.24251748465157888,0.24251748465157888,50.027779738108315,0.24986117843799113,49.879630406697586,0.25060330034685985,0.0,,49.6257155438133,0.0,50.3742844561867,,47.710842066247686,50.027779738108315,0.2502316891586417,46.958333333333336,2
2024-02-27,1185.0,0.0,1199.0,12.006667137145996,11.973889350891113,0.0,3.0,3.0,0.0,285.1199951171875,2024,2,2024-02,1199.0,1185.0,2384.0,1199.0,23.98055648803711,6.0,23.98055648803711,6.0,0.2377981610652106,0.2377981610652106,50.027779738108315,0.24986117843799113,49.89120562871297,0.25054515805900074,0.0,,49.70637583892618,0.0,50.29362416107382,,49.99883970991794,50.027779738108315,0.25020270080025653,49.375,2
2024-02-28,1194.0,0.0,1210.0,12.006667137145996,11.975000381469727,0.0,3.0,3.0,0.0,287.552001953125,2024,2,2024-02,1210.0,1194.0,2404.0,1210.0,23.981667518615723,6.0,23.981667518615723,6.0,0.23764628260588844,0.23764628260588844,50.027779738108315,0.24986117843799113,49.89583492279053,0.2505219126875553,0.0,,49.66722129783694,0.0,50.33277870216306,,50.45520704766422,50.027779738108315,0.2501911093272606,49.75,2
2024-02-29,1124.0,0.0,1137.0,12.006667137145996,11.947221755981445,0.0,3.0,3.0,0.0,273.1520080566406,2024,2,2024-02,1137.0,1124.0,2261.0,1137.0,23.95388889312744,6.0,23.95388889312744,6.0,0.24023923311929693,0.24023923311929693,50.027779738108315,0.24986117843799113,49.780090649922684,0.2511044041262591,0.0,,49.712516585581604,0.0,50.287483414418396,,47.46619661938126,50.027779738108315,0.25048124865108845,46.833333333333336,2
2024-03-01,1081.0,0.0,1095.0,12.006667137145996,11.97611141204834,0.0,3.0,3.0,0.0,267.90399169921875,2024,3,2024-03,1095.0,1081.0,2176.0,1095.0,23.982778549194336,6.0,23.982778549194336,6.0,0.24466117963398973,0.24466117963398973,50.027779738108315,0.24986117843799113,49.90046421686809,0.2504986716290821,0.0,,49.67830882352941,0.0,50.32169117647059,,45.65776220440416,50.027779738108315,0.250179518928242,45.041666666666664,2
2024-03-02,1150.0,0.0,1164.0,12.006667137145996,11.976666450500488,0.0,3.0,3.0,0.0,281.7279968261719,2024,3,2024-03,1164.0,1150.0,2314.0,1164.0,23.983333587646484,6.0,23.983333587646484,6.0,0.2420343615345119,0.2420343615345119,50.027779738108315,0.24986117843799113,49.90277687708537,0.25048706268968807,0.0,,49.697493517718236,0.0,50.302506482281764,,48.533703446445074,50.027779738108315,0.250173729105387,47.916666666666664,2
2024-03-03,1122.0,0.0,1138.0,12.006667137145996,11.975000381469727,0.0,3.0,3.0,0.0,277.31201171875,2024,3,2024-03,1138.0,1122.0,2260.0,1138.0,23.981667518615723,6.0,23.981667518615723,6.0,0.24368366583369946,0.24368366583369946,50.027779738108315,0.24986117843799113,49.89583492279053,0.2505219126875553,0.0,,49.64601769911504,0.0,50.35398230088496,,47.45291373573709,50.027779738108315,0.2501911093272606,46.75,2
2024-03-04,1119.0,0.0,1135.0,12.006667137145996,11.968889236450195,0.0,3.0,3.0,0.0,276.4159851074219,2024,3,2024-03,1135.0,1119.0,2254.0,1135.0,23.97555637359619,6.0,23.97555637359619,6.0,0.2435383128699752,0.2435383128699752,50.027779738108315,0.24986117843799113,49.87037181854248,0.25064982562155935,0.0,,49.64507542147294,0.0,50.35492457852706,,47.339881599158765,50.027779738108315,0.25025488070039875,46.625,2
2024-03-05,1052.0,51.0,1112.0,12.006667137145996,11.977222442626953,0.6427778005599976,3.0,3.0,2.0,286.4639892578125,2024,3,2024-03,1112.0,1103.0,2215.0,1163.0,23.98388957977295,6.0,24.626667380332947,8.0,0.25761150113112635,0.24631469411677773,50.027779738108315,0.24986117843799113,49.90509351094563,0.250475434882381,2.6782408356666565,3.1114951360447893,47.49435665914221,2.3024830699774266,50.20316027088037,79.34312596914212,46.364456286432215,50.027779738108315,0.2501679296030515,43.833333333333336,3
2024-03-06,1124.0,0.0,1139.0,12.006667137145996,11.969444274902344,0.0,3.0,3.0,0.0,275.90399169921875,2024,3,2024-03,1139.0,1124.0,2263.0,1139.0,23.97611141204834,6.0,23.97611141204834,6.0,0.2422335309036161,0.2422335309036161,50.027779738108315,0.24986117843799113,49.872684478759766,0.2506382026683086,0.0,,49.668581528943875,0.0,50.331418471056125,,47.50561842266199,50.027779738108315,0.25024908738891305,46.833333333333336,2
2024-03-07,1098.0,0.0,1114.0,12.006667137145996,11.97944450378418,0.0,3.0,3.0,0.0,270.7200012207031,2024,3,2024-03,1114.0,1098.0,2212.0,1114.0,23.986111640930176,6.0,23.986111640930176,6.0,0.24301615908501178,0.24301615908501178,50.027779738108315,0.24986117843799113,49.91435209910075,0.25042897431949634,0.0,,49.638336347197104,0.0,50.36166365280289,,46.4435426915573,50.027779738108315,0.25014475417355814,45.75,2
2024-03-08,1143.0,0.0,1158.0,12.006667137145996,11.972777366638184,0.0,3.0,3.0,0.0,278.0159912109375,2024,3,2024-03,1158.0,1143.0,2301.0,1158.0,23.97944450378418,6.0,23.97944450378418,6.0,0.24008289396454016,0.24008289396454016,50.027779738108315,0.24986117843799113,49.88657236099243,0.25056842770328447,0.0,,49.67405475880052,0.0,50.32594524119948,,48.2913605366153,50.027779738108315,0.2502143032985249,47.625,2
2024-03-09,1105.0,0.0,1120.0,12.006667137145996,11.97611141204834,0.0,3.0,3.0,0.0,270.9119873046875,2024,3,2024-03,1120.0,1105.0,2225.0,1120.0,23.982778549194336,6.0,23.982778549194336,6.0,0.24188570295061385,0.24188570295061385,50.027779738108315,0.24986117843799113,49.90046421686809,0.2504986716290821,0.0,,49.66292134831461,0.0,50.337078651685395,,46.70017686660517,50.027779738108315,0.250179518928242,46.041666666666664,2
2024-03-10,1144.0,0.0,1158.0,12.006667137145996,11.973889350891113,0.0,3.0,3.0,0.0,279.23199462890625,2024,3,2024-03,1158.0,1144.0,2302.0,1158.0,23.98055648803711,6.0,23.98055648803711,6.0,0.24113298327193977,0.24113298327193977,50.027779738108315,0.24986117843799113,49.89120562871297,0.25054515805900074,0.0,,49.69591659426585,0.0,50.30408340573415,,48.28912125444951,50.027779738108315,0.25020270080025653,47.666666666666664,2
2024-03-11,1116.0,0.0,1132.0,12.167778015136719,11.8100004196167,0.0,3.0,3.0,0.0,273.47198486328125,2024,3,2024-03,1132.0,1116.0,2248.0,1132.0,23.977778434753418,6.0,23.977778434753418,6.0,0.24158302549759827,0.24158302549759827,50.699075063069664,0.246552821416367,49.20833508173625,0.2540220062157599,0.0,,49.644128113879006,0.0,50.355871886120994,,47.2103786879304,50.699075063069664,0.2502316891586417,46.5,2
2024-03-12,1122.0,0.0,1138.0,12.006667137145996,11.977777481079102,0.0,3.0,3.0,0.0,274.8160095214844,2024,3,2024-03,1138.0,1122.0,2260.0,1138.0,23.984444618225098,6.0,23.984444618225098,6.0,0.24149034228601438,0.24149034228601438,50.027779738108315,0.24986117843799113,49.90740617116292,0.2504638280965731,0.0,,49.64601769911504,0.0,50.35398230088496,,47.44741928004729,50.027779738108315,0.2501621403165938,46.75,2
2024-03-13,1034.0,0.0,1047.0,12.004444122314453,6.114999771118164,0.0,3.0,3.0,0.0,207.4239959716797,2024,3,2024-03,1047.0,1034.0,2081.0,1047.0,18.119443893432617,6.0,18.119443893432617,6.0,0.19811269911335214,0.19811269911335214,50.01851717631022,0.2499074483943369,25.47916571299235,0.4905969112491777,0.0,,49.68765016818837,0.0,50.31234983181163,,57.78323033299519,50.01851717631022,0.3311359904469638,43.083333333333336,2
2024-03-14,1164.0,0.0,1180.0,12.006667137145996,11.978888511657715,0.0,3.0,3.0,0.0,281.1520080566406,2024,3,2024-03,1180.0,1164.0,2344.0,1180.0,23.98555564880371,6.0,23.98555564880371,6.0,0.23826441360732256,0.23826441360732256,50.027779738108315,0.24986117843799113,49.91203546524048,0.2504405978134311,0.0,,49.658703071672356,0.0,50.34129692832765,,49.19627534494299,50.027779738108315,0.250150552601405,48.5,2
2024-03-15,1155.0,0.0,1170.0,12.006667137145996,11.973333358764648,0.0,3.0,3.0,0.0,278.33599853515625,2024,3,2024-03,1170.0,1155.0,2325.0,1170.0,23.980000495910645,6.0,23.980000495910645,6.0,0.2378940158420139,0.2378940158420139,50.027779738108315,0.24986117843799113,49.88888899485271,0.2505567923408695,0.0,,49.67741935483871,0.0,50.32258064516129,,48.79065787340256,50.027779738108315,0.2502085019148849,48.125,2
2024-03-16,1159.0,0.0,1175.0,12.006667137145996,11.98277759552002,0.0,3.0,3.0,0.0,280.7040100097656,2024,3,2024-03,1175.0,1159.0,2334.0,1175.0,23.989444732666016,6.0,23.989444732666016,6.0,0.23889702979554522,0.23889702979554522,50.027779738108315,0.24986117843799113,49.92823998133342,0.25035931578347953,0.0,,49.657240788346186,0.0,50.34275921165381,,48.97987481969612,50.027779738108315,0.25010999907929937,48.291666666666664,2
2024-03-17,1121.0,0.0,1136.0,12.006667137145996,11.974444389343262,0.0,3.0,3.0,0.0,274.3039855957031,2024,3,2024-03,1136.0,1121.0,2257.0,1136.0,23.981111526489258,6.0,23.981111526489258,6.0,0.24146477605255556,0.24146477605255556,50.027779738108315,0.24986117843799113,49.89351828893025,0.2505335448106361,0.0,,49.66770048737262,0.0,50.33229951262738,,47.37061494189657,50.027779738108315,0.25019690990438326,46.708333333333336,2
2024-03-18,1109.0,0.0,1124.0,12.006667137145996,11.983888626098633,0.0,3.0,3.0,0.0,271.10400390625,2024,3,2024-03,1124.0,1109.0,2233.0,1124.0,23.99055576324463,6.0,23.99055576324463,6.0,0.24119573301267794,0.24119573301267794,50.027779738108315,0.24986117843799113,49.932869275410965,0.2503361048822308,0.0,,49.664128974473805,0.0,50.3358710255262,,46.85176996699902,50.027779738108315,0.25009841619394496,46.208333333333336,2
2024-03-19,1115.0,0.0,1129.0,12.006667137145996,11.975555419921875,0.0,3.0,3.0,0.0,271.552001953125,2024,3,2024-03,1129.0,1115.0,2244.0,1129.0,23.98222255706787,6.0,23.98222255706787,6.0,0.24052435956875554,0.24052435956875554,50.027779738108315,0.24986117843799113,49.89814758300781,0.25051030159397575,0.0,,49.68805704099822,0.0,50.31194295900179,,47.076537519132856,50.027779738108315,0.2501853189679337,46.458333333333336,2
2024-03-20,1154.0,0.0,1170.0,12.006667137145996,11.981111526489258,0.0,3.0,3.0,0.0,279.23199462890625,2024,3,2024-03,1170.0,1154.0,2324.0,1170.0,23.987778663635254,6.0,23.987778663635254,6.0,0.23865982446915063,0.23865982446915063,50.027779738108315,0.24986117843799113,49.921298027038574,0.2503941302413591,0.0,,49.65576592082616,0.0,50.34423407917383,,48.774837237167134,50.027779738108315,0.25012737044701094,48.083333333333336,2
2024-03-21,1161.0,0.0,1176.0,12.006667137145996,11.971111297607422,0.0,3.0,3.0,0.0,280.76800537109375,2024,3,2024-03,1176.0,1161.0,2337.0,1176.0,23.977778434753418,6.0,23.977778434753418,6.0,0.23874830388698448,0.23874830388698448,50.027779738108315,0.24986117843799113,49.879630406697586,0.25060330034685985,0.0,,49.6790757381258,0.0,50.3209242618742,,49.045411075093774,50.027779738108315,0.2502316891586417,48.375,2
2024-03-22,1137.0,0.0,1152.0,12.006667137145996,11.98277759552002,0.0,3.0,3.0,0.0,275.45599365234375,2024,3,2024-03,1152.0,1137.0,2289.0,1152.0,23.989444732666016,6.0,23.989444732666016,6.0,0.23911110560099283,0.23911110560099283,50.027779738108315,0.24986117843799113,49.92823998133342,0.25035931578347953,0.0,,49.67234600262123,0.0,50.32765399737876,,48.021119823225476,50.027779738108315,0.25010999907929937,47.375,2
2024-03-23,1190.0,0.0,1206.0,12.006667137145996,11.968889236450195,0.0,3.0,3.0,0.0,287.23199462890625,2024,3,2024-03,1206.0,1190.0,2396.0,1206.0,23.97555637359619,6.0,23.97555637359619,6.0,0.23816914977521247,0.23816914977521247,50.027779738108315,0.24986117843799113,49.87037181854248,0.25064982562155935,0.0,,49.666110183639404,0.0,50.333889816360596,,50.30123102078015,50.027779738108315,0.25025488070039875,49.583333333333336,2
2024-03-24,1153.0,0.0,1168.0,12.168889045715332,11.815555572509766,0.0,3.0,3.0,0.0,278.9119873046875,2024,3,2024-03,1168.0,1153.0,2321.0,1168.0,23.984444618225098,6.0,23.984444618225098,6.0,0.2387945096786708,0.2387945096786708,50.70370435714722,0.24653031092072455,49.23148155212402,0.25390257627663665,0.0,,49.67686342093925,0.0,50.323136579060744,,48.69822998163026,50.70370435714722,0.2501621403165938,48.041666666666664,2
2024-03-25,1122.0,0.0,1137.0,12.008333206176758,11.975000381469727,0.0,3.0,3.0,0.0,274.6239929199219,2024,3,2024-03,1137.0,1122.0,2259.0,1137.0,23.983333587646484,6.0,23.983333587646484,6.0,0.24153385481083717,0.24153385481083717,50.03472169240316,0.24982651201391398,49.89583492279053,0.2505219126875553,0.0,,49.667994687915005,0.0,50.332005312084995,,47.40792166547083,50.03472169240316,0.250173729105387,46.75,2
2024-03-26,1129.0,0.0,1146.0,12.008333206176758,11.983888626098633,0.0,3.0,3.0,0.0,276.09600830078125,2024,3,2024-03,1146.0,1129.0,2275.0,1146.0,23.99222183227539,6.0,23.99222183227539,6.0,0.240921473211851,0.240921473211851,50.03472169240316,0.24982651201391398,49.932869275410965,0.2503361048822308,0.0,,49.62637362637363,0.0,50.37362637362638,,47.765480329893855,50.03472169240316,0.2500810488476118,47.041666666666664,2
2024-03-27,1169.0,0.0,1184.0,12.008333206176758,11.973889350891113,0.0,3.0,3.0,0.0,282.4320068359375,2024,3,2024-03,1184.0,1169.0,2353.0,1184.0,23.98222255706787,6.0,23.98222255706787,6.0,0.2385405463141364,0.2385405463141364,50.03472169240316,0.24982651201391398,49.89120562871297,0.25054515805900074,0.0,,49.68125796855078,0.0,50.31874203144922,,49.369902943005584,50.03472169240316,0.2501853189679337,48.708333333333336,2
2024-03-28,1182.0,0.0,1196.0,10.64555549621582,13.345000267028809,0.0,4.0,4.0,0.0,284.6080017089844,2024,3,2024-03,1196.0,1182.0,2378.0,1196.0,23.99055576324463,8.0,23.99055576324463,8.0,0.2379665566128632,0.2379665566128632,44.35648123423259,0.3757436614201938,55.604167779286705,0.29973772348905153,0.0,,49.70563498738436,0.0,50.294365012615636,,49.852950961326364,55.604167779286705,0.33346455492525995,49.25,2
2024-03-29,1183.0,0.0,1199.0,11.953888893127441,12.010000228881836,0.0,3.0,3.0,0.0,284.6080017089844,2024,3,2024-03,1199.0,1183.0,2382.0,1199.0,23.963889122009277,6.0,23.963889122009277,6.0,0.23737114404419046,0.23737114404419046,49.807870388031006,0.25096435367780334,50.04166762034098,0.24979183537278818,0.0,,49.664147774979014,0.0,50.33585222502099,,50.0336149068056,50.04166762034098,0.2503767218021965,49.291666666666664,2
2024-03-30,1214.0,25.0,1255.0,11.98888874053955,12.010000228881836,0.3149999976158142,3.0,3.0,1.0,304.6400146484375,2024,3,2024-03,1255.0,1239.0,2494.0,1280.0,23.998888969421387,6.0,24.3138889670372,7.0,0.24274104752863546,0.2380000114440918,49.953703085581466,0.2502316991111711,50.04166762034098,0.24979183537278818,1.3124999900658927,3.1746031986312504,48.67682437850842,1.0024057738572574,50.32076984763433,79.36507996578126,52.294087513762854,50.04166762034098,0.25001157377097777,50.583333333333336,3
2024-03-31,1215.0,0.0,1234.0,10.954999923706055,12.010000228881836,0.0,3.0,3.0,0.0,290.239990234375,2024,3,2024-03,1234.0,1215.0,2449.0,1234.0,22.96500015258789,6.0,22.96500015258789,6.0,0.23520258527907212,0.23520258527907212,45.645833015441895,0.27384756009976363,50.04166762034098,0.24979183537278818,0.0,,49.61208656594528,0.0,50.387913434054724,,53.73394259964516,50.04166762034098,0.2612671439204789,50.625,2
2024-04-01,1261.0,0.0,1274.0,13.832221984863281,9.584444046020508,0.0,6.0,6.0,0.0,292.6080017089844,2024,4,2024-04,1274.0,1261.0,2535.0,1274.0,23.41666603088379,12.0,23.41666603088379,12.0,0.22967661044661253,0.22967661044661253,57.63425827026367,0.4337697881487046,39.93518352508545,0.6260144011682367,0.0,,49.743589743589745,0.0,50.256410256410255,,54.405695427339914,57.63425827026367,0.5124555299278485,52.541666666666664,2
2024-04-02,1209.0,0.0,1225.0,11.972777366638184,12.010000228881836,0.0,3.0,3.0,0.0,289.66400146484375,2024,4,2024-04,1225.0,1209.0,2434.0,1225.0,23.98277759552002,6.0,23.98277759552002,6.0,0.23646040935905613,0.23646040935905613,49.88657236099243,0.25056842770328447,50.04166762034098,0.24979183537278818,0.0,,49.671322925225965,0.0,50.32867707477403,,51.078320478976956,50.04166762034098,0.2501795288766218,50.375,2
2024-04-03,1214.0,0.0,1229.0,11.987222671508789,12.010000228881836,0.0,3.0,3.0,0.0,291.5199890136719,2024,4,2024-04,1229.0,1214.0,2443.0,1229.0,23.997222900390625,6.0,23.997222900390625,6.0,0.23720096746433839,0.23720096746433839,49.94676113128662,0.25026647808340086,50.04166762034098,0.24979183537278818,0.0,,49.69300040933279,0.0,50.30699959066721,,51.21425946249782,50.04166762034098,0.25002893146866306,50.583333333333336,2
2024-04-04,1228.0,0.0,1242.0,11.967778205871582,12.010000228881836,0.0,3.0,3.0,0.0,293.9519958496094,2024,4,2024-04,1242.0,1228.0,2470.0,1242.0,23.977778434753418,6.0,23.977778434753418,6.0,0.23667632516071607,0.23667632516071607,49.86574252446492,0.2506730947376809,50.04166762034098,0.24979183537278818,0.0,,49.716599190283404,0.0,50.283400809716596,,51.79795965583884,50.04166762034098,0.2502316891586417,51.166666666666664,2
2024-04-05,1231.0,0.0,1248.0,11.990555763244629,12.010000228881836,0.0,3.0,3.0,0.0,295.6159973144531,2024,4,2024-04,1248.0,1231.0,2479.0,1248.0,24.000555992126465,6.0,24.000555992126465,6.0,0.23687179271991438,0.23687179271991438,49.96064901351929,0.25019690990438326,50.04166762034098,0.24979183537278818,0.0,,49.65711980637354,0.0,50.34288019362646,,51.998795378299334,50.04166762034098,0.24999420854951604,51.291666666666664,2
2024-04-06,1248.0,25.0,1291.0,11.975000381469727,12.010000228881836,0.31555554270744324,3.0,3.0,1.0,310.97601318359375,2024,4,2024-04,1291.0,1273.0,2564.0,1316.0,23.985000610351562,6.0,24.300556153059006,7.0,0.24087994824445683,0.23630396138570953,49.89583492279053,0.2505219126875553,50.04166762034098,0.24979183537278818,1.3148147612810135,3.1690142135361463,48.673946957878314,0.9750390015600624,50.35101404056162,79.22535533840366,53.825306114139686,50.04166762034098,0.25015634135153997,52.0,3
2024-04-07,1242.0,26.0,1284.0,11.983888626098633,12.010000228881836,0.32055556774139404,3.0,3.0,1.0,309.3760070800781,2024,4,2024-04,1284.0,1268.0,2552.0,1310.0,23.99388885498047,6.0,24.314444422721863,7.0,0.2409470460125219,0.236164890900823,49.932869275410965,0.2503361048822308,50.04166762034098,0.24979183537278818,1.3356481989224753,3.1195839368690765,48.66771159874608,1.018808777429467,50.313479623824456,81.10918235859599,53.513626230433964,50.04166762034098,0.2500636739739905,51.75,3
2024-04-08,1261.0,27.0,1304.0,11.960000038146973,12.010000228881836,0.3311111032962799,3.0,3.0,1.0,312.8320007324219,2024,4,2024-04,1304.0,1288.0,2592.0,1331.0,23.97000026702881,6.0,24.30111137032509,7.0,0.23990184105247075,0.23503531234592176,49.83333349227905,0.2508361196012844,50.04166762034098,0.24979183537278818,1.379629597067833,3.0201342994686438,48.6496913580247,1.0416666666666665,50.308641975308646,81.54362608565337,54.40133439604825,50.04166762034098,0.25031288832537535,52.541666666666664,3
2024-04-09,1288.0,28.0,1333.0,11.986666679382324,12.010000228881836,0.34166666865348816,3.0,3.0,1.0,319.87200927734375,2024,4,2024-04,1333.0,1316.0,2649.0,1361.0,23.99666690826416,6.0,24.33833357691765,7.0,0.23996399795749718,0.23502719270929004,49.944444497426346,0.2502780864975709,50.04166762034098,0.24979183537278818,1.423611119389534,2.9268292512729155,48.622121555303885,1.0570026425066061,50.320875802189505,81.95121903564163,55.54938129932249,50.04166762034098,0.25003472452808323,53.666666666666664,3
2024-04-10,1299.0,79.0,1394.0,12.396111488342285,11.568888664245605,0.9855555295944214,3.0,3.0,3.0,344.0639953613281,2024,4,2024-04,1394.0,1378.0,2772.0,1473.0,23.96500015258789,6.0,24.950555682182312,9.0,0.2468177872032483,0.23358044491604082,51.65046453475952,0.24201137613366092,48.20370276769002,0.25931617868116347,4.106481373310089,3.04396851310303,46.86147186147186,2.84992784992785,50.28860028860029,80.15783751171313,58.16816153241155,51.65046453475952,0.2503651141997628,54.125,3
2024-04-11,1281.0,80.0,1374.0,11.993332862854004,12.010000228881836,1.005555510520935,3.0,3.0,3.0,339.5840148925781,2024,4,2024-04,1374.0,1361.0,2735.0,1454.0,24.00333309173584,6.0,25.008888602256775,9.0,0.24714993805864494,0.2335515920856796,49.97222026189168,0.25013897590482637,50.04166762034098,0.24979183537278818,4.189814627170563,2.9834255479797718,46.83729433272395,2.9250457038391224,50.23765996343693,79.55801461279391,57.242050291467955,50.04166762034098,0.2499652851155806,53.375,3
2024-04-12,1221.0,83.0,1322.0,11.95555591583252,12.010000228881836,1.0516666173934937,3.0,3.0,3.0,334.52801513671875,2024,4,2024-04,1322.0,1304.0,2626.0,1405.0,23.965556144714355,6.0,25.01722276210785,9.0,0.2530469100882895,0.2380982314140347,49.81481631596883,0.2509293604680612,50.04166762034098,0.24979183537278818,4.381944239139557,2.852615030640945,46.4965727341965,3.1607006854531603,50.34272658035034,78.92234918106615,55.162500382515404,50.04166762034098,0.2503593058207961,50.875,3
2024-04-13,1171.0,167.0,1353.0,14.026666641235352,9.815555572509766,2.1027777194976807,5.0,6.0,6.0,365.31201171875,2024,4,2024-04,1353.0,1338.0,2691.0,1520.0,23.842222213745117,11.0,25.944999933242798,17.0,0.27000148685790837,0.2403368498149671,58.44444433848063,0.3564638789732898,40.898148218790695,0.6112746197274949,8.761573831240337,2.8533686391889783,43.51542177629134,6.205871423262728,50.278706800445924,79.41876045742656,56.74806600955137,58.44444433848063,0.4613663903215559,48.791666666666664,3
2024-04-14,1205.0,113.0,1330.0,12.006667137145996,11.952221870422363,1.4277777671813965,3.0,3.0,4.0,344.0,2024,4,2024-04,1330.0,1318.0,2648.0,1443.0,23.95888900756836,6.0,25.386666774749756,10.0,0.2586466165413534,0.2383922383922384,50.027779738108315,0.24986117843799113,49.800924460093185,0.25099935664882256,5.949074029922485,2.8015564410254665,45.50604229607251,4.267371601208459,50.226586102719025,79.14396945896942,55.51175597415502,50.027779738108315,0.25042897431949634,50.208333333333336,3
2024-04-15,1255.0,55.0,1327.0,12.006667137145996,11.989999771118164,0.6844444274902344,3.0,3.0,2.0,325.6960144042969,2024,4,2024-04,1327.0,1310.0,2637.0,1382.0,23.99666690826416,6.0,24.681111335754395,8.0,0.24543784054581527,0.2356700538381309,50.027779738108315,0.24986117843799113,49.95833237965901,0.2502085118655699,2.8518517812093096,2.922077994460019,47.59196056124384,2.085703450891164,50.322335987864996,80.35714484765053,55.299346574794406,50.027779738108315,0.25003472452808323,52.291666666666664,3
2024-04-16,1227.0,1.0,1240.0,12.006667137145996,11.957221984863281,0.0,3.0,3.0,0.0,290.239990234375,2024,4,2024-04,1240.0,1228.0,2468.0,1241.0,23.963889122009277,6.0,23.963889122009277,6.0,0.23406450825352823,0.23387589865783642,50.027779738108315,0.24986117843799113,49.82175827026367,0.25089439702614186,0.0,,49.716369529983794,0.04051863857374392,50.24311183144247,,51.74452250578728,50.027779738108315,0.2503767218021965,51.125,2
2024-04-17,1203.0,24.0,1242.0,12.006667137145996,11.990555763244629,0.300555557012558,3.0,3.0,1.0,301.6960144042969,2024,4,2024-04,1242.0,1227.0,2469.0,1266.0,23.997222900390625,6.0,24.297778457403183,7.0,0.2429114447699653,0.23830648847100858,50.027779738108315,0.24986117843799113,49.96064901351929,0.25019690990438326,1.2523148208856583,3.3271718877525776,48.724179829890645,0.9720534629404617,50.3037667071689,79.85212530606186,51.75598881401326,50.027779738108315,0.25002893146866306,50.125,3
2024-04-18,1206.0,0.0,1222.0,10.296667098999023,13.667778015136719,0.0,4.0,4.0,0.0,289.4079895019531,2024,4,2024-04,1222.0,1206.0,2428.0,1222.0,23.964445114135742,8.0,23.964445114135742,8.0,0.23683141530438062,0.23683141530438062,42.9027795791626,0.3884752183926442,56.949075063069664,0.2926591283213776,0.0,,49.67051070840198,0.0,50.32948929159803,,50.992209257504875,56.949075063069664,0.3338278838461857,50.25,2
2024-04-19,1160.0,0.0,1176.0,11.987222671508789,12.010000228881836,0.0,3.0,3.0,0.0,279.2959899902344,2024,4,2024-04,1176.0,1160.0,2336.0,1176.0,23.997222900390625,6.0,23.997222900390625,6.0,0.23749659012775032,0.23749659012775032,49.94676113128662,0.25026647808340086,50.04166762034098,0.24979183537278818,0.0,,49.65753424657534,0.0,50.34246575342466,,49.00567056785796,50.04166762034098,0.25002893146866306,48.333333333333336,2
2024-04-20,1195.0,0.0,1212.0,11.949444770812988,12.010000228881836,0.0,3.0,3.0,0.0,287.0400085449219,2024,4,2024-04,1212.0,1195.0,2407.0,1212.0,23.959444999694824,6.0,23.959444999694824,6.0,0.2368316902185824,0.2368316902185824,49.78935321172078,0.25105768992109356,50.04166762034098,0.24979183537278818,0.0,,49.646863315330286,0.0,50.35313668466971,,50.585478921378915,50.04166762034098,0.25042316297712336,49.791666666666664,2
2024-04-21,1149.0,0.0,1166.0,11.985555648803711,12.010000228881836,0.0,3.0,3.0,0.0,278.0159912109375,2024,4,2024-04,1166.0,1149.0,2315.0,1166.0,23.995555877685547,6.0,23.995555877685547,6.0,0.2384356699922277,0.2384356699922277,49.9398152033488,0.2503012866407602,50.04166762034098,0.24979183537278818,0.0,,49.632829373650104,0.0,50.36717062634989,,48.59233126098618,50.04166762034098,0.25004630151450863,47.875,2
2024-04-22,1221.0,0.0,1236.0,11.967222213745117,12.010000228881836,0.0,3.0,3.0,0.0,288.2560119628906,2024,4,2024-04,1236.0,1221.0,2457.0,1236.0,23.977222442626953,6.0,23.977222442626953,6.0,0.2332168381576785,0.2332168381576785,49.86342589060466,0.2506847409045609,50.04166762034098,0.24979183537278818,0.0,,49.694749694749696,0.0,50.305250305250304,,51.54892327322394,50.04166762034098,0.25023749161759196,50.875,2
2024-04-23,1176.0,0.0,1191.0,13.656110763549805,10.29444408416748,0.0,3.0,3.0,0.0,283.7760009765625,2024,4,2024-04,1191.0,1176.0,2367.0,1191.0,23.950554847717285,6.0,23.950554847717285,6.0,0.2382670033388434,0.2382670033388434,56.900461514790855,0.21968187370063277,42.8935170173645,0.2914193302204538,0.0,,49.68314321926489,0.0,50.31685678073511,,49.727449220806406,56.900461514790855,0.2505161169813925,49.0,2
2024-04-24,1176.0,176.0,1368.0,13.289443969726562,10.687777519226074,2.2233333587646484,3.0,4.0,6.0,372.6080017089844,2024,4,2024-04,1368.0,1352.0,2720.0,1544.0,23.977221488952637,7.0,26.200554847717285,13.0,0.2723742702551055,0.24132642597732148,55.37268320719401,0.22574307900571453,44.53240633010864,0.37425928756511473,9.263888994852703,2.698650643794497,43.23529411764706,6.470588235294119,50.294117647058826,79.16041888463857,57.054150358092905,55.37268320719401,0.2919437518323467,49.0,3
2024-04-25,1187.0,0.0,1204.0,12.006667137145996,11.973889350891113,0.0,3.0,3.0,0.0,286.0799865722656,2024,4,2024-04,1204.0,1187.0,2391.0,1204.0,23.98055648803711,6.0,23.98055648803711,6.0,0.2376079622693236,0.2376079622693236,50.027779738108315,0.24986117843799113,49.89120562871297,0.25054515805900074,0.0,,49.644500209117524,0.0,50.355499790882476,,50.20734196058481,50.027779738108315,0.25020270080025653,49.458333333333336,2
2024-04-26,1242.0,0.0,1260.0,12.167778015136719,11.810555458068848,0.0,3.0,3.0,0.0,298.55999755859375,2024,4,2024-04,1260.0,1242.0,2502.0,1260.0,23.978333473205566,6.0,23.978333473205566,6.0,0.23695237901475694,0.23695237901475694,50.699075063069664,0.246552821416367,49.21064774195354,0.254010068421501,0.0,,49.64028776978417,0.0,50.35971223021583,,52.54743835337759,50.699075063069664,0.2502258969208457,51.75,2
2024-04-27,1188.0,74.0,1277.0,12.006667137145996,11.975555419921875,0.9277777671813965,3.0,3.0,3.0,322.239990234375,2024,4,2024-04,1277.0,1262.0,2539.0,1351.0,23.98222255706787,6.0,24.910000324249268,9.0,0.2523414175680305,0.23851960787148407,50.027779738108315,0.24986117843799113,49.89814758300781,0.25051030159397575,3.865740696589152,3.2335329710627225,46.79007483261127,2.91453328081922,50.29539188656952,79.76047995288049,53.24777538700856,50.027779738108315,0.2501853189679337,49.5,3
2024-04-28,1163.0,77.0,1254.0,12.006667137145996,11.970555305480957,0.9672222137451172,3.0,3.0,3.0,321.2799987792969,2024,4,2024-04,1254.0,1240.0,2494.0,1331.0,23.977222442626953,6.0,24.94444465637207,9.0,0.25620414575701506,0.24138241831652657,50.027779738108315,0.24986117843799113,49.877313772837326,0.25061494002925583,4.030092557271322,3.101665736546619,46.63191659983961,3.0874097834803527,50.280673616680026,79.60942057136322,52.29963574807672,50.027779738108315,0.25023749161759196,48.458333333333336,3
2024-04-29,1145.0,105.0,1265.0,12.006667137145996,11.97944450378418,1.3216667175292969,3.0,3.0,4.0,330.239990234375,2024,4,2024-04,1265.0,1250.0,2515.0,1370.0,23.986111640930176,6.0,25.307778358459473,10.0,0.26105928081768776,0.2410510877623175,50.027779738108315,0.24986117843799113,49.91435209910075,0.25042897431949634,5.50694465637207,3.02648159853608,45.52683896620278,4.174950298210735,50.29821073558648,79.44514196157209,52.73885233825851,50.027779738108315,0.25014475417355814,47.708333333333336,3
2024-04-30,1167.0,106.0,1289.0,12.006667137145996,11.971111297607422,1.3283333778381348,3.0,3.0,4.0,336.1919860839844,2024,4,2024-04,1289.0,1273.0,2562.0,1395.0,23.977778434753418,6.0,25.306111812591553,10.0,0.26081612574397545,0.24099783948672715,50.027779738108315,0.24986117843799113,49.879630406697586,0.25060330034685985,5.5347224076588954,3.0112922454075557,45.550351288056206,4.137392661982826,50.312256049960965,79.79924450330023,53.75810788758153,50.027779738108315,0.2502316891586417,48.625,3
2024-05-01,1155.0,165.0,1334.0,12.006667137145996,11.97611141204834,2.076111078262329,3.0,3.0,6.0,360.76800537109375,2024,5,2024-05,1334.0,1320.0,2654.0,1499.0,23.982778549194336,6.0,26.058889627456665,12.0,0.27044078363650204,0.24067245188198383,50.027779738108315,0.24986117843799113,49.90046421686809,0.2504986716290821,8.650462826093037,2.8900187773295354,43.519216277317256,6.217030896759608,50.263752825923135,79.47551637656223,55.6232463750458,50.027779738108315,0.250179518928242,48.125,3
2024-05-02,1186.0,50.0,1252.0,12.522777557373047,11.450555801391602,0.6244444251060486,4.0,3.0,2.0,309.9519958496094,2024,5,2024-05,1252.0,1236.0,2488.0,1302.0,23.97333335876465,7.0,24.597777783870697,9.0,0.24756549189265925,0.23805836854808707,52.178239822387695,0.3194179551360725,47.71064917246501,0.26199601591700955,2.6018517712752027,3.2028470742778152,47.66881028938907,2.009646302250804,50.32154340836013,80.07117685694539,52.22469404915979,52.178239822387695,0.2919911009138327,49.416666666666664,3
2024-05-03,1164.0,0.0,1178.0,11.975000381469727,12.010000228881836,0.0,3.0,3.0,0.0,280.8320007324219,2024,5,2024-05,1178.0,1164.0,2342.0,1178.0,23.985000610351562,6.0,23.985000610351562,6.0,0.2383972841531595,0.2383972841531595,49.89583492279053,0.2505219126875553,50.04166762034098,0.24979183537278818,0.0,,49.70111016225449,0.0,50.29888983774552,,49.11402835201901,50.04166762034098,0.25015634135153997,48.5,2
2024-05-04,1130.0,158.0,1308.0,11.967778205871582,12.010000228881836,1.9883333444595337,3.0,3.0,6.0,354.3680114746094,2024,5,2024-05,1308.0,1288.0,2596.0,1466.0,23.977778434753418,6.0,25.96611177921295,12.0,0.27092355617324876,0.241724428018151,49.86574252446492,0.2506730947376809,50.04166762034098,0.24979183537278818,8.28472226858139,3.0176026654277694,43.52850539291217,6.086286594761171,50.38520801232666,79.4635368562646,54.550508236583894,50.04166762034098,0.2502316891586417,47.083333333333336,3
2024-05-05,1154.0,27.0,1192.0,11.976666450500488,12.010000228881836,0.33000001311302185,3.0,3.0,1.0,290.75201416015625,2024,5,2024-05,1192.0,1181.0,2373.0,1219.0,23.986666679382324,6.0,24.316666692495346,7.0,0.24391947496657404,0.23851682867937346,49.90277687708537,0.25048706268968807,50.04166762034098,0.24979183537278818,1.375000054637591,3.0303029098896115,48.63042562157606,1.1378002528445006,50.231774125579435,81.8181785670195,49.69427457065472,50.04166762034098,0.25013896595967144,48.083333333333336,3
2024-05-06,1126.0,79.0,1218.0,11.974444389343262,12.010000228881836,0.9944444298744202,3.0,3.0,3.0,313.9200134277344,2024,5,2024-05,1218.0,1205.0,2423.0,1297.0,23.984444618225098,6.0,24.978889048099518,9.0,0.2577340011721957,0.2420354768139818,49.89351828893025,0.2505335448106361,50.04166762034098,0.24979183537278818,4.143518457810083,3.016759820736131,46.47131654973174,3.2604209657449443,50.26826248452332,79.44134194605145,50.782914484268545,50.04166762034098,0.2501621403165938,46.916666666666664,3
2024-05-07,1093.0,136.0,1242.0,11.975000381469727,12.010000228881836,1.7116667032241821,3.0,3.0,5.0,335.0400085449219,2024,5,2024-05,1242.0,1229.0,2471.0,1378.0,23.985000610351562,6.0,25.696667313575745,11.0,0.2697584609862495,0.24313498443027712,49.89583492279053,0.2505219126875553,50.04166762034098,0.24979183537278818,7.1319445967674255,2.9211294410189477,44.23310400647511,5.503844597329017,50.26305139619587,79.45472079571537,51.78236265976877,50.04166762034098,0.25015634135153997,45.541666666666664,3
2024-05-08,1175.0,26.0,1216.0,11.972777366638184,12.010000228881836,0.3311111032962799,3.0,3.0,1.0,297.0880126953125,2024,5,2024-05,1216.0,1201.0,2417.0,1242.0,23.98277759552002,6.0,24.3138886988163,7.0,0.2443157999139083,0.23920129846643517,49.88657236099243,0.25056842770328447,50.04166762034098,0.24979183537278818,1.379629597067833,3.0201342994686438,48.613984278030614,1.075713694662805,50.31030202730658,78.52349178618474,50.70305118566203,50.04166762034098,0.2501795288766218,48.958333333333336,3
2024-05-09,1170.0,0.0,1185.0,11.964444160461426,12.010000228881836,0.0,3.0,3.0,0.0,283.2640075683594,2024,5,2024-05,1185.0,1170.0,2355.0,1185.0,23.97444438934326,6.0,23.97444438934326,6.0,0.23904135659777162,0.23904135659777162,49.85185066858928,0.25074294800204916,50.04166762034098,0.24979183537278818,0.0,,49.681528662420384,0.0,50.318471337579616,,49.427631387642805,50.04166762034098,0.2502664880386978,48.75,2
2024-05-10,1156.0,0.0,1172.0,11.967778205871582,12.010000228881836,0.0,3.0,3.0,0.0,278.52801513671875,2024,5,2024-05,1172.0,1156.0,2328.0,1172.0,23.977778434753418,6.0,23.977778434753418,6.0,0.23765189004839485,0.23765189004839485,49.86574252446492,0.2506730947376809,50.04166762034098,0.24979183537278818,0.0,,49.65635738831615,0.0,50.34364261168385,,48.878589948988015,50.04166762034098,0.2502316891586417,48.166666666666664,2
2024-05-11,1165.0,77.0,1259.0,11.96833324432373,12.010000228881836,0.977222204208374,3.0,3.0,3.0,320.89599609375,2024,5,2024-05,1259.0,1242.0,2501.0,1336.0,23.978333473205566,6.0,24.95555567741394,9.0,0.2548816490021843,0.24019161384262724,49.868055184682206,0.25066146962634267,50.04166762034098,0.24979183537278818,4.071759184201559,3.0699261509619844,46.58136745301879,3.078768492602959,50.339864054378246,78.79477120802427,52.50573403722412,50.04166762034098,0.2502258969208457,48.541666666666664,3
2024-05-12,1175.0,103.0,1294.0,11.975000381469727,12.010000228881836,1.3022222518920898,3.0,3.0,4.0,332.4800109863281,2024,5,2024-05,1294.0,1278.0,2572.0,1397.0,23.985000610351562,6.0,25.287222862243652,10.0,0.25693973028309747,0.23799571294654842,49.89583492279053,0.2505219126875553,50.04166762034098,0.24979183537278818,5.425926049550375,3.071672284963738,45.68429237947123,4.004665629860031,50.311041990668734,79.09556133781625,53.950384284815456,50.04166762034098,0.25015634135153997,48.958333333333336,3
2024-05-13,1152.0,163.0,1330.0,11.977777481079102,12.010000228881836,2.0561110973358154,3.0,3.0,6.0,359.7439880371094,2024,5,2024-05,1330.0,1315.0,2645.0,1493.0,23.987777709960938,6.0,26.043888807296753,12.0,0.2704842015316612,0.24095377631420586,49.90740617116292,0.2504638280965731,50.04166762034098,0.24979183537278818,8.567129572232563,2.918130254622154,43.5538752362949,6.162570888468808,50.2835538752363,79.2758719172352,55.44490265339239,50.04166762034098,0.2501273803912439,48.0,3
2024-05-14,1169.0,51.0,1234.0,11.961111068725586,12.010000228881836,0.6377778053283691,3.0,3.0,2.0,305.02398681640625,2024,5,2024-05,1234.0,1220.0,2454.0,1285.0,23.971111297607422,6.0,24.60888910293579,8.0,0.24718313356272792,0.23737275238630837,49.83796278635661,0.25081282021065954,50.04166762034098,0.24979183537278818,2.657407522201538,3.135888366278709,47.63651181744091,2.078239608801956,50.28524857375714,79.96515334010708,51.47863128578301,50.04166762034098,0.2503012866407602,48.708333333333336,3
2024-05-15,1158.0,56.0,1232.0,11.950555801391602,12.010000228881836,0.7094444632530212,3.0,3.0,2.0,307.9679870605469,2024,5,2024-05,1232.0,1214.0,2446.0,1288.0,23.960556030273438,6.0,24.67000049352646,8.0,0.2499740154712231,0.23910558001595253,49.79398250579834,0.25103434935224184,50.04166762034098,0.24979183537278818,2.9560185968875885,2.8191072079544948,47.3426001635323,2.2894521668029433,50.36794766966476,78.93500182272585,51.41783848602701,50.04166762034098,0.25041155106831336,48.25,3
2024-05-16,1158.0,25.0,1198.0,11.973333358764648,12.010000228881836,0.31388887763023376,3.0,3.0,1.0,290.8160095214844,2024,5,2024-05,1198.0,1183.0,2381.0,1223.0,23.983333587646484,6.0,24.297222465276718,7.0,0.24275126003462802,0.23778905112140997,49.88888899485271,0.2505567923408695,50.04166762034098,0.24979183537278818,1.3078703234593072,3.1858408222352383,48.63502729945401,1.0499790004199916,50.314993700125996,79.64602055588095,49.95135457804226,50.04166762034098,0.250173729105387,48.25,3
2024-05-17,1130.0,201.0,1351.0,11.973889350891113,12.010000228881836,2.538888931274414,3.0,3.0,7.0,374.0799865722656,2024,5,2024-05,1351.0,1331.0,2682.0,1552.0,23.98388957977295,6.0,26.522778511047363,13.0,0.27689118177073696,0.24103091918316083,49.89120562871297,0.25054515805900074,50.04166762034098,0.24979183537278818,10.578703880310059,2.757111551345532,42.132736763609245,7.4944071588366885,50.37285607755406,79.16848883149314,56.32947881562043,50.04166762034098,0.2501679296030515,47.083333333333336,3
2024-05-18,1119.0,199.0,1328.0,11.973333358764648,12.010000228881836,2.513333320617676,3.0,3.0,7.0,366.78399658203125,2024,5,2024-05,1328.0,1318.0,2646.0,1527.0,23.983333587646484,6.0,26.49666690826416,13.0,0.2761927685105657,0.2401990809312582,49.88888899485271,0.2505567923408695,50.04166762034098,0.24979183537278818,10.472222169240315,2.785145902684998,42.290249433106574,7.520786092214664,50.18896447467876,79.17771923347351,55.37178537532565,50.04166762034098,0.250173729105387,46.625,3
2024-05-19,1105.0,198.0,1320.0,11.975000381469727,12.010000228881836,2.5044443607330322,3.0,3.0,7.0,366.0159912109375,2024,5,2024-05,1320.0,1303.0,2623.0,1518.0,23.985000610351562,6.0,26.489444971084595,13.0,0.2772848418264678,0.2411172537621459,49.89583492279053,0.2505219126875553,50.04166762034098,0.24979183537278818,10.435184836387634,2.7950311493249353,42.12733511246664,7.548608463591308,50.324056423942054,79.05945250947674,55.034395097338795,50.04166762034098,0.25015634135153997,46.041666666666664,3
2024-05-20,1090.0,265.0,1370.0,11.972222328186035,12.010000228881836,3.343888998031616,3.0,3.0,9.0,398.1440124511719,2024,5,2024-05,1370.0,1355.0,2725.0,1635.0,23.98222255706787,6.0,27.326111555099487,15.0,0.2906160674826072,0.24351315746249044,49.88425970077515,0.250580044185877,50.04166762034098,0.24979183537278818,13.932870825131735,2.691476901684793,40.0,9.724770642201836,50.27522935779817,79.24904210516334,57.12564783101153,50.04166762034098,0.2501853189679337,45.416666666666664,3
2024-05-21,1117.0,198.0,1332.0,11.971111297607422,12.010000228881836,2.492222309112549,3.0,3.0,7.0,368.447998046875,2024,5,2024-05,1332.0,1315.0,2647.0,1530.0,23.981111526489258,6.0,26.473333835601807,13.0,0.27661261114630253,0.24081568499795752,49.879630406697586,0.25060330034685985,50.04166762034098,0.24979183537278818,10.384259621302288,2.808738198998234,42.19871552701171,7.480166225916131,50.321118247072164,79.44716620023576,55.543713998773086,50.04166762034098,0.25019690990438326,46.541666666666664,3
2024-05-22,1150.0,287.0,1453.0,11.972222328186035,12.010000228881836,3.625,3.0,3.0,9.0,416.5119934082031,2024,5,2024-05,1453.0,1437.0,2890.0,1740.0,23.98222255706787,6.0,27.60722255706787,15.0,0.28665656807171586,0.23937470885528916,49.88425970077515,0.250580044185877,50.04166762034098,0.24979183537278818,15.104166666666666,2.4827586206896552,39.792387543252595,9.930795847750865,50.27681660899654,79.17241379310344,60.58654474340128,50.04166762034098,0.2501853189679337,47.916666666666664,3
2024-05-23,1113.0,307.0,1437.0,11.978888511657715,12.005000114440918,3.871666669845581,2.0,3.0,10.0,419.5199890136719,2024,5,2024-05,1437.0,1420.0,2857.0,1744.0,23.983888626098633,5.0,27.855555295944214,15.0,0.29194153723985516,0.24055045241609627,49.91203546524048,0.1669603985422874,50.020833810170494,0.24989587433583396,16.13194445768992,2.582866980229691,38.95694784739237,10.745537276863844,50.297514875743786,79.29401629305151,59.915221522347075,50.020833810170494,0.20847328295875808,46.375,3
2024-05-24,1137.0,277.0,1432.0,11.994444847106934,11.98277759552002,3.5011110305786133,2.0,3.0,9.0,408.3840026855469,2024,5,2024-05,1432.0,1414.0,2846.0,1709.0,23.977222442626953,5.0,27.478333473205566,14.0,0.2851843594172813,0.23896079735842415,49.97685352961223,0.16674385730177424,49.92823998133342,0.25035931578347953,14.587962627410889,2.570612563096181,39.95080815179199,9.732958538299368,50.31623330990864,79.117742219738,59.72334799939861,49.97685352961223,0.20853124301465997,47.375,3
2024-05-25,1133.0,266.0,1400.0,12.008333206176758,11.976666450500488,3.3583333492279053,3.0,3.0,9.0,398.8479919433594,2024,5,2024-05,1400.0,1399.0,2799.0,1666.0,23.984999656677246,6.0,27.34333300590515,15.0,0.2848914228166853,0.23940455698881116,50.03472169240316,0.24982651201391398,49.90277687708537,0.25048706268968807,13.993055621782938,2.6799007317332384,40.47874240800286,9.503394069310469,50.01786352268668,79.2059549601157,58.36981530288454,50.03472169240316,0.2501563512980766,47.208333333333336,3
2024-05-26,1164.0,162.0,1342.0,12.008333206176758,11.973889350891113,2.043888807296753,3.0,3.0,6.0,357.44000244140625,2024,5,2024-05,1342.0,1326.0,2668.0,1504.0,23.98222255706787,6.0,26.026111364364624,12.0,0.26634873505320883,0.23765957609136054,50.03472169240316,0.24982651201391398,49.89120562871297,0.25054515805900074,8.51620336373647,2.935580437927834,43.62818590704648,6.071964017991005,50.299850074962514,79.26067182405151,55.958116342494506,50.03472169240316,0.2501853189679337,48.5,3
2024-05-27,1133.0,280.0,1438.0,12.008333206176758,11.961111068725586,3.531111001968384,3.0,3.0,9.0,413.1839904785156,2024,5,2024-05,1438.0,1413.0,2851.0,1718.0,23.969444274902344,6.0,27.500555276870728,15.0,0.28733239949827233,0.2405029048186936,50.03472169240316,0.24982651201391398,49.83796278635661,0.25081282021065954,14.7129625082016,2.5487728918697363,39.74044195019292,9.821115398105928,50.43844265170115,79.29515663594735,59.99304712732472,50.03472169240316,0.250318694550729,47.208333333333336,3
2024-05-28,1131.0,589.0,1728.0,12.008333206176758,11.973889350891113,7.452777862548828,3.0,3.0,10.0,584.6400146484375,2024,5,2024-05,1728.0,1720.0,3448.0,2317.0,23.98222255706787,6.0,31.4350004196167,16.0,0.3383333418104384,0.2523262903100723,50.03472169240316,0.24982651201391398,49.89120562871297,0.25054515805900074,31.05324109395345,1.341781572512887,32.801624129930396,17.082366589327147,50.11600928074246,79.03093462100905,72.0533718627649,50.03472169240316,0.2501853189679337,47.125,3
2024-05-29,1134.0,267.0,1418.0,12.008333206176758,11.97611141204834,3.3644444942474365,3.0,3.0,11.0,402.3039855957031,2024,5,2024-05,1418.0,1401.0,2819.0,1685.0,23.984444618225098,6.0,27.348889112472534,17.0,0.2837122606457709,0.23875607453750927,50.03472169240316,0.24982651201391398,49.90046421686809,0.2504986716290821,14.018518726030985,3.2694847600570967,40.22703086200781,9.47144377438808,50.301525363604114,79.35931190320407,59.12165249482167,50.03472169240316,0.2501621403165938,47.25,3
2024-05-30,1136.0,303.0,1456.0,12.008333206176758,11.975555419921875,3.8316667079925537,3.0,3.0,10.0,420.864013671875,2024,5,2024-05,1456.0,1439.0,2895.0,1759.0,23.983888626098633,6.0,27.815555334091187,16.0,0.2890549544449691,0.23926322550987777,50.03472169240316,0.24982651201391398,49.89814758300781,0.25051030159397575,15.965277949968973,2.6098303328785852,39.24006908462867,10.466321243523316,50.29360967184802,79.07785908622114,60.70741999759036,50.03472169240316,0.2501679395505097,47.333333333333336,3
2024-05-31,1132.0,345.0,1489.0,12.008333206176758,11.960000038146973,4.360000133514404,3.0,3.0,13.0,439.552001953125,2024,5,2024-05,1489.0,1477.0,2966.0,1834.0,23.96833324432373,6.0,28.328333377838135,19.0,0.29519946403836467,0.23966848525252182,50.03472169240316,0.24982651201391398,49.83333349227905,0.2508361196012844,18.166667222976685,2.9816512848409644,38.16587997302764,11.631827376938638,50.20229265003372,79.12843794385637,62.12363558290523,50.03472169240316,0.2503302978491816,47.166666666666664,3
2024-06-01,1107.0,434.0,1553.0,12.008333206176758,11.971111297607422,5.485555648803711,3.0,3.0,13.0,480.57598876953125,2024,6,2024-06,1553.0,1541.0,3094.0,1987.0,23.97944450378418,6.0,29.46500015258789,19.0,0.30945008935578316,0.24186008493685518,50.03472169240316,0.24982651201391398,49.879630406697586,0.25060330034685985,22.856481870015465,2.3698601987266392,35.778926955397544,14.027149321266968,50.19392372333549,79.11687124979703,64.76380217043486,50.03472169240316,0.2502143032985249,46.125,3
2024-06-02,1127.0,429.0,1564.0,12.008333206176758,11.975000381469727,5.417778015136719,3.0,3.0,13.0,479.9360046386719,2024,6,2024-06,1564.0,1556.0,3120.0,1993.0,23.983333587646484,6.0,29.401111602783203,19.0,0.30686445309377997,0.2408108402602468,50.03472169240316,0.24982651201391398,49.89583492279053,0.2505219126875553,22.574075063069664,2.399507688148043,36.12179487179487,13.750000000000002,50.128205128205124,79.18375370888542,65.21195205347087,50.03472169240316,0.250173729105387,46.958333333333336,3
2024-06-03,1196.0,314.0,1528.0,12.008333206176758,11.975000381469727,3.972222328186035,3.0,3.0,11.0,436.54400634765625,2024,6,2024-06,1528.0,1510.0,3038.0,1842.0,23.983333587646484,6.0,27.95555591583252,17.0,0.28569633923275933,0.23699457456441708,50.03472169240316,0.24982651201391398,49.89583492279053,0.2505219126875553,16.55092636744181,2.7692306953582047,39.36800526662278,10.33574720210665,50.29624753127058,79.0489489402251,63.71090967883855,50.03472169240316,0.250173729105387,49.833333333333336,3
2024-06-04,1160.0,338.0,1518.0,12.008333206176758,11.97611141204834,4.265555381774902,3.0,3.0,11.0,442.1759948730469,2024,6,2024-06,1518.0,1498.0,3016.0,1856.0,23.984444618225098,6.0,28.25,17.0,0.29128853417196765,0.23824137654797783,50.03472169240316,0.24982651201391398,49.90046421686809,0.2504986716290821,17.773147424062095,2.5787966666659212,38.46153846153847,11.206896551724139,50.3315649867374,79.23938848482558,63.29102150009823,50.03472169240316,0.2501621403165938,48.333333333333336,3
2024-06-05,1145.0,251.0,1402.0,13.050555229187012,8.199444770812988,3.174999952316284,4.0,3.0,10.0,373.5039978027344,2024,6,2024-06,1402.0,1396.0,2798.0,1653.0,21.25,7.0,24.424999952316284,17.0,0.2664079870204953,0.22595523158060155,54.377313454945885,0.30650036950567205,34.16435321172078,0.36587843248592855,13.229166467984518,3.1496063465149398,40.92208720514653,8.970693352394568,50.10721944245889,79.055119297525,65.97647058823529,54.377313454945885,0.32941176470588235,47.708333333333336,3
2024-06-06,1134.0,368.0,1528.0,11.973889350891113,12.010000228881836,4.654444217681885,3.0,3.0,12.0,453.44000244140625,2024,6,2024-06,1528.0,1502.0,3030.0,1896.0,23.98388957977295,6.0,28.638333797454834,18.0,0.29675392829934966,0.23915611943112144,49.89120562871297,0.25054515805900074,50.04166762034098,0.24979183537278818,19.393517573674522,2.578181075715313,37.42574257425743,12.145214521452145,50.429042904290434,79.0642196552696,63.70943273891045,50.04166762034098,0.2501679296030515,47.25,3
2024-06-07,1098.0,467.0,1570.0,11.970000267028809,12.010555267333984,5.903888702392578,3.0,3.0,14.0,490.0480041503906,2024,6,2024-06,1570.0,1565.0,3135.0,2037.0,23.980555534362793,6.0,29.88444423675537,20.0,0.31213248671999405,0.24057339428099686,49.87500111262004,0.2506265608250199,50.043980280558266,0.24978029185372694,24.599536259969078,2.3713184149840827,35.02392344497608,14.896331738437002,50.079744816586924,79.1004071283976,65.4697093130423,50.043980280558266,0.2502027107504802,45.75,3
2024-06-08,1100.0,448.0,1564.0,11.974444389343262,12.010555267333984,5.667222023010254,3.0,3.0,13.0,485.9519958496094,2024,6,2024-06,1564.0,1548.0,3112.0,2012.0,23.984999656677246,6.0,29.6522216796875,19.0,0.3107109947887528,0.2415268369033844,49.89351828893025,0.2505335448106361,50.043980280558266,0.24978029185372694,23.61342509587606,2.2938928362462145,35.347043701799485,14.395886889460154,50.257069408740364,79.05107620294646,65.2074222383653,50.043980280558266,0.2501563512980766,45.833333333333336,3
2024-06-09,1125.0,380.0,1526.0,11.972222328186035,12.010000228881836,4.809444427490234,3.0,3.0,11.0,457.343994140625,2024,6,2024-06,1526.0,1505.0,3031.0,1906.0,23.98222255706787,6.0,28.791666984558105,17.0,0.2997011757146953,0.23994962966454617,49.88425970077515,0.250580044185877,50.04166762034098,0.24979183537278818,20.039351781209312,2.2871664629546933,37.116463213460904,12.53711646321346,50.34642032332564,79.01120508388941,63.63046612417781,50.04166762034098,0.2501853189679337,46.875,3
2024-06-10,1070.0,529.0,1593.0,11.973333358764648,12.010555267333984,6.686110973358154,3.0,3.0,14.0,515.3920288085938,2024,6,2024-06,1593.0,1599.0,3192.0,2122.0,23.983888626098633,6.0,30.669999599456787,20.0,0.32353548575555163,0.24288031517841363,49.88888899485271,0.2505567923408695,50.043980280558266,0.24978029185372694,27.85879572232564,2.093892855769994,33.521303258145366,16.572681704260653,49.90601503759399,79.11923719302334,66.41958795066033,50.043980280558266,0.2501679395505097,44.583333333333336,3
2024-06-11,1094.0,439.0,1560.0,11.969444274902344,12.010555267333984,5.544444561004639,3.0,3.0,13.0,479.10400390625,2024,6,2024-06,1560.0,1533.0,3093.0,1999.0,23.979999542236328,6.0,29.524444103240967,19.0,0.3071179512219551,0.23967183787206103,49.872684478759766,0.2506382026683086,50.043980280558266,0.24978029185372694,23.101852337519325,2.3446893294653908,35.370190753313935,14.193339799547363,50.4364694471387,79.17835504886973,65.05421308504819,50.043980280558266,0.2502085118655699,45.583333333333336,3
2024-06-12,1100.0,464.0,1580.0,11.973889350891113,12.010000228881836,5.868888854980469,3.0,3.0,13.0,491.3919982910156,2024,6,2024-06,1580.0,1564.0,3144.0,2044.0,23.98388957977295,6.0,29.852778434753418,19.0,0.3110075938550732,0.24040704417368672,49.89120562871297,0.25054515805900074,50.04166762034098,0.24979183537278818,24.453703562418617,2.215070062021691,34.987277353689564,14.75826972010178,50.25445292620865,79.0609622136973,65.87755479547023,50.04166762034098,0.2501679296030515,45.833333333333336,3
2024-06-13,1107.0,427.0,1546.0,11.95888900756836,12.010000228881836,5.394999980926514,3.0,3.0,13.0,473.9840087890625,2024,6,2024-06,1546.0,1534.0,3080.0,1973.0,23.968889236450195,6.0,29.36388921737671,19.0,0.3065873278066381,0.24023517931528762,49.82870419820149,0.25085942332113004,50.04166762034098,0.24979183537278818,22.47916658719381,2.409638562735905,35.94155844155844,13.863636363636363,50.19480519480519,79.14735894524857,64.50027720304003,50.04166762034098,0.25032449108553695,46.125,3
2024-06-14,1105.0,545.0,1661.0,11.973889350891113,12.010555267333984,6.896666526794434,3.0,3.0,14.0,534.1439819335938,2024,6,2024-06,1661.0,1650.0,3311.0,2206.0,23.984444618225098,6.0,30.88111114501953,20.0,0.32157976034533037,0.24213235808413133,49.89120562871297,0.25054515805900074,50.043980280558266,0.24978029185372694,28.73611052831014,2.0299662084005665,33.373603141045,16.46028390214437,50.16611295681063,79.02368454130776,69.25321917764371,50.043980280558266,0.2501621403165938,46.041666666666664,3
2024-06-15,1134.0,537.0,1688.0,11.970555305480957,12.010555267333984,6.788888931274414,3.0,3.0,15.0,529.6640014648438,2024,6,2024-06,1688.0,1671.0,3359.0,2225.0,23.98111057281494,6.0,30.769999504089355,21.0,0.31378199138912544,0.23805123661341293,49.877313772837326,0.25061494002925583,50.043980280558266,0.24978029185372694,28.28703721364339,2.2094926212298764,33.76004763322417,15.986900863352188,50.25305150342364,79.09983584002958,70.38873345229982,50.043980280558266,0.25019691985414627,47.25,3
2024-06-16,1137.0,432.0,1579.0,11.970000267028809,12.010000228881836,5.4522223472595215,3.0,3.0,12.0,481.6000061035156,2024,6,2024-06,1579.0,1569.0,3148.0,2011.0,23.980000495910645,6.0,29.432222843170166,18.0,0.3050031704265457,0.23948284739110673,49.87500111262004,0.2506265608250199,50.04166762034098,0.24979183537278818,22.717593113581337,2.20093738584077,36.11817026683609,13.722998729351971,50.15883100381194,79.23374589026773,65.84653742060055,50.04166762034098,0.2502085019148849,47.375,3
2024-06-17,1136.0,383.0,1532.0,11.972222328186035,12.010000228881836,4.831666469573975,3.0,3.0,12.0,452.35198974609375,2024,6,2024-06,1532.0,1519.0,3051.0,1915.0,23.98222255706787,6.0,28.813889026641846,18.0,0.29526892281076617,0.23621513824861293,49.88425970077515,0.250580044185877,50.04166762034098,0.24979183537278818,20.131943623224892,2.4836151409801435,37.23369387086201,12.553261225827598,50.21304490331039,79.26871658294958,63.88065144314574,50.04166762034098,0.2501853189679337,47.333333333333336,3
2024-06-18,418.0,1077.0,1502.0,11.964444160461426,12.010000228881836,13.635000228881836,3.0,3.0,10.0,657.280029296875,2024,6,2024-06,1502.0,1495.0,2997.0,2579.0,23.97444438934326,6.0,37.6094446182251,16.0,0.43760321524425766,0.25485848363585695,49.85185066858928,0.25074294800204916,50.04166762034098,0.24979183537278818,56.812500953674316,0.733406661689515,13.94728061394728,35.93593593593594,50.116783450116785,78.98789746396076,62.65004417235401,50.04166762034098,0.2502664880386978,17.416666666666668,3
2024-06-19,1134.0,458.0,1612.0,11.96833324432373,12.010555267333984,5.787777900695801,3.0,3.0,12.0,502.4639892578125,2024,6,2024-06,1612.0,1592.0,3204.0,2070.0,23.978888511657715,6.0,29.766666412353516,18.0,0.3117022265867323,0.2427362266945954,49.868055184682206,0.25066146962634267,50.043980280558266,0.24978029185372694,24.11574125289917,2.0733345691370384,35.39325842696629,14.294631710362045,50.31210986267166,79.1322693887303,67.22580153022109,50.043980280558266,0.2502201049511951,47.25,3
2024-06-20,1123.0,486.0,1612.0,11.973889350891113,12.010555267333984,6.154444217681885,3.0,3.0,13.0,502.3999938964844,2024,6,2024-06,1612.0,1609.0,3221.0,2098.0,23.984444618225098,6.0,30.138888835906982,19.0,0.3116625272310697,0.23946615533674184,49.89120562871297,0.25054515805900074,50.043980280558266,0.24978029185372694,25.64351757367452,2.112294715849507,34.86494877367277,15.088481837938527,50.0465693883887,78.96732553098927,67.2102283650582,50.043980280558266,0.2501621403165938,46.791666666666664,3
2024-06-21,1087.0,536.0,1640.0,11.97166633605957,12.010555267333984,6.781111240386963,3.0,3.0,13.0,531.2000122070312,2024,6,2024-06,1640.0,1623.0,3263.0,2176.0,23.982221603393555,6.0,30.763332843780518,19.0,0.323902446467702,0.24411765266867244,49.88194306691487,0.25059168170798174,50.043980280558266,0.24978029185372694,28.25463016827901,1.9170899192118485,33.31290223720503,16.426601287159055,50.26049647563592,79.04309205365774,68.38398990391846,50.043980280558266,0.25018532891677486,45.291666666666664,3
2024-06-22,1041.0,690.0,1735.0,10.46500015258789,13.518333435058594,8.729999542236328,3.0,4.0,17.0,591.3599853515625,2024,6,2024-06,1735.0,1731.0,3466.0,2425.0,23.983333587646484,7.0,32.71333312988281,24.0,0.3408414901161744,0.2438597877738402,43.60416730244954,0.28666984770737247,56.32638931274414,0.29589446208112874,36.37499809265137,1.947308234983616,30.03462204270052,19.907674552798614,50.05770340450086,79.03780483168795,72.3419033329744,56.32638931274414,0.29186935062295144,43.375,3
2024-06-23,1017.0,621.0,1653.0,12.006667137145996,11.97611141204834,7.84499979019165,3.0,3.0,16.0,551.2960205078125,2024,6,2024-06,1653.0,1638.0,3291.0,2274.0,23.982778549194336,6.0,31.827778339385986,22.0,0.33351241410031,0.2424344857114391,50.027779738108315,0.24986117843799113,49.90046421686809,0.2504986716290821,32.68749912579854,2.039515669586669,30.9024612579763,18.86964448495898,50.22789425706472,79.15870192583259,68.92445746473066,50.027779738108315,0.250179518928242,42.375,3
2024-06-24,1025.0,649.0,1677.0,12.006667137145996,11.976666450500488,8.204999923706055,3.0,3.0,16.0,562.3679809570312,2024,6,2024-06,1677.0,1674.0,3351.0,2326.0,23.983333587646484,6.0,32.18833351135254,22.0,0.3353416702188618,0.24177471236329803,50.027779738108315,0.24986117843799113,49.90277687708537,0.25048706268968807,34.187499682108566,1.9500304873583814,30.58788421366756,19.36735302894658,50.044762757385854,79.09811164347434,69.92355728495565,50.027779738108315,0.250173729105387,42.708333333333336,3
2024-06-25,1047.0,541.0,1591.0,12.006667137145996,11.973889350891113,6.829444408416748,3.0,3.0,15.0,514.3679809570312,2024,6,2024-06,1591.0,1588.0,3179.0,2132.0,23.98055648803711,6.0,30.810000896453857,21.0,0.3232985423991397,0.24126077906052124,50.027779738108315,0.24986117843799113,49.89120562871297,0.25054515805900074,28.456018368403118,2.1963719305649065,32.93488518402013,17.017930166719093,50.04718464926078,79.21581429570763,66.34541616220136,50.027779738108315,0.25020270080025653,43.625,3
2024-06-26,1031.0,511.0,1568.0,12.006667137145996,11.975555419921875,6.461666584014893,3.0,3.0,14.0,500.1600036621094,2024,6,2024-06,1568.0,1542.0,3110.0,2079.0,23.98222255706787,6.0,30.443889141082764,20.0,0.3189795941722636,0.24057720233867694,50.027779738108315,0.24986117843799113,49.89814758300781,0.25051030159397575,26.923610766728718,2.1666237058151085,33.151125401929264,16.430868167202572,50.41800643086817,79.08176526225147,65.38176335695334,50.027779738108315,0.2501853189679337,42.958333333333336,3
2024-06-27,1073.0,418.0,1502.0,12.006667137145996,11.974444389343262,5.2816667556762695,3.0,3.0,12.0,463.0400085449219,2024,6,2024-06,1502.0,1491.0,2993.0,1920.0,23.981111526489258,6.0,29.262778282165527,18.0,0.30828229596865636,0.24116667111714682,50.027779738108315,0.24986117843799113,49.89351828893025,0.2505335448106361,22.006944815317787,2.272010059533472,35.85031740728366,13.965920481122621,50.18376211159372,79.14168374041593,62.632626446063945,50.027779738108315,0.25019690990438326,44.708333333333336,3
2024-06-28,1028.0,407.0,1448.0,9.15999984741211,13.508333206176758,5.139444351196289,7.0,9.0,12.0,432.76800537109375,2024,6,2024-06,1448.0,1435.0,2883.0,1855.0,22.668333053588867,16.0,27.807777404785156,28.0,0.29887293188611447,0.23329811610301548,38.16666603088379,0.7641921524679551,56.28472169240316,0.6662554041741213,21.41435146331787,2.3348827577453592,35.65730142212973,14.117238987166147,50.225459590704126,79.19144020019677,63.87765684300071,56.28472169240316,0.7058304623535989,42.833333333333336,3
2024-06-29,995.0,584.0,1589.0,12.008333206176758,11.975000381469727,7.3872222900390625,3.0,3.0,15.0,531.072021484375,2024,6,2024-06,1589.0,1579.0,3168.0,2173.0,23.983333587646484,6.0,31.370555877685547,21.0,0.3342177605313877,0.2443957761087782,50.03472169240316,0.24982651201391398,49.89583492279053,0.2505219126875553,30.78009287516276,2.0305331843372323,31.40782828282828,18.434343434343432,50.15782828282829,79.05542531019626,66.25434259140998,50.03472169240316,0.250173729105387,41.458333333333336,3
2024-06-30,994.0,627.0,1623.0,12.171667098999023,11.811111450195312,7.914444446563721,3.0,3.0,16.0,549.6320190429688,2024,6,2024-06,1623.0,1621.0,3244.0,2250.0,23.982778549194336,6.0,31.897222995758057,22.0,0.3386518909691736,0.24428089735243055,50.7152795791626,0.24647404300489903,49.2129643758138,0.2539981112404448,32.976851860682174,2.021620103347475,30.64118372379778,19.327990135635016,50.0308261405672,79.22223779992919,67.67355987008945,50.7152795791626,0.250179518928242,41.416666666666664,3
2024-07-01,1023.0,513.0,1553.0,12.006667137145996,11.976666450500488,6.485000133514404,3.0,3.0,14.0,498.1759948730469,2024,7,2024-07,1553.0,1536.0,3089.0,2066.0,23.983333587646484,6.0,30.46833372116089,20.0,0.32078299734259297,0.24113068483690556,50.027779738108315,0.24986117843799113,49.90277687708537,0.25048706268968807,27.020833889643352,2.158828020318483,33.11751375849789,16.607316283586922,50.275169957915175,79.10562674452727,64.75330021677766,50.027779738108315,0.250173729105387,42.625,3
2024-07-02,1053.0,427.0,1496.0,12.006667137145996,11.97611141204834,5.389999866485596,3.0,3.0,13.0,464.0,2024,7,2024-07,1496.0,1480.0,2976.0,1923.0,23.982778549194336,6.0,29.37277841567993,19.0,0.31016042780748665,0.24128965158606344,50.027779738108315,0.24986117843799113,49.90046421686809,0.2504986716290821,22.458332777023315,2.411873900189222,35.38306451612903,14.348118279569894,50.26881720430107,79.2207811831383,62.37809338610833,50.027779738108315,0.250179518928242,43.875,3
2024-07-03,1056.0,425.0,1485.0,12.006667137145996,11.974444389343262,5.369444370269775,3.0,3.0,13.0,460.09600830078125,2024,7,2024-07,1485.0,1481.0,2966.0,1910.0,23.981111526489258,6.0,29.350555896759033,19.0,0.3098289618187079,0.24088796246114202,50.027779738108315,0.24986117843799113,49.89351828893025,0.2505335448106361,22.37268487612406,2.4211071208745656,35.60350640593391,14.32906271072151,50.06743088334458,79.15157895166848,61.92373520133486,50.027779738108315,0.25019690990438326,44.0,3
2024-07-04,1043.0,433.0,1491.0,12.006667137145996,11.977222442626953,5.467777729034424,3.0,3.0,13.0,465.343994140625,2024,7,2024-07,1491.0,1476.0,2967.0,1924.0,23.98388957977295,6.0,29.451667308807373,19.0,0.31210194107352446,0.24186278281737267,50.027779738108315,0.24986117843799113,49.90509351094563,0.250475434882381,22.782407204310097,2.3775655566554494,35.15335355578025,14.59386585776879,50.25278058645096,79.19122200244689,62.1667305063583,50.027779738108315,0.2501679296030515,43.458333333333336,3
2024-07-05,1047.0,496.0,1557.0,12.006667137145996,11.975000381469727,6.2672224044799805,3.0,3.0,14.0,496.0,2024,7,2024-07,1557.0,1543.0,3100.0,2053.0,23.981667518615723,6.0,30.248889923095703,20.0,0.31856133590237634,0.24159766195811008,50.027779738108315,0.24986117843799113,49.89583492279053,0.2505219126875553,26.113426685333252,2.233844452367355,33.774193548387096,16.0,50.2258064516129,79.14191774101486,64.92459287042412,50.027779738108315,0.2501911093272606,43.625,3
2024-07-06,1069.0,347.0,1420.0,8.004444122314453,10.563888549804688,4.381111145019531,3.0,3.0,10.0,365.3760070800781,2024,7,2024-07,1420.0,1416.0,2836.0,1767.0,18.56833267211914,6.0,22.949443817138672,16.0,0.25730704723949166,0.20677759314096103,33.351850509643555,0.37479179742622304,44.01620229085286,0.2839863356997898,18.25462977091471,2.2825259777689157,37.693935119887165,12.235543018335685,50.07052186177715,79.20365142858138,76.47428689879996,44.01620229085286,0.3231307897132393,44.541666666666664,3
2024-07-07,1055.0,460.0,1532.0,11.273333549499512,12.704444885253906,5.808888912200928,4.0,4.0,14.0,482.8160095214844,2024,7,2024-07,1532.0,1515.0,3047.0,1992.0,23.977778434753418,8.0,29.786667346954346,22.0,0.31515405321245715,0.2423775148200223,46.97222312291463,0.3548196265493788,52.935187021891274,0.31485043511368327,24.203703800837197,2.4100994547502106,34.62422054479816,15.096816540859862,50.278962914341975,79.18898208464978,63.89249129850652,52.935187021891274,0.33364225221152227,43.958333333333336,3
2024-07-08,1067.0,451.0,1539.0,14.776666641235352,9.20555591583252,5.708333492279053,3.0,4.0,13.0,478.3999938964844,2024,7,2024-07,1539.0,1518.0,3057.0,1990.0,23.98222255706787,7.0,29.690556049346924,20.0,0.31085119811337514,0.24040200698315797,61.56944433848063,0.2030227840173564,38.3564829826355,0.4345202002543323,23.784722884496055,2.2773721993614195,34.903500163559045,14.753025842329082,50.343473994111875,79.00729707015387,64.172534315275,61.56944433848063,0.291882872129256,44.458333333333336,3
2024-07-09,1042.0,561.0,1606.0,12.008333206176758,11.975000381469727,7.092222213745117,3.0,3.0,15.0,525.5040283203125,2024,7,2024-07,1606.0,1603.0,3209.0,2167.0,23.983333587646484,6.0,31.0755558013916,21.0,0.32721296906619707,0.2425030126074354,50.03472169240316,0.24982651201391398,49.89583492279053,0.2505219126875553,29.550925890604656,2.114992952551483,32.47117482081646,17.48208164537239,50.04674353381115,79.10073642542547,66.96316815720857,50.03472169240316,0.250173729105387,43.416666666666664,3
2024-07-10,1038.0,616.0,1660.0,11.720555305480957,12.260000228881836,7.7866668701171875,3.0,3.0,15.0,555.2000122070312,2024,7,2024-07,1660.0,1654.0,3314.0,2276.0,23.980555534362793,6.0,31.76722240447998,21.0,0.33445783867893447,0.24393673647057612,48.835647106170654,0.25596056857451893,51.08333428700765,0.24469820097822403,32.44444529215495,1.926369812681386,31.32166566083283,18.587809293904648,50.090525045262524,79.10958697411559,69.2227499742995,51.08333428700765,0.2502027107504802,43.25,3
2024-07-11,1034.0,543.0,1602.0,12.006667137145996,11.976666450500488,6.863888740539551,3.0,3.0,15.0,517.8880004882812,2024,7,2024-07,1602.0,1577.0,3179.0,2145.0,23.983333587646484,6.0,30.847222328186035,21.0,0.3232759054233965,0.24143962726726398,50.027779738108315,0.24986117843799113,49.90277687708537,0.25048706268968807,28.599536418914795,2.1853501079361743,32.52595155709342,17.080843032400125,50.39320541050645,79.10967390728952,66.79638567113832,50.027779738108315,0.250173729105387,43.083333333333336,3
2024-07-12,1036.0,587.0,1635.0,12.006667137145996,11.973889350891113,7.421666622161865,3.0,3.0,15.0,539.135986328125,2024,7,2024-07,1635.0,1623.0,3258.0,2222.0,23.98055648803711,6.0,31.402223110198975,21.0,0.3297467806288226,0.2426354573933956,50.027779738108315,0.24986117843799113,49.89120562871297,0.25054515805900074,30.92361092567444,2.021109376593183,31.79864947820749,18.01718845917741,50.1841620626151,79.09274693734655,68.18023596806991,50.027779738108315,0.25020270080025653,43.166666666666664,3
2024-07-13,1078.0,484.0,1577.0,12.006667137145996,11.973889350891113,6.118888854980469,3.0,3.0,13.0,494.8479919433594,2024,7,2024-07,1577.0,1562.0,3139.0,2061.0,23.98055648803711,6.0,30.099445343017578,19.0,0.3137907368061886,0.2401009179734883,50.027779738108315,0.24986117843799113,49.89120562871297,0.25054515805900074,25.495370229085285,2.124568742479879,34.342147180630775,15.418923223956673,50.23892959541255,79.09932856617395,65.7616098603341,50.027779738108315,0.25020270080025653,44.916666666666664,3
2024-07-14,1096.0,434.0,1530.0,10.137222290039062,12.313888549804688,5.484444618225098,3.0,3.0,13.0,458.8160095214844,2024,7,2024-07,1530.0,1530.0,3060.0,1964.0,22.45111083984375,6.0,27.935555458068848,19.0,0.2998797447852839,0.23361303947122422,42.238426208496094,0.29593905649556784,51.30786895751953,0.2436273471102338,22.851852575937905,2.3703402814571812,35.81699346405229,14.183006535947712,50.0,79.13289862710897,68.14807565266325,51.30786895751953,0.2672473555006402,45.666666666666664,3
2024-07-15,1057.0,572.0,1653.0,11.970555305480957,12.010555267333984,7.250555515289307,3.0,3.0,14.0,540.2880249023438,2024,7,2024-07,1653.0,1629.0,3282.0,2225.0,23.98111057281494,6.0,31.231666088104248,20.0,0.3268530096202926,0.24282607860779495,49.877313772837326,0.25061494002925583,50.043980280558266,0.24978029185372694,30.210647980372112,1.930886532828841,32.205971968312,17.428397318708104,50.36563071297989,78.89050691272122,68.9292514198173,50.043980280558266,0.25019691985414627,44.041666666666664,3
2024-07-16,1091.0,553.0,1644.0,11.971111297607422,12.010555267333984,6.995555400848389,3.0,3.0,15.0,528.9600219726562,2024,7,2024-07,1644.0,1644.0,3288.0,2197.0,23.981666564941406,6.0,30.977221965789795,21.0,0.32175183818288094,0.2407646891090834,49.879630406697586,0.25060330034685985,50.043980280558266,0.24978029185372694,29.148147503534954,2.144218598880779,33.181265206812654,16.81873479318735,50.0,79.05019234540472,68.55236668177805,50.043980280558266,0.25019111927656223,45.458333333333336,3
2024-07-17,1085.0,524.0,1630.0,11.97166633605957,12.010555267333984,6.626111030578613,3.0,3.0,13.0,520.447998046875,2024,7,2024-07,1630.0,1609.0,3239.0,2154.0,23.982221603393555,6.0,30.608332633972168,19.0,0.31929325033550615,0.24161931199947773,49.88194306691487,0.25059168170798174,50.043980280558266,0.24978029185372694,27.60879596074422,1.9619351290684302,33.49799320778018,16.177832664402594,50.32417412781722,79.08107751014288,67.96701435572383,50.043980280558266,0.25018532891677486,45.208333333333336,3
2024-07-18,1048.0,623.0,1689.0,11.80888843536377,12.171111106872559,7.879444599151611,3.0,4.0,15.0,564.47998046875,2024,7,2024-07,1689.0,1671.0,3360.0,2312.0,23.979999542236328,7.0,31.85944414138794,22.0,0.33420957991044997,0.24415224068717561,49.2037018140157,0.25404592620385663,50.71296294530233,0.32864706967808005,32.831019163131714,1.9036874758425317,31.19047619047619,18.541666666666668,50.26785714285714,79.06648649665982,70.43369609015794,50.71296294530233,0.2919099305098316,43.666666666666664,3
2024-07-19,1042.0,613.0,1655.0,11.8100004196167,12.171111106872559,7.750555515289307,3.0,3.0,17.0,553.0239868164062,2024,7,2024-07,1655.0,1655.0,3310.0,2268.0,23.981111526489258,6.0,31.731667041778564,23.0,0.334153466354324,0.24383773669153716,49.20833508173625,0.2540220062157599,50.71296294530233,0.24648530225856005,32.293981313705444,2.1933911661511964,31.48036253776435,18.51963746223565,50.0,79.09110499121667,69.01264764862572,50.71296294530233,0.25019690990438326,43.416666666666664,3
2024-07-20,1062.0,545.0,1629.0,12.399444580078125,11.415555953979492,6.89722204208374,4.0,4.0,14.0,524.6719970703125,2024,7,2024-07,1629.0,1607.0,3236.0,2174.0,23.815000534057617,8.0,30.712222576141357,22.0,0.3220822572561771,0.2413394650737408,51.66435241699219,0.32259509481793236,47.56481647491455,0.3503990533729187,28.73842517534892,2.0298027110883643,32.818294190358465,16.841779975278122,50.339925834363406,79.01731982451132,68.40226594454121,51.66435241699219,0.3359227302371576,44.25,3
2024-07-21,1079.0,514.0,1602.0,9.412221908569336,13.915555953979492,6.490555763244629,4.0,4.0,14.0,506.11199951171875,2024,7,2024-07,1602.0,1593.0,3195.0,2116.0,23.327777862548828,8.0,29.818333625793457,22.0,0.315925093328164,0.23918336460856274,39.217591285705566,0.42497935544403276,57.981483141581215,0.2874480914185899,27.04398234685262,2.1569801586607737,33.77151799687011,16.087636932707355,50.140845070422536,79.19198582511699,68.67349343942026,57.981483141581215,0.34293879370497005,44.958333333333336,3
2024-07-22,1068.0,564.0,1645.0,11.963889122009277,12.010000228881836,7.130000114440918,3.0,3.0,14.0,537.2160034179688,2024,7,2024-07,1645.0,1632.0,3277.0,2209.0,23.973889350891113,6.0,31.10388946533203,20.0,0.3265750780656345,0.24319420707015335,49.849538008371994,0.2507545806723562,50.04166762034098,0.24979183537278818,29.70833381017049,1.9635343303353898,32.59078425389075,17.210863594751295,50.19835215135795,79.10238302208285,68.61631735773632,50.04166762034098,0.25027228215587716,44.5,3
2024-07-23,1116.0,386.0,1522.0,15.449444770812988,8.529999732971191,4.879444599151611,3.0,3.0,13.0,452.79998779296875,2024,7,2024-07,1522.0,1502.0,3024.0,1908.0,23.97944450378418,6.0,28.85888910293579,19.0,0.2975032771307285,0.2373165554470486,64.37268654505411,0.19418173562247262,35.54166555404663,0.35169989377655375,20.331019163131714,2.6642376475101917,36.904761904761905,12.764550264550264,50.33068783068783,79.10736399530262,63.47102827005914,64.37268654505411,0.2502143032985249,46.5,3
2024-07-24,1093.0,391.0,1482.0,11.971111297607422,12.010000228881836,4.936666488647461,3.0,3.0,12.0,446.52801513671875,2024,7,2024-07,1482.0,1484.0,2966.0,1873.0,23.981111526489258,6.0,28.91777801513672,18.0,0.30130095488307607,0.23840257081511945,49.879630406697586,0.25060330034685985,50.04166762034098,0.24979183537278818,20.569443702697754,2.4307900944079655,36.85097774780849,13.182737693863789,49.966284558327715,79.20324390945953,61.79863674638267,50.04166762034098,0.25019690990438326,45.541666666666664,3
2024-07-25,1071.0,398.0,1491.0,11.971111297607422,12.010000228881836,5.032777786254883,3.0,3.0,12.0,452.09600830078125,2024,7,2024-07,1491.0,1469.0,2960.0,1889.0,23.981111526489258,6.0,29.01388931274414,18.0,0.3032166386993838,0.23933086728469097,49.879630406697586,0.25060330034685985,50.04166762034098,0.24979183537278818,20.969907442728676,2.3843691316500073,36.182432432432435,13.445945945945944,50.37162162162162,79.08157619972523,62.173932111239246,50.04166762034098,0.25019690990438326,44.625,3
2024-07-26,1133.0,363.0,1514.0,12.407221794128418,11.570555686950684,4.582777976989746,3.0,4.0,11.0,445.88800048828125,2024,7,2024-07,1514.0,1496.0,3010.0,1877.0,23.9777774810791,7.0,28.560555458068848,18.0,0.2945099078522333,0.23755354314772575,51.69675747553507,0.24179466199433278,48.21064869562785,0.345705090422858,19.094908237457275,2.4002908400169725,37.64119601328903,12.059800664451826,50.29900332225914,79.2095977205601,63.14179874238551,51.69675747553507,0.2919369822963663,47.208333333333336,3
2024-07-27,1109.0,422.0,1542.0,13.601666450500488,10.320555686950684,5.329444408416748,5.0,3.0,12.0,468.79998779296875,2024,7,2024-07,1542.0,1531.0,3073.0,1964.0,23.922222137451172,8.0,29.25166654586792,20.0,0.3040207443534168,0.23869653146281505,56.6736102104187,0.36760201539981296,43.00231536229451,0.29068202246059305,22.206018368403114,2.2516418373833673,36.08851285388871,13.73250894890986,50.17897819720143,79.18273794798175,64.4588947941395,56.6736102104187,0.3344170936142127,46.208333333333336,3
2024-07-28,1130.0,419.0,1551.0,12.16944408416748,11.812222480773926,5.298333168029785,3.0,3.0,13.0,469.5679931640625,2024,7,2024-07,1551.0,1549.0,3100.0,1970.0,23.981666564941406,6.0,29.27999973297119,19.0,0.30275176864220665,0.23835938739292512,50.7060170173645,0.24651906687364775,49.21759366989136,0.2539742207601429,22.076388200124107,2.4536018381105547,36.45161290322581,13.516129032258064,50.032258064516135,79.0814746283325,64.67440433299134,50.7060170173645,0.25019111927656223,47.083333333333336,3
2024-07-29,1062.0,475.0,1565.0,12.008333206176758,11.967778205871582,5.997777938842773,3.0,3.0,14.0,492.79998779296875,2024,7,2024-07,1565.0,1537.0,3102.0,2040.0,23.97611141204834,6.0,29.973889350891113,20.0,0.31488817111371803,0.24156862146714153,50.03472169240316,0.24982651201391398,49.86574252446492,0.2506730947376809,24.990741411844887,2.334197788373138,34.23597678916828,15.312701482914248,50.451321727917474,79.19599639123147,65.27330362727481,50.03472169240316,0.25024908738891305,44.25,3
2024-07-30,1106.0,463.0,1572.0,12.16944408416748,11.810555458068848,5.8577775955200195,3.0,3.0,14.0,487.0400085449219,2024,7,2024-07,1572.0,1569.0,3141.0,2035.0,23.979999542236328,6.0,29.837777137756348,20.0,0.30982188838735486,0.23933169953067415,50.7060170173645,0.24651906687364775,49.21064774195354,0.254010068421501,24.407406648000084,2.3899848998546966,35.211716014008275,14.740528494110155,50.04775549188156,79.04021490233747,65.55463010877932,50.7060170173645,0.2502085118655699,46.083333333333336,3
2024-07-31,1022.0,532.0,1568.0,13.792222023010254,10.097777366638184,6.721111297607422,5.0,3.0,14.0,508.79998779296875,2024,7,2024-07,1568.0,1554.0,3122.0,2100.0,23.889999389648438,8.0,30.61111068725586,22.0,0.3244897881332709,0.24228570847284225,57.467591762542725,0.36252316643817434,42.07407236099243,0.2970950825190137,28.00463040669759,2.082988865990616,32.73542600896861,17.040358744394617,50.224215246636774,79.1535769076434,65.63415822770662,57.467591762542725,0.33486815422299293,42.583333333333336,3
2024-08-01,1032.0,520.0,1566.0,11.97166633605957,12.010000228881836,6.571666717529297,3.0,3.0,16.0,497.9840087890625,2024,8,2024-08,1566.0,1552.0,3118.0,2086.0,23.981666564941406,6.0,30.553333282470703,22.0,0.3179974513340118,0.23872675397366372,49.88194306691487,0.25059168170798174,50.04166762034098,0.24979183537278818,27.38194465637207,2.4346943762868434,33.098139833226426,16.677357280307888,50.224502886465686,79.12756722932241,65.29988213118274,50.04166762034098,0.25019111927656223,43.0,3
2024-08-02,1085.0,408.0,1516.0,11.975000381469727,12.010000228881836,5.151111125946045,3.0,3.0,12.0,460.864013671875,2024,8,2024-08,1516.0,1493.0,3009.0,1924.0,23.985000610351562,6.0,29.136111736297607,18.0,0.3040000090183872,0.23953431064026767,49.89583492279053,0.2505219126875553,50.04166762034098,0.24979183537278818,21.462963024775185,2.3295944712891625,36.058491193087406,13.559322033898304,50.38218677301429,79.20621202383153,63.206168914822435,50.04166762034098,0.25015634135153997,45.208333333333336,3
2024-08-03,1048.0,475.0,1523.0,11.970555305480957,12.010000228881836,5.999444484710693,3.0,3.0,14.0,483.7120056152344,2024,8,2024-08,1523.0,1523.0,3046.0,1998.0,23.980555534362793,6.0,29.980000019073486,20.0,0.31760473119844673,0.2420981009085257,49.877313772837326,0.25061494002925583,50.04166762034098,0.24979183537278818,24.99768535296122,2.3335493870604775,34.40577806959947,15.594221930400526,50.0,79.17399706098048,63.50978807883021,50.04166762034098,0.2502027107504802,43.666666666666664,3
2024-08-04,1094.0,348.0,1456.0,8.329444885253906,12.392777442932129,4.392777919769287,2.0,5.0,11.0,399.87200927734375,2024,8,2024-08,1456.0,1442.0,2898.0,1804.0,20.722222328186035,7.0,25.115000247955322,18.0,0.2746373690091647,0.2216585417280176,34.70602035522461,0.24011203958390007,51.63657267888387,0.4034608079604955,18.303241332372032,2.5041102010860885,37.75017253278123,12.008281573498964,50.24154589371981,79.22094090708717,70.26273422515943,51.63657267888387,0.33780160685172805,45.583333333333336,3
2024-08-05,1096.0,441.0,1553.0,12.008333206176758,11.972222328186035,5.576111316680908,3.0,3.0,13.0,476.6080017089844,2024,8,2024-08,1553.0,1537.0,3090.0,1994.0,23.980555534362793,6.0,29.5566668510437,19.0,0.3068950429549159,0.2390210640466321,50.03472169240316,0.24982651201391398,49.88425970077515,0.250580044185877,23.23379715283712,2.3313738305601195,35.469255663430424,14.271844660194175,50.2588996763754,79.08737379053943,64.76080163258261,50.03472169240316,0.2502027107504802,45.666666666666664,3
2024-08-06,1054.0,431.0,1498.0,12.008333206176758,11.973889350891113,5.441111087799072,3.0,3.0,13.0,464.0639953613281,2024,8,2024-08,1498.0,1485.0,2983.0,1929.0,23.98222255706787,6.0,29.423333644866943,19.0,0.3097890489728492,0.24057231485812758,50.03472169240316,0.24982651201391398,49.89120562871297,0.25054515805900074,22.671296199162803,2.389217898739593,35.33355682199129,14.448541736506874,50.217901441501844,79.21176264282803,62.46293463566078,50.03472169240316,0.2501853189679337,43.916666666666664,3
2024-08-07,1051.0,437.0,1503.0,12.008333206176758,11.974444389343262,5.52222204208374,3.0,3.0,13.0,467.5199890136719,2024,8,2024-08,1503.0,1488.0,2991.0,1940.0,23.98277759552002,6.0,29.50499963760376,19.0,0.31105787692193737,0.24098968505859375,50.03472169240316,0.24982651201391398,49.89351828893025,0.2505335448106361,23.00925850868225,2.354124825284029,35.13874958207957,14.610498161150117,50.25075225677031,79.13481143454776,62.66997198359377,50.03472169240316,0.2501795288766218,43.791666666666664,3
2024-08-08,1081.0,406.0,1494.0,11.292222023010254,12.191666603088379,5.129444599151611,4.0,3.0,14.0,451.20001220703125,2024,8,2024-08,1494.0,1487.0,2981.0,1900.0,23.483888626098633,7.0,28.613333225250244,21.0,0.3020080402992177,0.2374736906352796,47.05092509587605,0.3542261205854053,50.798610846201576,0.24606972103715857,21.372685829798378,2.729340327082496,36.2629989936263,13.619590741361959,50.11741026501174,79.15086948539238,63.618084031434854,50.798610846201576,0.29807669894246586,45.041666666666664,3
2024-08-09,1060.0,397.0,1480.0,12.008333206176758,11.957777976989746,5.009444236755371,3.0,3.0,12.0,450.8160095214844,2024,8,2024-08,1480.0,1457.0,2937.0,1877.0,23.966111183166504,6.0,28.975555419921875,18.0,0.30460541183884077,0.24017901412971995,50.03472169240316,0.24982651201391398,49.82407490412395,0.2508827313714032,20.87268431981405,2.3954753128008526,36.09124957439564,13.517194416070822,50.39155600953353,79.25030826516154,61.75386522614205,50.03472169240316,0.25035350767354886,44.166666666666664,3
2024-08-10,1027.0,513.0,1547.0,12.008333206176758,11.969444274902344,6.485000133514404,3.0,3.0,14.0,502.78399658203125,2024,8,2024-08,1547.0,1540.0,3087.0,2060.0,23.9777774810791,6.0,30.462777614593506,20.0,0.32500581550228264,0.24406990125341324,50.03472169240316,0.24982651201391398,49.872684478759766,0.2506382026683086,27.020833889643352,2.158828020318483,33.26854551344347,16.61807580174927,50.11337868480725,79.10562674452727,64.51807308749694,50.03472169240316,0.2502316991111711,42.791666666666664,3
2024-08-11,1048.0,472.0,1536.0,12.008333206176758,11.97166633605957,5.963889122009277,3.0,3.0,13.0,487.42401123046875,2024,8,2024-08,1536.0,1520.0,3056.0,2008.0,23.979999542236328,6.0,29.943888664245605,19.0,0.3173333406448364,0.24274104144943662,50.03472169240316,0.24982651201391398,49.88194306691487,0.25059168170798174,24.849538008371987,2.17978566234984,34.29319371727749,15.44502617801047,50.26178010471204,79.14298712531728,64.0533790375859,50.03472169240316,0.2502085118655699,43.666666666666664,3
2024-08-12,1085.0,586.0,1676.0,12.008333206176758,11.968889236450195,7.418889045715332,3.0,3.0,15.0,549.5040283203125,2024,8,2024-08,1676.0,1671.0,3347.0,2262.0,23.977222442626953,6.0,31.396111488342285,21.0,0.3278663653462485,0.24292839448289677,50.03472169240316,0.24982651201391398,49.87037181854248,0.25064982562155935,30.91203769048055,2.0218660647934916,32.417089931281744,17.508216313116222,50.07469375560203,78.9875675979324,69.89967265851402,50.03472169240316,0.25023749161759196,45.208333333333336,3
2024-08-13,1069.0,552.0,1645.0,12.008333206176758,11.960000038146973,6.980555534362793,3.0,3.0,14.0,530.1119995117188,2024,8,2024-08,1645.0,1621.0,3266.0,2197.0,23.96833324432373,6.0,30.948888778686523,20.0,0.3222565346575798,0.241289030273882,50.03472169240316,0.24982651201391398,49.83333349227905,0.2508361196012844,29.08564805984497,2.0055710367295236,32.731169626454374,16.901408450704224,50.367421922841395,79.07680087676407,68.63222332698395,50.03472169240316,0.2503302978491816,44.541666666666664,3
2024-08-14,1043.0,578.0,1616.0,12.008333206176758,11.97611141204834,7.30055570602417,3.0,3.0,16.0,530.8800048828125,2024,8,2024-08,1616.0,1621.0,3237.0,2194.0,23.984444618225098,6.0,31.285000324249268,22.0,0.3285148545066909,0.24196900860656906,50.03472169240316,0.24982651201391398,49.90046421686809,0.2504986716290821,30.41898210843404,2.19161398724721,32.22119246215632,17.85603954278653,49.92276799505715,79.17205528930546,67.37700312526927,50.03472169240316,0.2501621403165938,43.458333333333336,3
2024-08-15,1103.0,459.0,1588.0,12.25333309173584,11.725555419921875,5.801666736602783,4.0,3.0,14.0,488.0639953613281,2024,8,2024-08,1588.0,1562.0,3150.0,2047.0,23.978888511657715,7.0,29.780555248260498,21.0,0.30734508524013104,0.23842891810519204,51.05555454889933,0.32644179098483556,48.85648091634114,0.2558514196182946,24.173611402511597,2.413099654910172,35.01587301587302,14.571428571428571,50.41269841269841,79.11519582884064,66.2249211104163,51.05555454889933,0.2919234557763943,45.958333333333336,3
2024-08-16,1042.0,672.0,1714.0,11.974444389343262,12.010000228881836,8.50777816772461,3.0,3.0,16.0,581.6959838867188,2024,8,2024-08,1714.0,1714.0,3428.0,2386.0,23.984444618225098,6.0,32.49222278594971,22.0,0.3393792204706644,0.24379546684271533,49.89351828893025,0.2505335448106361,50.04166762034098,0.24979183537278818,35.44907569885254,1.8806320151479892,30.396732788798133,19.603267211201867,50.0,78.98654463621556,71.4629847504403,50.04166762034098,0.2501621403165938,43.416666666666664,3
2024-08-17,1025.0,602.0,1638.0,11.966111183166504,12.010000228881836,7.6061110496521,3.0,3.0,16.0,543.7440185546875,2024,8,2024-08,1638.0,1627.0,3265.0,2240.0,23.97611141204834,6.0,31.58222246170044,22.0,0.331956055283692,0.24274286542619977,49.8587965965271,0.2507080165041666,50.04166762034098,0.24979183537278818,31.692129373550415,2.1035717064283244,31.393568147013784,18.437978560490045,50.168453292496174,79.1468854543657,68.31800085717326,50.04166762034098,0.25024908738891305,42.708333333333336,3
2024-08-18,1094.0,522.0,1624.0,11.97166633605957,12.010000228881836,6.5561113357543945,3.0,3.0,14.0,515.4559936523438,2024,8,2024-08,1624.0,1616.0,3240.0,2146.0,23.981666564941406,6.0,30.5377779006958,20.0,0.3173990108696698,0.2401938460635339,49.88194306691487,0.25059168170798174,50.04166762034098,0.24979183537278818,27.31713056564331,2.13541218002959,33.76543209876543,16.11111111111111,50.123456790123456,79.62036842681758,67.71839628418951,50.04166762034098,0.25019111927656223,45.583333333333336,3
2024-08-19,1151.0,382.0,1551.0,11.971111297607422,12.010000228881836,4.814444541931152,3.0,3.0,12.0,459.8399963378906,2024,8,2024-08,1551.0,1533.0,3084.0,1933.0,23.981111526489258,6.0,28.79555606842041,18.0,0.2964796881611158,0.23788928936259215,49.879630406697586,0.25060330034685985,50.04166762034098,0.24979183537278818,20.0601855913798,2.492499372562427,37.32166018158236,12.38651102464332,50.291828793774314,79.34456335990393,64.67590121028307,50.04166762034098,0.25019690990438326,47.958333333333336,3
2024-08-20,1216.0,265.0,1498.0,11.978888511657715,12.010000228881836,3.3316667079925537,3.0,3.0,9.0,411.45599365234375,2024,8,2024-08,1498.0,1481.0,2979.0,1763.0,23.98888874053955,6.0,27.320555448532104,15.0,0.27467022273187164,0.23338400093723413,49.91203546524048,0.2504405978134311,50.04166762034098,0.24979183537278818,13.881944616635641,2.7013506418302016,40.819066800939915,8.895602551191676,50.285330647868406,79.53976889833372,62.44557704202798,50.04166762034098,0.2501157958959732,50.666666666666664,3
2024-08-21,1212.0,288.0,1509.0,11.98611068725586,11.990555763244629,3.6261110305786133,2.0,3.0,9.0,423.4880065917969,2024,8,2024-08,1509.0,1500.0,3009.0,1797.0,23.97666645050049,5.0,27.6027774810791,14.0,0.28064148879509404,0.2356638879197534,49.942127863566085,0.16685979732579015,49.96064901351929,0.25019690990438326,15.108795960744223,2.481997910186408,40.27916251246261,9.571286141575275,50.14955134596212,79.42393312596505,62.93618852793029,49.96064901351929,0.20853607862137274,50.5,3
2024-08-22,1142.0,351.0,1512.0,12.008333206176758,11.981111526489258,4.413888931274414,3.0,3.0,11.0,445.24798583984375,2024,8,2024-08,1512.0,1493.0,3005.0,1863.0,23.989444732666016,6.0,28.40333366394043,17.0,0.29447618111100776,0.2389951614813976,50.03472169240316,0.24982651201391398,49.921298027038574,0.2503941302413591,18.39120388031006,2.492133393312185,38.00332778702163,11.680532445923461,50.31613976705491,79.52171100477973,63.02771976798344,50.03472169240316,0.25010999907929937,47.583333333333336,3
2024-08-23,1134.0,475.0,1618.0,12.008333206176758,11.966666221618652,5.998888969421387,3.0,3.0,13.0,502.78399658203125,2024,8,2024-08,1618.0,1609.0,3227.0,2093.0,23.97499942779541,6.0,29.973888397216797,19.0,0.31074412644130484,0.24022168971907848,50.03472169240316,0.24982651201391398,49.861109256744385,0.25069638815364315,24.995370705922447,2.167067946459075,35.140997830802604,14.71955376510691,50.139448404090494,79.18132881292773,67.48696719984785,50.03472169240316,0.2502606941897943,47.25,3
2024-08-24,1135.0,482.0,1634.0,12.008333206176758,11.97944450378418,6.094444274902344,3.0,3.0,14.0,506.55999755859375,2024,8,2024-08,1634.0,1617.0,3251.0,2116.0,23.987777709960938,6.0,30.08222198486328,20.0,0.3100122384079521,0.2393950839123789,50.03472169240316,0.24982651201391398,49.91435209910075,0.25042897431949634,25.393517812093098,2.297174175117769,34.912334666256534,14.826207320824361,50.2614580129191,79.08842517191175,68.11802325988208,50.03472169240316,0.2501273803912439,47.291666666666664,3
2024-08-25,1155.0,396.0,1567.0,12.008333206176758,11.963333129882812,5.005000114440918,3.0,3.0,11.0,468.1600036621094,2024,8,2024-08,1567.0,1551.0,3118.0,1963.0,23.97166633605957,6.0,28.97666645050049,17.0,0.29876196787626635,0.23849210578813518,50.03472169240316,0.24982651201391398,49.84722137451172,0.2507662344122475,20.854167143503823,2.197802147548752,37.04297626683772,12.700449005772931,50.25657472738935,79.12087731175508,65.3688391133172,50.03472169240316,0.25029549118053807,48.125,3
2024-08-26,1258.0,238.0,1501.0,12.008333206176758,11.966111183166504,3.01111102104187,3.0,3.0,8.0,401.66400146484375,2024,8,2024-08,1501.0,1496.0,2997.0,1739.0,23.97444438934326,6.0,26.985555410385132,14.0,0.26759760257484594,0.2309741239015778,50.03472169240316,0.24982651201391398,49.8587965965271,0.2507080165041666,12.546295921007792,2.6568266477374625,41.9753086419753,7.941274607941275,50.08341675008342,79.04059277018952,62.608333091014224,50.03472169240316,0.2502664880386978,52.416666666666664,3
2024-08-27,1153.0,301.0,1478.0,12.008333206176758,11.464444160461426,3.7994444370269775,3.0,4.0,9.0,419.90399169921875,2024,8,2024-08,1478.0,1454.0,2932.0,1779.0,23.472777366638184,7.0,27.27222180366516,16.0,0.2841028360617177,0.2360337221468346,50.03472169240316,0.24982651201391398,47.768517335255936,0.34890483515940524,15.831018487612406,2.3687673682740833,39.324693042291955,10.266030013642565,50.40927694406548,79.22210865005546,62.96655810746447,50.03472169240316,0.2982177988851497,48.041666666666664,3
2024-08-28,1164.0,318.0,1494.0,12.008333206176758,11.977222442626953,4.018333435058594,3.0,3.0,10.0,428.6719970703125,2024,8,2024-08,1494.0,1482.0,2976.0,1812.0,23.98555564880371,6.0,28.003889083862305,16.0,0.2869290475704903,0.23657394981805327,50.03472169240316,0.24982651201391398,49.90509351094563,0.250475434882381,16.743055979410805,2.4885938814219344,39.11290322580645,10.685483870967742,50.201612903225815,79.13728542921751,62.28748759774985,50.03472169240316,0.250150552601405,48.5,3
2024-08-29,1207.0,185.0,1400.0,12.008333206176758,11.971111297607422,2.3388888835906982,3.0,3.0,7.0,370.9440002441406,2024,8,2024-08,1400.0,1392.0,2792.0,1585.0,23.97944450378418,6.0,26.318333387374878,13.0,0.26496000017438615,0.23403406955466285,50.03472169240316,0.24982651201391398,49.879630406697586,0.25060330034685985,9.745370348294575,2.992874116043295,43.230659025787965,6.626074498567336,50.1432664756447,79.0973873525728,58.38333743632247,50.03472169240316,0.2502143032985249,50.291666666666664,3
2024-08-30,1227.0,146.0,1387.0,12.16944408416748,11.797222137451172,1.8477777242660522,3.0,3.0,5.0,358.3999938964844,2024,8,2024-08,1387.0,1373.0,2760.0,1533.0,23.966666221618652,6.0,25.814443945884705,11.0,0.25839941881505724,0.23378995035648034,50.7060170173645,0.24651906687364775,49.15509223937988,0.254297152757366,7.699073851108551,2.705953175177511,44.45652173913043,5.289855072463768,50.2536231884058,79.01383271518333,57.87204558091122,50.7060170173645,0.2503477097948575,51.125,3
2024-08-31,1268.0,104.0,1389.0,12.008333206176758,11.972777366638184,1.3072222471237183,3.0,3.0,4.0,347.135986328125,2024,8,2024-08,1389.0,1372.0,2761.0,1493.0,23.98111057281494,6.0,25.28833281993866,10.0,0.24991791672291216,0.23250903303960146,50.03472169240316,0.24982651201391398,49.88657236099243,0.25056842770328447,5.446759363015493,3.0599234436234557,45.92538935168417,3.766751177109743,50.307859471206086,79.55800953420984,57.92058694623486,50.03472169240316,0.25019691985414627,52.833333333333336,3
2024-09-01,1273.0,166.0,1456.0,12.008333206176758,11.975000381469727,2.1011111736297607,3.0,3.0,6.0,378.68798828125,2024,9,2024-09,1456.0,1439.0,2895.0,1622.0,23.983333587646484,6.0,26.084444761276245,12.0,0.26008790403932003,0.23346978315736744,50.03472169240316,0.24982651201391398,49.89583492279053,0.2505219126875553,8.754629890124004,2.855631855802632,43.97236614853195,5.734024179620035,50.29360967184802,79.00581467720616,60.7088249295739,50.03472169240316,0.250173729105387,53.041666666666664,3
2024-09-02,1272.0,176.0,1465.0,12.008333206176758,11.972777366638184,2.228888988494873,3.0,3.0,6.0,383.1679992675781,2024,9,2024-09,1465.0,1448.0,2913.0,1641.0,23.98111057281494,6.0,26.209999561309814,12.0,0.2615481223669475,0.23349664793880445,50.03472169240316,0.24982651201391398,49.88657236099243,0.25056842770328447,9.28703745206197,2.6919241070196533,43.666323377960865,6.041881222107793,50.29179539993134,78.96310713924318,61.08974793105405,50.03472169240316,0.25019691985414627,53.0,3
2024-09-03,1262.0,129.0,1404.0,12.005000114440918,11.80888843536377,1.6244444847106934,3.0,3.0,6.0,355.45599365234375,2024,9,2024-09,1404.0,1391.0,2795.0,1533.0,23.813888549804688,6.0,25.43833303451538,12.0,0.2531737846526665,0.23186953271516225,50.020833810170494,0.24989587433583396,49.2037018140157,0.25404592620385663,6.768518686294556,3.693570359881258,45.1520572450805,4.615384615384616,50.23255813953489,79.41176273744705,58.9571920211038,50.020833810170494,0.25195381205599915,52.583333333333336,3
2024-09-04,1340.0,28.0,1383.0,12.006667137145996,11.974444389343262,0.34833332896232605,3.0,3.0,1.0,322.75201416015625,2024,9,2024-09,1383.0,1368.0,2751.0,1411.0,23.981111526489258,6.0,24.329444855451584,7.0,0.2333709429936054,0.22873991081513553,50.027779738108315,0.24986117843799113,49.89351828893025,0.2505335448106361,1.4513888706763587,2.8708134331531476,48.70956015994184,1.0178117048346056,50.27262813522355,80.38277612828813,57.67038773296034,50.027779738108315,0.25019690990438326,55.833333333333336,3
2024-09-05,1360.0,28.0,1406.0,12.006667137145996,11.97166633605957,0.34555554389953613,3.0,3.0,1.0,328.89599609375,2024,9,2024-09,1406.0,1388.0,2794.0,1434.0,23.978333473205566,6.0,24.323889017105103,7.0,0.23392318356596728,0.22935564581154114,50.027779738108315,0.24986117843799113,49.88194306691487,0.25059168170798174,1.4398147662480674,2.893890772855699,48.67573371510379,1.0021474588403723,50.32211882605584,81.02894163995957,58.63626851178484,50.027779738108315,0.2502258969208457,56.666666666666664,3
2024-09-06,1311.0,91.0,1416.0,12.006667137145996,11.97166633605957,1.1383333206176758,3.0,3.0,3.0,349.5679931640625,2024,9,2024-09,1416.0,1402.0,2818.0,1507.0,23.978333473205566,6.0,25.116666793823242,9.0,0.24687005166953566,0.2319628355435053,50.027779738108315,0.24986117843799113,49.88194306691487,0.25059168170798174,4.7430555025736485,2.6354319474476577,46.52235628105039,3.2292405961674944,50.248403122782115,79.9414357392456,59.053311673319584,50.027779738108315,0.2502258969208457,54.625,3
2024-09-07,1286.0,177.0,1482.0,12.006667137145996,11.972777366638184,2.236666679382324,3.0,3.0,6.0,388.4159851074219,2024,9,2024-09,1482.0,1463.0,2945.0,1659.0,23.97944450378418,6.0,26.216111183166504,12.0,0.26208905877693783,0.23412657330164066,50.027779738108315,0.24986117843799113,49.88657236099243,0.25056842770328447,9.31944449742635,2.682563323050422,43.66723259762309,6.010186757215619,50.32258064516129,79.13561802998744,61.80293291473564,50.027779738108315,0.2502143032985249,53.583333333333336,3
2024-09-08,1307.0,180.0,1505.0,12.006667137145996,11.972222328186035,2.2683334350585938,3.0,3.0,6.0,393.7279968261719,2024,9,2024-09,1505.0,1487.0,2992.0,1685.0,23.97888946533203,6.0,26.247222900390625,12.0,0.2616132869276889,0.23366646695915244,50.027779738108315,0.24986117843799113,49.88425970077515,0.250580044185877,9.45138931274414,2.6451137682256194,43.6831550802139,6.016042780748663,50.30080213903744,79.35341304676858,62.763540495729984,50.027779738108315,0.25022009499958797,54.458333333333336,3
2024-09-09,1365.0,78.0,1457.0,10.436666488647461,13.527222633361816,0.9777777791023254,3.0,4.0,3.0,351.2959899902344,2024,9,2024-09,1457.0,1443.0,2900.0,1535.0,23.963889122009277,7.0,24.941666901111603,10.0,0.24110912147579572,0.22885732246920806,43.486110369364425,0.28744810455170394,56.36342763900757,0.2957000197612561,4.074074079593023,3.0681818140255026,47.06896551724138,2.689655172413793,50.241379310344826,79.77272716466307,60.799813944300055,56.36342763900757,0.29210617543589595,56.875,3
2024-09-10,1328.0,0.0,1346.0,12.006667137145996,11.973333358764648,0.0,3.0,3.0,0.0,305.7919921875,2024,9,2024-09,1346.0,1328.0,2674.0,1346.0,23.980000495910645,6.0,23.980000495910645,6.0,0.22718572970839523,0.22718572970839523,50.027779738108315,0.24986117843799113,49.88888899485271,0.2505567923408695,0.0,,49.66342557965594,0.0,50.33657442034405,,56.13010726290585,50.027779738108315,0.2502085019148849,55.333333333333336,2
2024-09-11,1343.0,0.0,1362.0,12.006667137145996,11.972777366638184,0.0,3.0,3.0,0.0,311.10400390625,2024,9,2024-09,1362.0,1343.0,2705.0,1362.0,23.97944450378418,6.0,23.97944450378418,6.0,0.22841703664188692,0.22841703664188692,50.027779738108315,0.24986117843799113,49.88657236099243,0.25056842770328447,0.0,,49.64879852125693,0.0,50.35120147874307,,56.798646848765145,50.027779738108315,0.2502143032985249,55.958333333333336,2
2024-09-13,1325.0,0.0,1342.0,12.168333053588867,11.806666374206543,0.0,3.0,3.0,0.0,305.1520080566406,2024,9,2024-09,1342.0,1325.0,2667.0,1342.0,23.97499942779541,6.0,23.97499942779541,6.0,0.2273859970615802,0.2273859970615802,50.70138772328695,0.24654157531587245,49.194443225860596,0.25409373864869733,0.0,,49.681289838770155,0.0,50.31871016122985,,55.97497526711732,50.70138772328695,0.2502606941897943,55.208333333333336,2
2024-09-14,1333.0,0.0,1350.0,12.008333206176758,11.975000381469727,0.0,3.0,3.0,0.0,307.00799560546875,2024,9,2024-09,1350.0,1333.0,2683.0,1350.0,23.983333587646484,6.0,23.983333587646484,6.0,0.227413330078125,0.227413330078125,50.03472169240316,0.24982651201391398,49.89583492279053,0.2505219126875553,0.0,,49.68319045844204,0.0,50.31680954155796,,56.289089048712064,50.03472169240316,0.250173729105387,55.541666666666664,2
2024-09-15,1329.0,24.0,1371.0,12.16944408416748,11.811111450195312,0.3016666769981384,3.0,3.0,1.0,319.42401123046875,2024,9,2024-09,1371.0,1353.0,2724.0,1395.0,23.980555534362793,6.0,24.28222221136093,7.0,0.23298614969399617,0.228977785828293,50.7060170173645,0.24651906687364775,49.2129643758138,0.2539981112404448,1.2569444874922433,3.314917013542636,48.78854625550661,0.881057268722467,50.330396475770925,79.55800832502327,57.17131940648471,50.7060170173645,0.2502027107504802,55.375,3
2024-09-16,1380.0,2.0,1399.0,12.008333206176758,11.972777366638184,0.0,3.0,3.0,0.0,318.33599853515625,2024,9,2024-09,1399.0,1382.0,2781.0,1401.0,23.98111057281494,6.0,23.98111057281494,6.0,0.2275453885169094,0.2272205556996119,50.03472169240316,0.24982651201391398,49.88657236099243,0.25056842770328447,0.0,,49.622437971952536,0.0719165767709457,50.30564545127652,,58.33758181265844,50.03472169240316,0.25019691985414627,57.5,2
2024-09-17,1323.0,2.0,1340.0,12.008333206176758,11.972777366638184,0.0,3.0,3.0,0.0,304.447998046875,2024,9,2024-09,1340.0,1325.0,2665.0,1342.0,23.98111057281494,6.0,23.98111057281494,6.0,0.22719999854244402,0.226861399438804,50.03472169240316,0.24982651201391398,49.88657236099243,0.25056842770328447,0.0,,49.64352720450281,0.075046904315197,50.28142589118198,,55.87731210075934,50.03472169240316,0.25019691985414627,55.125,2
2024-09-18,1338.0,0.0,1357.0,12.008333206176758,11.971111297607422,0.0,3.0,3.0,0.0,309.31201171875,2024,9,2024-09,1357.0,1338.0,2695.0,1357.0,23.97944450378418,6.0,23.97944450378418,6.0,0.227938107383014,0.227938107383014,50.03472169240316,0.24982651201391398,49.879630406697586,0.25060330034685985,0.0,,49.647495361781075,0.0,50.35250463821892,,56.59013492934971,50.03472169240316,0.2502143032985249,55.75,2
2024-09-19,1320.0,0.0,1338.0,12.008333206176758,11.978333473205566,0.0,3.0,3.0,0.0,304.5119934082031,2024,9,2024-09,1338.0,1320.0,2658.0,1338.0,23.986666679382324,6.0,23.986666679382324,6.0,0.2275874390195838,0.2275874390195838,50.03472169240316,0.24982651201391398,49.90972280502319,0.2504522024462522,0.0,,49.66139954853273,0.0,50.338600451467265,,55.78098940900673,50.03472169240316,0.25013896595967144,55.0,2
2024-09-20,1303.0,0.0,1322.0,12.008333206176758,11.972777366638184,0.0,3.0,3.0,0.0,303.10400390625,2024,9,2024-09,1322.0,1303.0,2625.0,1322.0,23.98111057281494,6.0,23.98111057281494,6.0,0.22927685620745084,0.22927685620745084,50.03472169240316,0.24982651201391398,49.88657236099243,0.25056842770328447,0.0,,49.63809523809524,0.0,50.36190476190476,,55.1267213411969,50.03472169240316,0.25019691985414627,54.291666666666664,2
2024-09-21,1346.0,0.0,1364.0,12.008333206176758,11.970555305480957,0.0,3.0,3.0,0.0,312.12799072265625,2024,9,2024-09,1364.0,1346.0,2710.0,1364.0,23.978888511657715,6.0,23.978888511657715,6.0,0.2288328377732084,0.2288328377732084,50.03472169240316,0.24982651201391398,49.877313772837326,0.25061494002925583,0.0,,49.66789667896679,0.0,50.33210332103321,,56.883370525571685,50.03472169240316,0.2502201049511951,56.083333333333336,2
2024-09-22,1338.0,26.0,1381.0,12.008333206176758,11.973889350891113,0.3199999928474426,3.0,3.0,1.0,322.4320068359375,2024,9,2024-09,1381.0,1364.0,2745.0,1407.0,23.98222255706787,6.0,24.302222549915314,7.0,0.23347719539169987,0.22916276249888948,50.03472169240316,0.24982651201391398,49.89120562871297,0.25054515805900074,1.333333303531011,3.125000069849195,48.743169398907106,0.9471766848816029,50.309653916211296,81.25000181607906,57.58432091578607,50.03472169240316,0.2501853189679337,55.75,3
2024-09-23,1326.0,27.0,1370.0,13.3149995803833,10.647222518920898,0.32111111283302307,4.0,3.0,1.0,321.7279968261719,2024,9,2024-09,1370.0,1353.0,2723.0,1397.0,23.9622220993042,7.0,24.283333212137222,8.0,0.2348379538877167,0.23029921032653677,55.479164918263756,0.3004130774358501,44.36342716217041,0.28176362376843156,1.3379629701375961,3.1141868345116954,48.696290855673894,0.9915534337128168,50.3121557106133,84.08304453181577,57.17332868055593,55.479164918263756,0.29212649690795,55.25,3
2024-09-24,1345.0,25.0,1387.0,11.97166633605957,12.010000228881836,0.2983333468437195,3.0,3.0,1.0,320.8320007324219,2024,9,2024-09,1387.0,1370.0,2757.0,1412.0,23.981666564941406,6.0,24.279999911785126,7.0,0.23131362706014555,0.2272181308303271,49.88194306691487,0.25059168170798174,50.04166762034098,0.24979183537278818,1.2430556118488312,3.3519551554652227,48.784911135291985,0.9067827348567283,50.30830612985129,83.79887888663058,57.835847072765304,50.04166762034098,0.25019111927656223,56.041666666666664,3
2024-09-25,1360.0,29.0,1407.0,11.97166633605957,12.010000228881836,0.36500000953674316,3.0,3.0,1.0,329.6000061035156,2024,9,2024-09,1407.0,1389.0,2796.0,1436.0,23.981666564941406,6.0,24.34666657447815,7.0,0.23425728934151785,0.22952646664590223,49.88194306691487,0.25059168170798174,50.04166762034098,0.24979183537278818,1.5208333730697632,2.7397259558135265,48.640915593705294,1.0371959942775395,50.32188841201717,79.45205271859227,58.66981747035385,50.04166762034098,0.25019111927656223,56.666666666666664,3
2024-09-26,1361.0,28.0,1409.0,11.970555305480957,12.010000228881836,0.35277777910232544,3.0,3.0,1.0,328.0639953613281,2024,9,2024-09,1409.0,1389.0,2798.0,1437.0,23.980555534362793,6.0,24.33333331346512,7.0,0.23283463120037481,0.2282978394998804,49.877313772837326,0.25061494002925583,50.04166762034098,0.24979183537278818,1.4699074129263558,2.834645658648312,48.64188706218728,1.0007147962830594,50.357398141529664,79.37007844215273,58.75593657457109,50.04166762034098,0.2502027107504802,56.708333333333336,3
2024-09-27,1361.0,27.0,1406.0,13.678889274597168,10.281110763549805,0.3361110985279083,3.0,3.0,1.0,326.52801513671875,2024,9,2024-09,1406.0,1388.0,2794.0,1433.0,23.960000038146973,6.0,24.29611113667488,7.0,0.232238986583726,0.22786323456854066,56.9953719774882,0.21931605262506576,42.83796151479085,0.29179726480878576,1.4004629105329514,2.9752067229549306,48.71152469577667,0.9663564781675018,50.32211882605584,80.33058151978314,58.681135131948764,56.9953719774882,0.2504173618717586,56.708333333333336,3
2024-09-28,1299.0,111.0,1427.0,11.974444389343262,12.010000228881836,1.3949999809265137,3.0,3.0,4.0,356.4159851074219,2024,9,2024-09,1427.0,1410.0,2837.0,1538.0,23.984444618225098,6.0,25.37944459915161,10.0,0.24976593210050588,0.23173991229351226,49.89351828893025,0.2505335448106361,50.04166762034098,0.24979183537278818,5.81249992052714,2.8673835517498216,45.78780401832922,3.9125837151921043,50.299612266478675,79.56989356105754,59.49689570529656,50.04166762034098,0.2501621403165938,54.125,3
2024-09-29,1312.0,25.0,1354.0,11.96500015258789,12.010000228881836,0.3077777922153473,3.0,3.0,1.0,315.0719909667969,2024,9,2024-09,1354.0,1337.0,2691.0,1379.0,23.975000381469727,6.0,24.282778173685074,7.0,0.23269718682924437,0.22847860113618337,49.85416730244954,0.2507312964263636,50.04166762034098,0.24979183537278818,1.2824074675639472,3.249097320512052,48.755109624674844,0.929022668153103,50.31586770717206,81.2274330128013,56.475494409022254,50.04166762034098,0.2502606842349583,54.666666666666664,3
2024-09-30,1326.0,27.0,1372.0,11.978888511657715,12.010000228881836,0.32055556774139404,3.0,3.0,1.0,320.6400146484375,2024,9,2024-09,1372.0,1353.0,2725.0,1399.0,23.98888874053955,6.0,24.309444308280945,7.0,0.23370263458340926,0.22919229067079164,49.91203546524048,0.2504405978134311,50.04166762034098,0.24979183537278818,1.3356481989224753,3.1195839368690765,48.6605504587156,0.9908256880733944,50.348623853211,84.22876629546506,57.19314532821254,50.04166762034098,0.2501157958959732,55.25,3
2024-10-01,1387.0,2.0,1406.0,11.967778205871582,12.010000228881836,0.0,3.0,3.0,0.0,317.1839904785156,2024,10,2024-10,1406.0,1389.0,2795.0,1408.0,23.977778434753418,6.0,23.977778434753418,6.0,0.22559316534745066,0.2252727205103094,49.86574252446492,0.2506730947376809,50.04166762034098,0.24979183537278818,0.0,,49.624329159212884,0.07155635062611806,50.304114490161,,58.63762582617504,50.04166762034098,0.2502316891586417,57.791666666666664,2
2024-10-02,1354.0,28.0,1400.0,11.978888511657715,12.010000228881836,0.33500000834465027,3.0,3.0,1.0,325.760009765625,2024,10,2024-10,1400.0,1382.0,2782.0,1428.0,23.98888874053955,6.0,24.3238887488842,7.0,0.23268572126116072,0.22812325613839285,49.91203546524048,0.2504405978134311,50.04166762034098,0.24979183537278818,1.3958333681027093,2.985074552509244,48.67002156721783,1.00647016534867,50.3235082674335,83.58208747025884,58.36035237572708,50.04166762034098,0.2501157958959732,56.416666666666664,3
2024-10-03,1370.0,2.0,1389.0,11.966111183166504,12.010000228881836,0.0,3.0,3.0,0.0,313.6000061035156,2024,10,2024-10,1389.0,1372.0,2761.0,1391.0,23.97611141204834,6.0,23.97611141204834,6.0,0.22577394247913293,0.22544932142596377,49.8587965965271,0.2507080165041666,50.04166762034098,0.24979183537278818,0.0,,49.61970300615719,0.07243752263672583,50.307859471206086,,57.93266373053336,50.04166762034098,0.25024908738891305,57.083333333333336,2
2024-10-04,1318.0,1.0,1336.0,11.946666717529297,12.010000228881836,0.0,3.0,3.0,0.0,303.87200927734375,2024,10,2024-10,1336.0,1319.0,2655.0,1337.0,23.956666946411133,6.0,23.956666946411133,6.0,0.22744910874052676,0.22727898973623317,49.7777779897054,0.2511160703594511,50.04166762034098,0.24979183537278818,0.0,,49.642184557438796,0.03766478342749529,50.32015065913371,,55.76735707803216,50.04166762034098,0.2504522024462522,54.916666666666664,2
2024-10-05,1337.0,0.0,1355.0,11.970000267028809,12.010000228881836,0.0,3.0,3.0,0.0,308.79998779296875,2024,10,2024-10,1355.0,1337.0,2692.0,1355.0,23.980000495910645,6.0,23.980000495910645,6.0,0.22789666995791052,0.22789666995791052,49.87500111262004,0.2506265608250199,50.04166762034098,0.24979183537278818,0.0,,49.66567607726597,0.0,50.33432392273403,,56.50542001577818,50.04166762034098,0.2502085019148849,55.708333333333336,2
2024-10-06,1320.0,0.0,1339.0,11.967222213745117,12.010000228881836,0.0,3.0,3.0,0.0,304.6400146484375,2024,10,2024-10,1339.0,1320.0,2659.0,1339.0,23.977222442626953,6.0,23.977222442626953,6.0,0.22751308039465085,0.22751308039465085,49.86342589060466,0.2506847409045609,50.04166762034098,0.24979183537278818,0.0,,49.64272282813088,0.0,50.35727717186912,,55.84466687932594,50.04166762034098,0.25023749161759196,55.0,2
2024-10-07,1334.0,0.0,1352.0,11.972777366638184,12.010000228881836,0.0,3.0,3.0,0.0,307.7120056152344,2024,10,2024-10,1352.0,1334.0,2686.0,1352.0,23.98277759552002,6.0,23.98277759552002,6.0,0.22759763728937454,0.22759763728937454,49.88657236099243,0.25056842770328447,50.04166762034098,0.24979183537278818,0.0,,49.664929262844375,0.0,50.33507073715562,,56.37378717353212,50.04166762034098,0.2501795288766218,55.583333333333336,2
2024-10-08,1324.0,0.0,1341.0,11.972777366638184,12.010000228881836,0.0,3.0,3.0,0.0,305.5360107421875,2024,10,2024-10,1341.0,1324.0,2665.0,1341.0,23.98277759552002,6.0,23.98277759552002,6.0,0.22784191703369686,0.22784191703369686,49.88657236099243,0.25056842770328447,50.04166762034098,0.24979183537278818,0.0,,49.68105065666041,0.0,50.31894934333959,,55.91512470392498,50.04166762034098,0.2501795288766218,55.166666666666664,2
2024-10-09,1315.0,0.0,1332.0,11.972777366638184,12.010000228881836,0.0,3.0,3.0,0.0,304.0,2024,10,2024-10,1332.0,1315.0,2647.0,1332.0,23.98277759552002,6.0,23.98277759552002,6.0,0.22822822822822822,0.22822822822822822,49.88657236099243,0.25056842770328447,50.04166762034098,0.24979183537278818,0.0,,49.67888175292784,0.0,50.321118247072164,,55.539855410610045,50.04166762034098,0.2501795288766218,54.791666666666664,2
2024-10-10,1315.0,0.0,1333.0,11.97166633605957,12.010000228881836,0.0,3.0,3.0,0.0,305.343994140625,2024,10,2024-10,1333.0,1315.0,2648.0,1333.0,23.981666564941406,6.0,23.981666564941406,6.0,0.22906526192094898,0.22906526192094898,49.88194306691487,0.25059168170798174,50.04166762034098,0.24979183537278818,0.0,,49.660120845921455,0.0,50.339879154078545,,55.58412699927624,50.04166762034098,0.25019111927656223,54.791666666666664,2
2024-10-11,1325.0,29.0,1372.0,11.967222213745117,12.010000228881836,0.36666667461395264,3.0,3.0,1.0,322.239990234375,2024,10,2024-10,1372.0,1354.0,2726.0,1401.0,23.977222442626953,6.0,24.343889117240906,7.0,0.23486879754692055,0.23000713078827623,49.86342589060466,0.2506847409045609,50.04166762034098,0.24979183537278818,1.5277778108914695,2.7272726681606843,48.60601614086574,1.0638297872340425,50.330154071900225,79.09090737665984,57.220973083222695,50.04166762034098,0.25023749161759196,55.208333333333336,3
2024-10-12,1323.0,76.0,1416.0,11.970000267028809,12.010000228881836,0.9661111235618591,3.0,3.0,3.0,344.5119934082031,2024,10,2024-10,1416.0,1399.0,2815.0,1492.0,23.980000495910645,6.0,24.946111619472504,9.0,0.24329943037302482,0.23090616180174472,49.87500111262004,0.2506265608250199,50.04166762034098,0.24979183537278818,4.02546301484108,3.1052328524482755,46.99822380106572,2.6998223801065717,50.301953818827705,78.66589892868964,59.049206451912845,50.04166762034098,0.2502085019148849,55.125,3
2024-10-13,1314.0,54.0,1384.0,11.970000267028809,12.010000228881836,0.6722221970558167,3.0,3.0,2.0,331.00799560546875,2024,10,2024-10,1384.0,1368.0,2752.0,1438.0,23.980000495910645,6.0,24.65222269296646,8.0,0.23916762688256413,0.23018636690227312,49.87500111262004,0.2506265608250199,50.04166762034098,0.24979183537278818,2.8009258210659027,2.9752067229549306,47.747093023255815,1.9622093023255813,50.2906976744186,80.33058151978314,57.71476110836679,50.04166762034098,0.2502085019148849,54.75,3
2024-10-14,1263.0,135.0,1416.0,11.967222213745117,12.010000228881836,1.7050000429153442,3.0,3.0,5.0,361.5360107421875,2024,10,2024-10,1416.0,1398.0,2814.0,1551.0,23.977222442626953,6.0,25.682222485542297,11.0,0.2553220414845957,0.23309865296079144,49.86342589060466,0.2506847409045609,50.04166762034098,0.24979183537278818,7.104166845480601,2.932551245834929,44.882729211087415,4.797441364605544,50.31982942430704,79.17888363754308,59.0560480217517,50.04166762034098,0.25023749161759196,52.625,3
2024-10-15,1343.0,50.0,1411.0,11.970000267028809,12.010000228881836,0.6299999952316284,3.0,3.0,2.0,335.8080139160156,2024,10,2024-10,1411.0,1393.0,2804.0,1461.0,23.980000495910645,6.0,24.610000491142273,8.0,0.23799292269030164,0.22984805880630776,49.87500111262004,0.2506265608250199,50.04166762034098,0.24979183537278818,2.6249999801317854,3.1746031986312504,47.89586305278174,1.783166904422254,50.320970042796006,79.36507996578126,58.84069936698377,50.04166762034098,0.2502085019148849,55.958333333333336,3
2024-10-16,1371.0,30.0,1417.0,11.967222213745117,12.010000228881836,0.37388888001441956,3.0,3.0,1.0,329.0880126953125,2024,10,2024-10,1417.0,1401.0,2818.0,1447.0,23.977222442626953,6.0,24.351111322641373,7.0,0.232242775367193,0.22742779039067898,49.86342589060466,0.2506847409045609,50.04166762034098,0.24979183537278818,1.557870333393415,2.674591445355191,48.65152590489709,1.0645848119233499,50.28388928317956,80.23774336065573,59.097754270354635,50.04166762034098,0.25023749161759196,57.125,3
2024-10-17,1352.0,28.0,1397.0,11.970000267028809,12.010000228881836,0.3377777636051178,3.0,3.0,1.0,324.09600830078125,2024,10,2024-10,1397.0,1380.0,2777.0,1425.0,23.980000495910645,6.0,24.317778259515762,7.0,0.23199427938495437,0.22743579529879385,49.87500111262004,0.2506265608250199,50.04166762034098,0.24979183537278818,1.4074073483546576,2.9605264400088194,48.685631976953545,1.0082823190493337,50.30608570399712,82.89474032024695,58.25687952918237,50.04166762034098,0.2502085019148849,56.333333333333336,3
2024-10-18,1322.0,52.0,1389.0,11.967222213745117,12.010000228881836,0.6433333158493042,3.0,3.0,2.0,330.68798828125,2024,10,2024-10,1389.0,1374.0,2763.0,1441.0,23.977222442626953,6.0,24.620555758476257,8.0,0.23807630545806335,0.22948507167331714,49.86342589060466,0.2506847409045609,50.04166762034098,0.24979183537278818,2.680555482705434,3.1088083746442945,47.84654361201592,1.8820123054650744,50.271444082519004,80.82901774075167,57.929979309472536,50.04166762034098,0.25023749161759196,55.083333333333336,3
2024-10-19,1354.0,25.0,1396.0,11.96833324432373,12.010000228881836,0.300555557012558,3.0,3.0,1.0,323.2640075683594,2024,10,2024-10,1396.0,1379.0,2775.0,1421.0,23.978333473205566,6.0,24.278889030218124,7.0,0.23156447533550098,0.2274905049742149,49.868055184682206,0.25066146962634267,50.04166762034098,0.24979183537278818,1.2523148208856583,3.3271718877525776,48.792792792792795,0.9009009009009009,50.306306306306304,83.17929719381443,58.2192253502501,50.04166762034098,0.2502258969208457,56.416666666666664,3
2024-10-20,1332.0,54.0,1402.0,11.967222213745117,12.010000228881836,0.6783333420753479,3.0,3.0,2.0,334.3999938964844,2024,10,2024-10,1402.0,1386.0,2788.0,1456.0,23.977222442626953,6.0,24.6555557847023,8.0,0.23851640078208586,0.22967032547835464,49.86342589060466,0.2506847409045609,50.04166762034098,0.24979183537278818,2.8263889253139496,2.948402910405433,47.77618364418939,1.9368723098995695,50.286944045911056,79.6068785809467,58.47216054131066,50.04166762034098,0.25023749161759196,55.5,3
2024-10-21,1331.0,80.0,1427.0,11.953332901000977,12.010000228881836,0.9961110949516296,3.0,3.0,3.0,346.8160095214844,2024,10,2024-10,1427.0,1411.0,2838.0,1507.0,23.963333129882812,6.0,24.959444224834442,9.0,0.24303854906901498,0.2301367017395384,49.80555375417073,0.25097602692457255,50.04166762034098,0.24979183537278818,4.15046289563179,3.0117122630239126,46.89922480620155,2.8188865398167726,50.281888653981675,80.312327013971,59.54931195362381,50.04166762034098,0.25038253098930824,55.458333333333336,3
2024-10-22,1352.0,52.0,1421.0,11.958333015441895,12.010000228881836,0.6516666412353516,3.0,3.0,2.0,337.2799987792969,2024,10,2024-10,1421.0,1404.0,2825.0,1473.0,23.96833324432373,6.0,24.619999885559082,8.0,0.23735397521414278,0.22897488036612143,49.82638756434123,0.2508710868083432,50.04166762034098,0.24979183537278818,2.715277671813965,3.069053828209834,47.85840707964602,1.8407079646017697,50.30088495575221,79.79539953345568,59.28655887394784,50.04166762034098,0.2503302978491816,56.333333333333336,3
2024-10-23,1344.0,110.0,1471.0,11.975555419921875,12.010000228881836,1.3827778100967407,3.0,3.0,4.0,365.1839904785156,2024,10,2024-10,1471.0,1454.0,2925.0,1581.0,23.98555564880371,6.0,25.36833345890045,10.0,0.2482556019568427,0.23098291617869426,49.89814758300781,0.25051030159397575,50.04166762034098,0.24979183537278818,5.76157420873642,2.892727935603881,45.94871794871795,3.7606837606837606,50.29059829059829,79.55001822910673,61.32857714611113,50.04166762034098,0.250150552601405,56.0,3
2024-10-24,1330.0,108.0,1454.0,11.969444274902344,12.010000228881836,1.358888864517212,3.0,3.0,4.0,359.7439880371094,2024,10,2024-10,1454.0,1438.0,2892.0,1562.0,23.97944450378418,6.0,25.33833336830139,10.0,0.24741677306541224,0.2303098514962288,49.872684478759766,0.2506382026683086,50.04166762034098,0.24979183537278818,5.662036935488382,2.943581410111213,45.98893499308437,3.7344398340248963,50.27662517289073,79.47669807300275,60.635266166009195,50.04166762034098,0.2502143032985249,55.416666666666664,3
2024-10-25,1383.0,28.0,1429.0,11.97166633605957,12.010000228881836,0.3466666638851166,3.0,3.0,1.0,332.1600036621094,2024,10,2024-10,1429.0,1411.0,2840.0,1457.0,23.981666564941406,6.0,24.328333228826523,7.0,0.23244226988251182,0.22797529420872298,49.88194306691487,0.25059168170798174,50.04166762034098,0.24979183537278818,1.4444444328546524,2.8846154077606796,48.69718309859155,0.9859154929577465,50.31690140845071,80.76923141729903,59.58718490770124,50.04166762034098,0.25019111927656223,57.625,3
2024-10-26,1372.0,30.0,1417.0,11.974444389343262,12.010000228881836,0.36666667461395264,3.0,3.0,1.0,329.47198486328125,2024,10,2024-10,1417.0,1402.0,2819.0,1447.0,23.984444618225098,6.0,24.35111129283905,7.0,0.23251375078566072,0.22769314779770647,49.89351828893025,0.2505335448106361,50.04166762034098,0.24979183537278818,1.5277778108914695,2.7272726681606843,48.66974104292302,1.0642071656615821,50.2660517914154,81.81818004482052,59.0799588047689,50.04166762034098,0.2501621403165938,57.166666666666664,3
2024-10-27,1353.0,52.0,1422.0,12.97166633605957,12.010000228881836,0.6449999809265137,3.0,3.0,2.0,337.1520080566406,2024,10,2024-10,1422.0,1405.0,2827.0,1474.0,24.981666564941406,6.0,25.62666654586792,8.0,0.2370970520792128,0.2287327056015201,54.04860973358154,0.23127329382967432,50.04166762034098,0.24979183537278818,2.6874999205271406,3.1007752854923956,47.85992217898833,1.839405730456314,50.30067209055535,80.62015742280228,56.92174284303339,54.04860973358154,0.24017613013938138,56.375,3
2024-10-28,1313.0,52.0,1382.0,12.85777759552002,11.118888854980469,0.6455555558204651,3.0,4.0,2.0,330.55999755859375,2024,10,2024-10,1382.0,1365.0,2747.0,1434.0,23.97666645050049,7.0,24.622222006320953,9.0,0.23918957855180445,0.2305160373490891,53.57407331466675,0.23332181457589352,46.328703562418625,0.35974817737370274,2.689814815918605,3.098106711293208,47.79759737895886,1.8929741536221332,50.309428467419,80.55077449362341,57.63937213094743,53.57407331466675,0.29195051006992184,54.708333333333336,3
2024-10-29,1346.0,56.0,1420.0,12.006667137145996,11.977222442626953,0.699999988079071,3.0,3.0,2.0,340.09600830078125,2024,10,2024-10,1420.0,1402.0,2822.0,1476.0,23.98388957977295,6.0,24.68388956785202,8.0,0.23950423119773329,0.23041734979727727,50.027779738108315,0.24986117843799113,49.90509351094563,0.250475434882381,2.916666616996129,2.857142905799711,47.696669029057404,1.984408221119773,50.318922749822825,80.0000013623919,59.20641000605553,50.027779738108315,0.2501679296030515,56.083333333333336,3
2024-10-30,1339.0,51.0,1408.0,12.006667137145996,11.973333358764648,0.6383333206176758,3.0,3.0,2.0,336.12799072265625,2024,10,2024-10,1408.0,1390.0,2798.0,1459.0,23.980000495910645,6.0,24.61833381652832,8.0,0.23872726613825018,0.2303824473767349,50.027779738108315,0.24986117843799113,49.88888899485271,0.2505567923408695,2.6597221692403155,3.1331593313423203,47.855611150822014,1.8227305218012868,50.321658327376696,79.89556294922917,58.71559511602633,50.027779738108315,0.2502085019148849,55.791666666666664,3
2024-10-31,1345.0,52.0,1416.0,12.006667137145996,11.977777481079102,0.6538888812065125,3.0,3.0,2.0,339.135986328125,2024,10,2024-10,1416.0,1397.0,2813.0,1468.0,23.984444618225098,6.0,24.63833349943161,8.0,0.2395028152034781,0.23101906425621593,50.027779738108315,0.24986117843799113,49.90740617116292,0.2504638280965731,2.724537005027135,3.0586236553062847,47.813722004976896,1.848560255954497,50.33771773906861,79.5242150379634,59.03826511471614,50.027779738108315,0.2501621403165938,56.041666666666664,3
2024-11-01,1333.0,51.0,1402.0,12.006667137145996,11.957777976989746,0.6322222352027893,3.0,3.0,2.0,335.0400085449219,2024,11,2024-11,1402.0,1384.0,2786.0,1453.0,23.964445114135742,6.0,24.59666734933853,8.0,0.23897290195786153,0.230585002439726,50.027779738108315,0.24986117843799113,49.82407490412395,0.2508827313714032,2.6342593133449554,3.1634445747680595,47.84637473079684,1.8305814788226848,50.323043790380474,80.66783665658552,58.503336644044055,50.027779738108315,0.2503709128846393,55.541666666666664,3
2024-11-02,1317.0,107.0,1441.0,12.006667137145996,11.970555305480957,1.3494443893432617,3.0,3.0,4.0,358.33599853515625,2024,11,2024-11,1441.0,1424.0,2865.0,1548.0,23.977222442626953,6.0,25.326666831970215,10.0,0.24867175470864417,0.23148320318808543,50.027779738108315,0.24986117843799113,49.877313772837326,0.25061494002925583,5.622684955596924,2.964182912307111,45.968586387434556,3.7347294938917974,50.29668411867365,79.2918929042152,60.098704236825,50.027779738108315,0.25023749161759196,54.875,3
2024-11-03,1305.0,78.0,1400.0,12.006667137145996,11.971111297607422,0.9711111187934875,3.0,3.0,3.0,342.2720031738281,2024,11,2024-11,1400.0,1383.0,2783.0,1478.0,23.977778434753418,6.0,24.948889553546906,9.0,0.2444800022670201,0.23157780999582417,50.027779738108315,0.24986117843799113,49.879630406697586,0.25060330034685985,4.046296328306198,3.089244826819831,46.89184333453108,2.8027308659719727,50.30542579949695,80.3203654973156,58.3873941370164,50.027779738108315,0.2502316891586417,54.375,3
2024-11-04,1320.0,55.0,1394.0,12.006667137145996,11.975000381469727,0.6800000071525574,3.0,3.0,3.0,334.8479919433594,2024,11,2024-11,1394.0,1375.0,2769.0,1449.0,23.981667518615723,6.0,24.66166752576828,9.0,0.24020659393354332,0.23108902135497542,50.027779738108315,0.24986117843799113,49.89583492279053,0.2505219126875553,2.8333333631356554,4.411764659477353,47.670639219935,1.9862766341639582,50.34308414590105,80.88235209041814,58.127734400366876,50.027779738108315,0.2501911093272606,55.0,3
2024-11-05,1363.0,57.0,1436.0,12.006667137145996,11.971111297607422,0.7044444680213928,3.0,3.0,2.0,341.6960144042969,2024,11,2024-11,1436.0,1420.0,2856.0,1493.0,23.977778434753418,6.0,24.68222290277481,8.0,0.2379498707550814,0.22886538138265028,50.027779738108315,0.24986117843799113,49.879630406697586,0.25060330034685985,2.93518528342247,2.839116624220922,47.72408963585434,1.9957983193277309,50.280112044817926,80.91482379029628,59.88878427196825,50.027779738108315,0.2502316891586417,56.791666666666664,3
2024-11-06,1222.0,106.0,1346.0,12.006667137145996,11.96500015258789,1.326111078262329,3.0,3.0,4.0,340.4159851074219,2024,11,2024-11,1346.0,1328.0,2674.0,1452.0,23.971667289733887,6.0,25.297778367996216,10.0,0.252909350005514,0.23444627073513905,50.027779738108315,0.24986117843799113,49.85416730244954,0.2507312964263636,5.5254628260930385,3.0163385749264715,45.69932685115931,3.9640987284966345,50.33657442034405,79.93297223555149,56.14961962101144,50.027779738108315,0.2502954812229336,50.916666666666664,3
2024-11-07,1232.0,111.0,1360.0,12.006667137145996,11.959444046020508,1.387222170829773,3.0,3.0,4.0,345.8559875488281,2024,11,2024-11,1360.0,1343.0,2703.0,1471.0,23.966111183166504,6.0,25.353333353996277,10.0,0.25430587319766773,0.23511623898628697,50.027779738108315,0.24986117843799113,49.83101685841878,0.2508477809215761,5.780092378457388,2.883460259006229,45.57898631150574,4.1065482796892345,50.314465408805034,80.01602218742285,56.74679507267107,50.027779738108315,0.25035350767354886,51.333333333333336,3
2024-11-08,1120.0,207.0,1340.0,12.006667137145996,11.978888511657715,2.6027777194976807,3.0,3.0,7.0,369.343994140625,2024,11,2024-11,1340.0,1327.0,2667.0,1547.0,23.98555564880371,6.0,26.58833336830139,13.0,0.2756298463736008,0.23874854178450225,50.027779738108315,0.24986117843799113,49.91203546524048,0.2504405978134311,10.84490716457367,2.689434425215133,41.99475065616798,7.761529808773904,50.24371953505812,79.53041800279037,55.86695674764712,50.027779738108315,0.250150552601405,46.666666666666664,3
2024-11-09,1190.0,170.0,1376.0,12.006667137145996,11.957777976989746,2.142777681350708,3.0,3.0,6.0,366.97601318359375,2024,11,2024-11,1376.0,1360.0,2736.0,1546.0,23.964445114135742,6.0,26.10722279548645,12.0,0.2666976839997048,0.23737128925200113,50.027779738108315,0.24986117843799113,49.82407490412395,0.2508827313714032,8.928240338961285,2.800103833552101,43.494152046783626,6.213450292397661,50.29239766081871,79.33627528397619,57.41839602154395,50.027779738108315,0.2503709128846393,49.583333333333336,3
2024-11-10,1165.0,168.0,1348.0,12.006667137145996,11.97944450378418,2.110555648803711,3.0,3.0,6.0,360.1919860839844,2024,11,2024-11,1348.0,1333.0,2681.0,1516.0,23.986111640930176,6.0,26.096667289733887,12.0,0.26720473745102696,0.23759365836674431,50.027779738108315,0.24986117843799113,49.91435209910075,0.25042897431949634,8.793981870015461,2.8428532568666807,43.453935098843715,6.266318537859007,50.27974636329727,79.59989119226707,56.19918810432606,50.027779738108315,0.25014475417355814,48.541666666666664,3
2024-11-11,1235.0,75.0,1326.0,12.006667137145996,11.956666946411133,0.945555567741394,3.0,3.0,3.0,328.0639953613281,2024,11,2024-11,1326.0,1310.0,2636.0,1401.0,23.96333408355713,6.0,24.908889651298523,9.0,0.2474087446163862,0.23416416514013427,50.027779738108315,0.24986117843799113,49.81944561004639,0.25090604375331105,3.939814865589142,3.1727379144580206,46.85128983308042,2.845220030349014,50.30349013657056,79.31844786145051,55.33453714647573,50.027779738108315,0.2503825210247771,51.458333333333336,3
2024-11-12,1237.0,60.0,1311.0,12.006667137145996,11.975000381469727,0.7416666746139526,3.0,3.0,2.0,319.8080139160156,2024,11,2024-11,1311.0,1297.0,2608.0,1371.0,23.981667518615723,6.0,24.723334193229675,8.0,0.24394203960031702,0.23326623918017186,50.027779738108315,0.24986117843799113,49.89583492279053,0.2505219126875553,3.090277810891469,2.696629184587573,47.43098159509203,2.3006134969325154,50.26840490797546,80.89887553762719,54.66675738800644,50.027779738108315,0.2501911093272606,51.541666666666664,3
2024-11-13,1184.0,103.0,1302.0,12.006667137145996,11.972777366638184,1.284999966621399,3.0,3.0,4.0,330.239990234375,2024,11,2024-11,1302.0,1287.0,2589.0,1405.0,23.97944450378418,6.0,25.26444447040558,10.0,0.25364054549491166,0.23504625639457297,50.027779738108315,0.24986117843799113,49.88657236099243,0.25056842770328447,5.354166527589163,3.112840547783862,45.73194283507146,3.9783700270374664,50.28968713789108,80.15564410543445,54.2965038157799,50.027779738108315,0.2502143032985249,49.333333333333336,3
2024-11-14,1191.0,78.0,1283.0,12.006667137145996,11.969444274902344,0.9694444537162781,3.0,3.0,3.0,320.2560119628906,2024,11,2024-11,1283.0,1269.0,2552.0,1361.0,23.97611141204834,6.0,24.945555865764618,9.0,0.24961497425010962,0.23530934016376975,50.027779738108315,0.24986117843799113,49.872684478759766,0.2506382026683086,4.039351890484491,3.0945558443289554,46.6692789968652,3.0564263322884013,50.274294670846395,80.45845195255285,53.511596519995905,50.027779738108315,0.25024908738891305,49.625,3
2024-11-15,1208.0,2.0,1227.0,12.006667137145996,11.973333358764648,0.0,3.0,3.0,0.0,287.3599853515625,2024,11,2024-11,1227.0,1210.0,2437.0,1229.0,23.980000495910645,6.0,23.980000495910645,6.0,0.23419721707543806,0.2338160987400834,50.027779738108315,0.24986117843799113,49.88888899485271,0.2505567923408695,0.0,,49.56914238818219,0.08206811653672548,50.34878949528109,,51.16763864159397,50.027779738108315,0.2502085019148849,50.333333333333336,2
2024-11-16,1202.0,60.0,1275.0,12.006667137145996,11.967222213745117,0.7433333396911621,3.0,3.0,2.0,315.2640075683594,2024,11,2024-11,1275.0,1262.0,2537.0,1335.0,23.973889350891113,6.0,24.717222690582275,8.0,0.2472658882889093,0.2361528146579471,50.027779738108315,0.24986117843799113,49.86342589060466,0.2506847409045609,3.0972222487131758,2.690582936628342,47.37879385100513,2.364998029168309,50.25620811982656,80.71748809885027,53.1828599581239,50.027779738108315,0.25027228215587716,50.083333333333336,3
2024-11-17,1189.0,27.0,1230.0,12.006667137145996,11.973889350891113,0.3216666579246521,3.0,3.0,1.0,295.67999267578125,2024,11,2024-11,1230.0,1216.0,2446.0,1257.0,23.98055648803711,6.0,24.30222314596176,7.0,0.24039023794778963,0.2352267244835173,50.027779738108315,0.24986117843799113,49.89120562871297,0.25054515805900074,1.340277741352717,3.1088083746442945,48.609975470155355,1.1038430089942763,50.28618152085037,83.93782611539595,51.29155366405259,50.027779738108315,0.25020270080025653,49.541666666666664,3
2024-11-18,1194.0,2.0,1211.0,12.006667137145996,11.967778205871582,0.012222222052514553,3.0,3.0,1.0,285.9519958496094,2024,11,2024-11,1211.0,1196.0,2407.0,1213.0,23.974445343017578,6.0,23.986667565070093,7.0,0.23612881573047842,0.23573948544897722,50.027779738108315,0.24986117843799113,49.86574252446492,0.2506730947376809,0.05092592521881064,81.81818295424144,49.60531782301621,0.08309098462816784,50.31159119235563,163.63636590848287,50.5121174931664,50.027779738108315,0.25026647808340086,49.75,3
2024-11-19,1128.0,27.0,1170.0,12.006667137145996,11.972222328186035,0.3283333480358124,3.0,3.0,1.0,286.5920104980469,2024,11,2024-11,1170.0,1155.0,2325.0,1197.0,23.97888946533203,6.0,24.307222813367844,7.0,0.244950436323117,0.23942523851131736,50.027779738108315,0.24986117843799113,49.88425970077515,0.250580044185877,1.368055616815885,3.0456851428047047,48.516129032258064,1.1612903225806452,50.32258064516129,82.23349885572702,48.792918524919656,50.027779738108315,0.25022009499958797,47.0,3
2024-11-20,1101.0,76.0,1190.0,12.006667137145996,11.956110954284668,0.9544444680213928,3.0,3.0,3.0,304.9599914550781,2024,11,2024-11,1190.0,1177.0,2367.0,1266.0,23.962778091430664,6.0,24.917222559452057,9.0,0.2562689003824186,0.2408846693957963,50.027779738108315,0.24986117843799113,49.81712897618611,0.2509177115761795,3.9768519500891366,3.1431896778857524,46.51457541191382,3.2108153781157585,50.27460920997042,79.6274718397724,49.660352212064936,50.027779738108315,0.2503883304809997,45.875,3
2024-11-21,1124.0,24.0,1163.0,12.006667137145996,11.973333358764648,0.2872222363948822,3.0,3.0,1.0,284.6080017089844,2024,11,2024-11,1163.0,1148.0,2311.0,1187.0,23.980000495910645,6.0,24.267222732305527,7.0,0.24471883207995218,0.23977085232433393,50.027779738108315,0.24986117843799113,49.88888899485271,0.2505567923408695,1.1967593183120093,3.4816245864236235,48.6369536996971,1.038511466897447,50.32453483340545,83.55899007416697,48.49874795450186,50.027779738108315,0.2502085019148849,46.833333333333336,3
2024-11-22,1132.0,2.0,1150.0,11.225000381469727,11.687777519226074,0.0,6.0,3.0,0.0,266.1759948730469,2024,11,2024-11,1150.0,1134.0,2284.0,1152.0,22.9127779006958,9.0,22.9127779006958,9.0,0.2314573868461277,0.23105555110507542,46.77083492279053,0.5345211399640416,48.699072996775314,0.2566783971602028,0.0,,49.56217162872154,0.08756567425569177,50.350262697022764,,50.19033506038033,48.699072996775314,0.3927939265594982,47.166666666666664,2
2024-11-23,1068.0,26.0,1104.0,8.414443969726562,7.636666774749756,0.3149999976158142,2.0,2.0,1.0,214.84800720214844,2024,11,2024-11,1104.0,1094.0,2198.0,1130.0,16.05111074447632,4.0,16.366110742092133,5.0,0.1946087021758591,0.19013097982491012,35.060183207194015,0.2376865313020787,31.81944489479065,0.2618943655644236,1.3124999900658927,3.1746031986312504,48.58962693357598,1.1828935395814377,50.227479526842586,82.53968316441251,68.7802867711146,35.060183207194015,0.2492039375765022,44.5,3
2024-11-24,1132.0,50.0,1195.0,11.958333015441895,12.010000228881836,0.6244444251060486,3.0,3.0,2.0,295.0400085449219,2024,11,2024-11,1195.0,1182.0,2377.0,1245.0,23.96833324432373,6.0,24.59277766942978,8.0,0.24689540464010198,0.23697992654210592,49.82638756434123,0.2508710868083432,50.04166762034098,0.24979183537278818,2.6018517712752027,3.2028470742778152,47.623054270088346,2.103491796381994,50.27345393352965,80.07117685694539,49.857450988295334,50.04166762034098,0.2503302978491816,47.166666666666664,3
2024-11-25,1173.0,2.0,1191.0,11.96833324432373,12.010000228881836,0.0,3.0,3.0,0.0,280.3840026855469,2024,11,2024-11,1191.0,1175.0,2366.0,1193.0,23.978333473205566,6.0,23.978333473205566,6.0,0.23541897790558092,0.23502431071713903,49.868055184682206,0.25066146962634267,50.04166762034098,0.24979183537278818,0.0,,49.57734573119188,0.08453085376162299,50.33812341504649,,49.669840538787874,50.04166762034098,0.2502258969208457,48.875,2
2024-11-26,1150.0,3.0,1166.0,11.962778091430664,12.010000228881836,0.0,3.0,3.0,0.0,274.55999755859375,2024,11,2024-11,1166.0,1153.0,2319.0,1169.0,23.9727783203125,6.0,23.9727783203125,6.0,0.23547169601937715,0.23486740595260372,49.844908714294434,0.25077786924334905,50.04166762034098,0.24979183537278818,0.0,,49.59034066407935,0.129366106080207,50.280293229840446,,48.63850090383685,50.04166762034098,0.25028388115181915,47.916666666666664,2
2024-11-27,1129.0,50.0,1192.0,11.969444274902344,12.010000228881836,0.620555579662323,3.0,3.0,2.0,295.2959899902344,2024,11,2024-11,1192.0,1179.0,2371.0,1242.0,23.97944450378418,6.0,24.600000083446503,8.0,0.24773153522670668,0.2377584460468876,49.872684478759766,0.2506382026683086,50.04166762034098,0.24979183537278818,2.585648248593013,3.2229184065806087,47.617039223956134,2.108814846056516,50.27414592998735,80.57296016451522,49.709241588640275,50.04166762034098,0.2502143032985249,47.041666666666664,3
2024-11-28,1093.0,82.0,1187.0,11.97166633605957,12.010000228881836,1.0127778053283691,3.0,3.0,3.0,303.4880065917969,2024,11,2024-11,1187.0,1175.0,2362.0,1269.0,23.981666564941406,6.0,24.994444370269775,9.0,0.25567650091979516,0.2391552455412111,49.88194306691487,0.25059168170798174,50.04166762034098,0.24979183537278818,4.219907522201538,2.962150221121129,46.274343776460626,3.4716342082980525,50.25402201524132,80.96543937731084,49.4961430968799,50.04166762034098,0.25019111927656223,45.541666666666664,3
2024-11-29,1130.0,3.0,1142.0,11.970555305480957,12.010000228881836,0.0,3.0,3.0,0.0,272.0639953613281,2024,11,2024-11,1142.0,1133.0,2275.0,1145.0,23.980555534362793,6.0,23.980555534362793,6.0,0.23823467194512096,0.23761047629810317,49.877313772837326,0.25061494002925583,50.04166762034098,0.24979183537278818,0.0,,49.67032967032967,0.13186813186813187,50.1978021978022,,47.621915946174724,50.04166762034098,0.2502027107504802,47.083333333333336,2
2024-11-30,1122.0,4.0,1140.0,11.963889122009277,12.010000228881836,0.0,3.0,3.0,0.0,271.7439880371094,2024,11,2024-11,1140.0,1126.0,2266.0,1144.0,23.973889350891113,6.0,23.973889350891113,6.0,0.2383719193307977,0.23753845108138932,49.849538008371994,0.2507545806723562,50.04166762034098,0.24979183537278818,0.0,,49.51456310679612,0.176522506619594,50.30891438658429,,47.55173360961666,50.04166762034098,0.25027228215587716,46.75,2
2024-12-01,1094.0,50.0,1156.0,11.971111297607422,12.010000228881836,0.6144444346427917,3.0,3.0,2.0,289.47198486328125,2024,12,2024-12,1156.0,1144.0,2300.0,1206.0,23.981111526489258,6.0,24.59555596113205,8.0,0.25040829140422255,0.24002652144550685,49.879630406697586,0.25060330034685985,50.04166762034098,0.24979183537278818,2.560185144344966,3.254972927149553,47.56521739130435,2.1739130434782608,50.26086956521739,81.37432317873882,48.204604641577845,50.04166762034098,0.25019690990438326,45.583333333333336,3
2024-12-02,1122.0,25.0,1160.0,11.96500015258789,12.010000228881836,0.29499998688697815,3.0,3.0,1.0,283.0719909667969,2024,12,2024-12,1160.0,1147.0,2307.0,1185.0,23.975000381469727,6.0,24.270000368356705,7.0,0.24402757841965247,0.23887931727155853,49.85416730244954,0.2507312964263636,50.04166762034098,0.24979183537278818,1.2291666120290756,3.389830659155673,48.634590377113135,1.083658430862592,50.281751192024274,84.74576647889182,48.38373228542527,50.04166762034098,0.2502606842349583,46.75,3
2024-12-03,1115.0,26.0,1154.0,11.972222328186035,12.010000228881836,0.3105555474758148,3.0,3.0,1.0,282.68798828125,2024,12,2024-12,1154.0,1141.0,2295.0,1180.0,23.98222255706787,6.0,24.292778104543686,7.0,0.2449635946977903,0.2395660917637712,49.88425970077515,0.250580044185877,50.04166762034098,0.24979183537278818,1.293981447815895,3.220035861951161,48.5838779956427,1.132897603485839,50.28322440087146,83.72093241073019,48.118976348165916,50.04166762034098,0.2501853189679337,46.458333333333336,3
2024-12-04,1144.0,4.0,1160.0,11.952777862548828,12.010000228881836,0.0,3.0,3.0,0.0,275.9679870605469,2024,12,2024-12,1160.0,1148.0,2308.0,1164.0,23.962778091430664,6.0,23.962778091430664,6.0,0.2379034371211611,0.2370858995365523,49.803241093953446,0.2509876812318066,50.04166762034098,0.24979183537278818,0.0,,49.566724436741765,0.17331022530329288,50.25996533795494,,48.40841055965994,50.04166762034098,0.2503883304809997,47.666666666666664,2
2024-12-05,1134.0,29.0,1180.0,11.967778205871582,12.010000228881836,0.32722222805023193,3.0,3.0,1.0,286.52801513671875,2024,12,2024-12,1180.0,1163.0,2343.0,1209.0,23.977778434753418,6.0,24.30500066280365,7.0,0.2428203518107786,0.23699587687073512,49.86574252446492,0.2506730947376809,50.04166762034098,0.24979183537278818,1.3634259502092996,3.0560271102563665,48.399487836107554,1.2377294067434912,50.36278275714895,88.62478619743463,49.21223220119954,50.04166762034098,0.2502316891586417,47.25,3
2024-12-06,1188.0,1.0,1197.0,11.952221870422363,12.010000228881836,0.0,3.0,3.0,0.0,282.3039855957031,2024,12,2024-12,1197.0,1189.0,2386.0,1198.0,23.9622220993042,6.0,23.9622220993042,6.0,0.23584292865138107,0.23564606477103767,49.800924460093185,0.25099935664882256,50.04166762034098,0.24979183537278818,0.0,,49.79044425817267,0.041911148365465216,50.16764459346186,,49.95363097125946,50.04166762034098,0.25039414020681433,49.5,2
2024-12-07,1153.0,2.0,1169.0,11.968889236450195,12.010000228881836,0.0,3.0,3.0,0.0,276.6080017089844,2024,12,2024-12,1169.0,1155.0,2324.0,1171.0,23.97888946533203,6.0,23.97888946533203,6.0,0.23661933422496526,0.2362152021425998,49.87037181854248,0.25064982562155935,50.04166762034098,0.24979183537278818,0.0,,49.61273666092943,0.08605851979345956,50.30120481927711,,48.75121517575305,50.04166762034098,0.25022009499958797,48.041666666666664,2
2024-12-08,1083.0,2.0,1097.0,11.962778091430664,12.010000228881836,0.0,3.0,3.0,0.0,266.239990234375,2024,12,2024-12,1097.0,1085.0,2182.0,1099.0,23.9727783203125,6.0,23.9727783203125,6.0,0.2426982591015269,0.24225658802035943,49.844908714294434,0.25077786924334905,50.04166762034098,0.24979183537278818,0.0,,49.633363886342806,0.09165902841429881,50.2749770852429,,45.76023627059093,50.04166762034098,0.25028388115181915,45.125,2
2024-12-09,1056.0,2.0,1069.0,11.969444274902344,12.010000228881836,0.0,3.0,3.0,0.0,260.7359924316406,2024,12,2024-12,1069.0,1058.0,2127.0,1071.0,23.97944450378418,6.0,23.97944450378418,6.0,0.24390644755064605,0.24345097332552812,49.872684478759766,0.2506382026683086,50.04166762034098,0.24979183537278818,0.0,,49.647390691114246,0.09402914903620122,50.25858015984955,,44.57984837102052,50.04166762034098,0.2502143032985249,44.0,2
2024-12-10,1055.0,2.0,1070.0,11.963333129882812,12.010000228881836,0.0,3.0,3.0,0.0,259.64801025390625,2024,12,2024-12,1070.0,1057.0,2127.0,1072.0,23.97333335876465,6.0,23.97333335876465,6.0,0.2426616918260806,0.24220896478909165,49.84722137451172,0.2507662344122475,50.04166762034098,0.24979183537278818,0.0,,49.600376116596145,0.09402914903620122,50.30559473436765,,44.63292542540014,50.04166762034098,0.2502780864975709,43.958333333333336,2
2024-12-11,1114.0,4.0,1131.0,12.502222061157227,11.461111068725586,0.0,3.0,3.0,0.0,273.0880126953125,2024,12,2024-12,1131.0,1118.0,2249.0,1135.0,23.963333129882812,6.0,23.963333129882812,6.0,0.24145712881990494,0.24060617858617842,52.09259192148844,0.23995734400851898,47.75462945302327,0.26175472709502184,0.0,,49.53312583370387,0.17785682525566918,50.28901734104046,,47.197107091484604,52.09259192148844,0.25038253098930824,46.416666666666664,2
2024-12-12,1170.0,2.0,1187.0,12.006667137145996,11.96500015258789,0.0,3.0,3.0,0.0,282.3680114746094,2024,12,2024-12,1187.0,1172.0,2359.0,1189.0,23.971667289733887,6.0,23.971667289733887,6.0,0.23788375018922442,0.23748360931422152,50.027779738108315,0.24986117843799113,49.85416730244954,0.2507312964263636,0.0,,49.59728698601103,0.0847816871555744,50.31793132683341,,49.5167893686037,50.027779738108315,0.2502954812229336,48.75,2
2024-12-13,1185.0,3.0,1200.0,12.006667137145996,11.97166633605957,0.0,3.0,3.0,0.0,286.33599853515625,2024,12,2024-12,1200.0,1188.0,2388.0,1203.0,23.978333473205566,6.0,23.978333473205566,6.0,0.23861333211263022,0.2380182863966386,50.027779738108315,0.24986117843799113,49.88194306691487,0.25059168170798174,0.0,,49.62311557788945,0.12562814070351758,50.25125628140703,,50.04517938416914,50.027779738108315,0.2502258969208457,49.375,2
2024-12-14,1172.0,2.0,1188.0,12.006667137145996,11.973889350891113,0.0,3.0,3.0,0.0,286.4639892578125,2024,12,2024-12,1188.0,1174.0,2362.0,1190.0,23.98055648803711,6.0,23.98055648803711,6.0,0.24113130408906777,0.24072604139311976,50.027779738108315,0.24986117843799113,49.89120562871297,0.25054515805900074,0.0,,49.618966977138015,0.0846740050804403,50.29635901778155,,49.5401347584508,50.027779738108315,0.25020270080025653,48.833333333333336,2
2024-12-15,1184.0,2.0,1203.0,12.006667137145996,11.972777366638184,0.0,3.0,3.0,0.0,292.2879943847656,2024,12,2024-12,1203.0,1186.0,2389.0,1205.0,23.97944450378418,6.0,23.97944450378418,6.0,0.2429659138692981,0.24256265094171423,50.027779738108315,0.24986117843799113,49.88657236099243,0.25056842770328447,0.0,,49.560485558811216,0.08371703641691085,50.35579740477188,,50.16796781135424,50.027779738108315,0.2502143032985249,49.333333333333336,2
2024-12-16,1168.0,26.0,1206.0,12.006667137145996,11.965555191040039,0.3222222328186035,3.0,3.0,1.0,299.135986328125,2024,12,2024-12,1206.0,1194.0,2400.0,1232.0,23.972222328186035,6.0,24.29444456100464,7.0,0.24803978965847845,0.24280518370789367,50.027779738108315,0.24986117843799113,49.856479962666825,0.2507196659162492,1.3425926367441812,3.103448173804179,48.66666666666667,1.0833333333333335,50.24999999999999,80.68965251890864,50.30822689233991,50.027779738108315,0.25028968603154184,48.666666666666664,3
2024-12-17,1180.0,2.0,1198.0,12.006667137145996,11.972222328186035,0.0,3.0,3.0,0.0,290.55999755859375,2024,12,2024-12,1198.0,1182.0,2380.0,1200.0,23.97888946533203,6.0,23.97888946533203,6.0,0.24253756056643885,0.24213333129882814,50.027779738108315,0.24986117843799113,49.88425970077515,0.250580044185877,0.0,,49.57983193277311,0.08403361344537816,50.33613445378151,,49.9606123015844,50.027779738108315,0.25022009499958797,49.166666666666664,2
2024-12-18,1168.0,3.0,1184.0,12.006667137145996,11.972777366638184,0.0,3.0,3.0,0.0,289.9840087890625,2024,12,2024-12,1184.0,1171.0,2355.0,1187.0,23.97944450378418,6.0,23.97944450378418,6.0,0.2449189263421136,0.24429992315843513,50.027779738108315,0.24986117843799113,49.88657236099243,0.25056842770328447,0.0,,49.596602972399154,0.12738853503184713,50.276008492569005,,49.37562251757557,50.027779738108315,0.2502143032985249,48.666666666666664,2
2024-12-19,1185.0,3.0,1202.0,12.006667137145996,11.973333358764648,0.0,3.0,3.0,0.0,293.8240051269531,2024,12,2024-12,1202.0,1188.0,2390.0,1205.0,23.980000495910645,6.0,23.980000495910645,6.0,0.2444459277262505,0.24383734865307313,50.027779738108315,0.24986117843799113,49.88888899485271,0.2505567923408695,0.0,,49.58158995815899,0.12552301255230125,50.2928870292887,,50.12510321694862,50.027779738108315,0.2502085019148849,49.375,2
2024-12-20,1162.0,6.0,1178.0,12.006667137145996,11.966666221618652,0.0,3.0,3.0,0.0,288.2560119628906,2024,12,2024-12,1178.0,1168.0,2346.0,1184.0,23.97333335876465,6.0,23.97333335876465,6.0,0.24469950081739442,0.2434594695632522,50.027779738108315,0.24986117843799113,49.861109256744385,0.25069638815364315,0.0,,49.531116794543905,0.2557544757033248,50.213128729752775,,49.137930982356416,50.027779738108315,0.2502780864975709,48.416666666666664,2
2024-12-21,1213.0,3.0,1229.0,12.006667137145996,11.973889350891113,0.0,3.0,3.0,0.0,299.64801025390625,2024,12,2024-12,1229.0,1216.0,2445.0,1232.0,23.98055648803711,6.0,23.98055648803711,6.0,0.2438144916630645,0.24322078754375506,50.027779738108315,0.24986117843799113,49.89120562871297,0.25054515805900074,0.0,,49.61145194274029,0.1226993865030675,50.26584867075664,,51.249853213919216,50.027779738108315,0.25020270080025653,50.541666666666664,2
2024-12-22,1182.0,2.0,1199.0,12.006667137145996,11.974444389343262,0.0,3.0,3.0,0.0,291.8399963378906,2024,12,2024-12,1199.0,1184.0,2383.0,1201.0,23.981111526489258,6.0,23.981111526489258,6.0,0.2434028326421106,0.24299749903238188,50.027779738108315,0.24986117843799113,49.89351828893025,0.2505335448106361,0.0,,49.60134284515317,0.0839278220730172,50.31472933277381,,49.99768249589259,50.027779738108315,0.25019690990438326,49.25,2
2024-12-23,1167.0,3.0,1184.0,13.01388931274414,10.962778091430664,0.0,4.0,3.0,0.0,289.21600341796875,2024,12,2024-12,1184.0,1170.0,2354.0,1187.0,23.976667404174805,7.0,23.976667404174805,7.0,0.2442702731570682,0.24365290936644377,54.224538803100586,0.3073639174172867,45.67824204762776,0.2736532633407062,0.0,,49.575191163976214,0.1274426508071368,50.29736618521665,,49.38134145339325,54.224538803100586,0.29195049845756144,48.625,2
2024-12-24,1207.0,3.0,1224.0,11.972222328186035,12.010000228881836,0.0,3.0,3.0,0.0,296.9599914550781,2024,12,2024-12,1224.0,1210.0,2434.0,1227.0,23.98222255706787,6.0,23.98222255706787,6.0,0.242614372103822,0.24202118292997402,49.88425970077515,0.250580044185877,50.04166762034098,0.24979183537278818,0.0,,49.58915365653246,0.12325390304026293,50.287592440427275,,51.03780506945848,50.04166762034098,0.2501853189679337,50.291666666666664,2
2024-12-25,1161.0,3.0,1177.0,11.972222328186035,12.010000228881836,0.0,3.0,3.0,0.0,287.0400085449219,2024,12,2024-12,1177.0,1164.0,2341.0,1180.0,23.98222255706787,6.0,23.98222255706787,6.0,0.2438742638444536,0.24325424452959482,49.88425970077515,0.250580044185877,50.04166762034098,0.24979183537278818,0.0,,49.594190516873134,0.12815036309269542,50.277659120034166,,49.07802007087633,50.04166762034098,0.2501853189679337,48.375,2
2024-12-26,1175.0,2.0,1190.0,11.972777366638184,12.010000228881836,0.0,3.0,3.0,0.0,289.2799987792969,2024,12,2024-12,1190.0,1177.0,2367.0,1192.0,23.98277759552002,6.0,23.98277759552002,6.0,0.24309243594898897,0.24268456273430947,49.88657236099243,0.25056842770328447,50.04166762034098,0.24979183537278818,0.0,,49.64089564850021,0.08449514152936206,50.27460920997042,,49.618939893863335,50.04166762034098,0.2501795288766218,48.958333333333336,2
2024-12-27,1181.0,2.0,1198.0,11.967778205871582,12.010000228881836,0.0,3.0,3.0,0.0,289.7919921875,2024,12,2024-12,1198.0,1183.0,2381.0,1200.0,23.977778434753418,6.0,23.977778434753418,6.0,0.24189648763564273,0.24149332682291666,49.86574252446492,0.2506730947376809,50.04166762034098,0.24979183537278818,0.0,,49.6010079798404,0.08399832003359933,50.314993700125996,,49.962927268675465,50.04166762034098,0.2502316891586417,49.208333333333336,2
2024-12-28,1209.0,2.0,1227.0,11.966666221618652,12.010000228881836,0.0,3.0,3.0,0.0,295.3599853515625,2024,12,2024-12,1227.0,1211.0,2438.0,1229.0,23.97666645050049,6.0,23.97666645050049,6.0,0.24071718447560106,0.2403254559410598,49.861109256744385,0.25069638815364315,50.04166762034098,0.24979183537278818,0.0,,49.58982772764561,0.08203445447087777,50.32813781788351,,51.17475369368487,50.04166762034098,0.2502432943456473,50.375,2
2024-12-29,1188.0,2.0,1204.0,11.96833324432373,12.010000228881836,0.0,3.0,3.0,0.0,290.9440002441406,2024,12,2024-12,1204.0,1190.0,2394.0,1206.0,23.978333473205566,6.0,23.978333473205566,6.0,0.24164784073433607,0.2412470980465511,49.868055184682206,0.25066146962634267,50.04166762034098,0.24979183537278818,0.0,,49.62406015037594,0.0835421888053467,50.29239766081871,,50.211996648783035,50.04166762034098,0.2502258969208457,49.5,2
2024-12-30,1195.0,2.0,1212.0,11.969444274902344,12.010000228881836,0.0,3.0,3.0,0.0,292.6719970703125,2024,12,2024-12,1212.0,1197.0,2409.0,1214.0,23.97944450378418,6.0,23.97944450378418,6.0,0.24147854543755157,0.24108072246318987,49.872684478759766,0.2506382026683086,50.04166762034098,0.24979183537278818,0.0,,49.605645496056454,0.08302200083022,50.31133250311333,,50.543289266302025,50.04166762034098,0.2502143032985249,49.791666666666664,2
2024-12-31,1220.0,1.0,1236.0,11.969444274902344,12.010000228881836,0.0,3.0,3.0,0.0,295.1679992675781,2024,12,2024-12,1236.0,1221.0,2457.0,1237.0,23.97944450378418,6.0,23.97944450378418,6.0,0.2388090608960988,0.2386160058751642,49.872684478759766,0.2506382026683086,50.04166762034098,0.24979183537278818,0.0,,49.65404965404965,0.0407000407000407,50.305250305250304,,51.54414647949612,50.04166762034098,0.2502143032985249,50.833333333333336,2
2025-01-01,1168.0,0.0,1183.0,11.963333129882812,12.010000228881836,0.0,3.0,3.0,0.0,283.00799560546875,2025,1,2025-01,1183.0,1168.0,2351.0,1183.0,23.97333335876465,6.0,23.97333335876465,6.0,0.23922907489895923,0.23922907489895923,49.84722137451172,0.2507662344122475,50.04166762034098,0.24979183537278818,0.0,,49.68098681412165,0.0,50.31901318587835,,49.34649605443772,50.04166762034098,0.2502780864975709,48.666666666666664,2
2025-01-02,1195.0,0.0,1212.0,11.970555305480957,12.010000228881836,0.0,3.0,3.0,0.0,290.9440002441406,2025,1,2025-01,1212.0,1195.0,2407.0,1212.0,23.980555534362793,6.0,23.980555534362793,6.0,0.2400528054819642,0.2400528054819642,49.877313772837326,0.25061494002925583,50.04166762034098,0.24979183537278818,0.0,,49.646863315330286,0.0,50.35313668466971,,50.540947571596995,50.04166762034098,0.2502027107504802,49.791666666666664,2
2025-01-03,1169.0,0.0,1186.0,11.963889122009277,12.010000228881836,0.0,3.0,3.0,0.0,288.0639953613281,2025,1,2025-01,1186.0,1169.0,2355.0,1186.0,23.973889350891113,6.0,23.973889350891113,6.0,0.2428870112658753,0.2428870112658753,49.849538008371994,0.2507545806723562,50.04166762034098,0.24979183537278818,0.0,,49.639065817409765,0.0,50.360934182590235,,49.47048777281172,50.04166762034098,0.25027228215587716,48.708333333333336,2
2025-01-04,1201.0,0.0,1218.0,11.96833324432373,12.010000228881836,0.0,3.0,3.0,0.0,293.31201171875,2025,1,2025-01,1218.0,1201.0,2419.0,1218.0,23.978333473205566,6.0,23.978333473205566,6.0,0.2408144595392036,0.2408144595392036,49.868055184682206,0.25066146962634267,50.04166762034098,0.24979183537278818,0.0,,49.6486151302191,0.0,50.3513848697809,,50.795857074931675,50.04166762034098,0.2502258969208457,50.041666666666664,2
2025-01-05,1219.0,0.0,1235.0,11.968889236450195,12.010000228881836,0.0,3.0,3.0,0.0,294.7200012207031,2025,1,2025-01,1235.0,1219.0,2454.0,1235.0,23.97888946533203,6.0,23.97888946533203,6.0,0.2386396771017839,0.2386396771017839,49.87037181854248,0.25064982562155935,50.04166762034098,0.24979183537278818,0.0,,49.67400162999185,0.0,50.32599837000815,,51.503636220748525,50.04166762034098,0.25022009499958797,50.791666666666664,2
2025-01-06,1161.0,0.0,1177.0,11.968889236450195,12.010000228881836,0.0,3.0,3.0,0.0,283.3919982910156,2025,1,2025-01,1177.0,1161.0,2338.0,1177.0,23.97888946533203,6.0,23.97888946533203,6.0,0.24077484986492406,0.24077484986492406,49.87037181854248,0.25064982562155935,50.04166762034098,0.24979183537278818,0.0,,49.65782720273738,0.0,50.34217279726262,,49.084841969085836,50.04166762034098,0.25022009499958797,48.375,2
2025-01-07,1156.0,0.0,1171.0,11.951666831970215,12.010000228881836,0.0,3.0,3.0,0.0,283.135986328125,2025,1,2025-01,1171.0,1156.0,2327.0,1171.0,23.96166706085205,6.0,23.96166706085205,6.0,0.24178991146722886,0.24178991146722886,49.7986117998759,0.25101101312288293,50.04166762034098,0.24979183537278818,0.0,,49.677696605070906,0.0,50.322303394929094,,48.86972166945552,50.04166762034098,0.25039994023632206,48.166666666666664,2
2025-01-08,1168.0,0.0,1184.0,11.969444274902344,12.010000228881836,0.0,3.0,3.0,0.0,283.2640075683594,2025,1,2025-01,1184.0,1168.0,2352.0,1184.0,23.97944450378418,6.0,23.97944450378418,6.0,0.23924324963543867,0.23924324963543867,49.872684478759766,0.2506382026683086,50.04166762034098,0.24979183537278818,0.0,,49.65986394557823,0.0,50.34013605442177,,49.37562251757557,50.04166762034098,0.2502143032985249,48.666666666666664,2
2025-01-09,1123.0,0.0,1138.0,11.968889236450195,12.010000228881836,0.0,3.0,3.0,0.0,273.47198486328125,2025,1,2025-01,1138.0,1123.0,2261.0,1138.0,23.97888946533203,6.0,23.97888946533203,6.0,0.24030930128583589,0.24030930128583589,49.87037181854248,0.25064982562155935,50.04166762034098,0.24979183537278818,0.0,,49.66828836797877,0.0,50.331711632021225,,47.458411351588516,50.04166762034098,0.25022009499958797,46.791666666666664,2
2025-01-10,1095.0,0.0,1110.0,11.969444274902344,12.010000228881836,0.0,3.0,3.0,0.0,266.75201416015625,2025,1,2025-01,1110.0,1095.0,2205.0,1110.0,23.97944450378418,6.0,23.97944450378418,6.0,0.24031712987401463,0.24031712987401463,49.872684478759766,0.2506382026683086,50.04166762034098,0.24979183537278818,0.0,,49.65986394557823,0.0,50.34013605442177,,46.2896461102271,50.04166762034098,0.2502143032985249,45.625,2
2025-01-11,1128.0,0.0,1144.0,11.963333129882812,12.010000228881836,0.0,3.0,3.0,0.0,273.9840087890625,2025,1,2025-01,1144.0,1128.0,2272.0,1144.0,23.97333335876465,6.0,23.97333335876465,6.0,0.23949651117925044,0.23949651117925044,49.84722137451172,0.2507662344122475,50.04166762034098,0.24979183537278818,0.0,,49.647887323943664,0.0,50.352112676056336,,47.71968849220352,50.04166762034098,0.2502780864975709,47.0,2
2025-01-12,1075.0,0.0,1088.0,12.125,11.798333168029785,0.0,3.0,4.0,0.0,264.447998046875,2025,1,2025-01,1088.0,1075.0,2163.0,1088.0,23.923333168029785,7.0,23.923333168029785,7.0,0.2430588217342601,0.2430588217342601,50.520833333333336,0.24742268041237114,49.15972153345744,0.33903094132304146,0.0,,49.69949144706426,0.0,50.30050855293574,,45.47861254776826,50.520833333333336,0.29260136749483256,44.791666666666664,2
2025-01-13,1075.0,1.0,1090.0,12.005000114440918,11.234999656677246,0.003888888983055949,3.0,4.0,2.0,257.1520080566406,2025,1,2025-01,1090.0,1076.0,2166.0,1091.0,23.239999771118164,7.0,23.24388866010122,9.0,0.2359192734464593,0.23570303213257618,50.020833810170494,0.24989587433583396,46.812498569488525,0.3560302734520066,0.016203704096066453,514.2857018326013,49.63065558633426,0.04616805170821791,50.32317636195752,257.14285091630063,46.901893749354194,50.020833810170494,0.30120482224355904,44.791666666666664,3
2025-01-14,1094.0,8.0,1109.0,12.006667137145996,11.973333358764648,0.0,3.0,3.0,0.0,266.3039855957031,2025,1,2025-01,1109.0,1102.0,2211.0,1117.0,23.980000495910645,6.0,23.980000495910645,6.0,0.2401298337202012,0.23841001396213352,50.027779738108315,0.24986117843799113,49.88888899485271,0.2505567923408695,0.0,,49.47987336047038,0.3618272274988693,50.15829941203076,,46.2468714372679,50.027779738108315,0.2502085019148849,45.583333333333336,2
2025-01-15,1104.0,7.0,1117.0,12.006667137145996,11.97166633605957,0.0,3.0,3.0,0.0,268.35198974609375,2025,1,2025-01,1117.0,1111.0,2228.0,1124.0,23.978333473205566,6.0,23.978333473205566,6.0,0.2402435002203167,0.2387473218381617,50.027779738108315,0.24986117843799113,49.88194306691487,0.25059168170798174,0.0,,49.55116696588869,0.3141831238779174,50.1346499102334,,46.58372114343077,50.027779738108315,0.2502258969208457,46.0,2
2025-01-16,1093.0,6.0,1107.0,12.006667137145996,11.97166633605957,0.0,3.0,3.0,0.0,266.3680114746094,2025,1,2025-01,1107.0,1099.0,2206.0,1113.0,23.978333473205566,6.0,23.978333473205566,6.0,0.2406215099138296,0.23932435891698955,50.027779738108315,0.24986117843799113,49.88194306691487,0.25059168170798174,0.0,,49.546690843155034,0.271985494106981,50.18132366273799,,46.16667798189603,50.027779738108315,0.2502258969208457,45.541666666666664,2
2025-01-17,1091.0,7.0,1106.0,12.006667137145996,11.975000381469727,0.0,3.0,3.0,0.0,266.8800048828125,2025,1,2025-01,1106.0,1098.0,2204.0,1113.0,23.981667518615723,6.0,23.981667518615723,6.0,0.24130199356492993,0.23978437096389263,50.027779738108315,0.24986117843799113,49.89583492279053,0.2505219126875553,0.0,,49.50090744101633,0.3176043557168784,50.18148820326679,,46.118561152658366,50.027779738108315,0.2501911093272606,45.458333333333336,2
2025-01-18,1128.0,4.0,1143.0,12.006667137145996,11.975555419921875,0.0,3.0,3.0,0.0,275.64801025390625,2025,1,2025-01,1143.0,1132.0,2275.0,1147.0,23.98222255706787,6.0,23.98222255706787,6.0,0.24116186373920057,0.24032084590575958,50.027779738108315,0.24986117843799113,49.89814758300781,0.25051030159397575,0.0,,49.582417582417584,0.1758241758241758,50.24175824175824,,47.66030326339137,50.027779738108315,0.2501853189679337,47.0,2
2025-01-19,1097.0,3.0,1111.0,12.006667137145996,11.973889350891113,0.0,3.0,3.0,0.0,269.1839904785156,2025,1,2025-01,1111.0,1100.0,2211.0,1114.0,23.98055648803711,6.0,23.98055648803711,6.0,0.24228982041270533,0.24163733436132462,50.027779738108315,0.24986117843799113,49.89120562871297,0.25054515805900074,0.0,,49.615558570782454,0.13568521031207598,50.24875621890548,,46.32920009818084,50.027779738108315,0.25020270080025653,45.708333333333336,2
2025-01-20,1066.0,5.0,1080.0,12.006667137145996,11.973889350891113,0.0,3.0,3.0,0.0,263.9360046386719,2025,1,2025-01,1080.0,1071.0,2151.0,1085.0,23.98055648803711,6.0,23.98055648803711,6.0,0.24438518948025173,0.24325899045038882,50.027779738108315,0.24986117843799113,49.89120562871297,0.25054515805900074,0.0,,49.55834495583449,0.23245002324500233,50.2092050209205,,45.03648614404618,50.027779738108315,0.25020270080025653,44.416666666666664,2
2025-01-21,1069.0,5.0,1084.0,12.006667137145996,11.967778205871582,0.0,3.0,3.0,0.0,263.67999267578125,2025,1,2025-01,1084.0,1074.0,2158.0,1089.0,23.974445343017578,6.0,23.974445343017578,6.0,0.24324722571566537,0.24213038813203053,50.027779738108315,0.24986117843799113,49.86574252446492,0.2506730947376809,0.0,,49.536607970342914,0.23169601482854493,50.23169601482854,,45.214810373734416,50.027779738108315,0.25026647808340086,44.541666666666664,2
2025-01-22,1086.0,3.0,1100.0,12.006667137145996,11.975000381469727,0.0,3.0,3.0,0.0,265.9840087890625,2025,1,2025-01,1100.0,1089.0,2189.0,1103.0,23.981667518615723,6.0,23.981667518615723,6.0,0.24180364435369317,0.2411459735168291,50.027779738108315,0.24986117843799113,49.89583492279053,0.2505219126875553,0.0,,49.611694837825496,0.13704888076747374,50.25125628140703,,45.868370043331105,50.027779738108315,0.2501911093272606,45.25,2
2025-01-23,1084.0,4.0,1098.0,12.006667137145996,11.975555419921875,0.0,3.0,3.0,0.0,265.7919921875,2025,1,2025-01,1098.0,1088.0,2186.0,1102.0,23.98222255706787,6.0,23.98222255706787,6.0,0.24206920964253187,0.2411905555240472,50.027779738108315,0.24986117843799113,49.89814758300781,0.25051030159397575,0.0,,49.58828911253431,0.18298261665141813,50.22872827081427,,45.78391337113187,50.027779738108315,0.2501853189679337,45.166666666666664,2
2025-01-24,1064.0,4.0,1077.0,12.006667137145996,11.975555419921875,0.0,3.0,3.0,0.0,262.656005859375,2025,1,2025-01,1077.0,1068.0,2145.0,1081.0,23.98222255706787,6.0,23.98222255706787,6.0,0.24387744276636492,0.2429750285470629,50.027779738108315,0.24986117843799113,49.89814758300781,0.25051030159397575,0.0,,49.603729603729604,0.1864801864801865,50.20979020979021,,44.9082647547441,50.027779738108315,0.2501853189679337,44.333333333333336,2
2025-01-25,1119.0,3.0,1134.0,12.005555152893066,11.970555305480957,0.0,3.0,2.0,0.0,273.7919921875,2025,1,2025-01,1134.0,1122.0,2256.0,1137.0,23.976110458374023,5.0,23.976110458374023,5.0,0.24143914654982362,0.2408021039467898,50.02314647038778,0.24988432119917986,49.877313772837326,0.16707662668617054,0.0,,49.601063829787236,0.13297872340425532,50.26595744680851,,47.2970793977942,50.02314647038778,0.20854091445235537,46.625,2
2025-01-26,1094.0,3.0,1109.0,11.984999656677246,11.994444847106934,0.0,3.0,2.0,0.0,266.3039855957031,2025,1,2025-01,1109.0,1097.0,2206.0,1112.0,23.97944450378418,5.0,23.97944450378418,5.0,0.2401298337202012,0.23948200143498483,49.937498569488525,0.2503128982843649,49.97685352961223,0.16674385730177424,0.0,,49.59202175883953,0.1359927470534905,50.271985494106985,,46.24794372634401,49.97685352961223,0.2085119194154374,45.583333333333336,2
2025-01-27,1098.0,2.0,1112.0,11.971111297607422,12.010000228881836,0.0,3.0,3.0,0.0,267.64801025390625,2025,1,2025-01,1112.0,1100.0,2212.0,1114.0,23.981111526489258,6.0,23.981111526489258,6.0,0.2406906567031531,0.24025853703223182,49.879630406697586,0.25060330034685985,50.04166762034098,0.24979183537278818,0.0,,49.638336347197104,0.09041591320072333,50.27124773960217,,46.369827302279035,50.04166762034098,0.25019690990438326,45.75,2
2025-01-28,1084.0,2.0,1099.0,11.97166633605957,12.010000228881836,0.0,3.0,3.0,0.0,266.0480041503906,2025,1,2025-01,1099.0,1086.0,2185.0,1101.0,23.981666564941406,6.0,23.981666564941406,6.0,0.24208189640617891,0.24164214727555916,49.88194306691487,0.25059168170798174,50.04166762034098,0.24979183537278818,0.0,,49.610983981693366,0.09153318077803205,50.297482837528605,,45.82667334749031,50.04166762034098,0.25019111927656223,45.166666666666664,2
2025-01-29,1061.0,1.0,1075.0,11.965555191040039,12.010000228881836,0.0,3.0,3.0,0.0,262.33599853515625,2025,1,2025-01,1075.0,1062.0,2137.0,1076.0,23.975555419921875,6.0,23.975555419921875,6.0,0.24403348700944769,0.24380669008843517,49.856479962666825,0.2507196659162492,50.04166762034098,0.24979183537278818,0.0,,49.64904071127749,0.04679457182966776,50.30416471689284,,44.837334575646835,50.04166762034098,0.250254890654773,44.208333333333336,2
2025-01-30,1048.0,2.0,1064.0,11.972222328186035,12.010000228881836,0.0,3.0,3.0,0.0,259.90399169921875,2025,1,2025-01,1064.0,1050.0,2114.0,1066.0,23.98222255706787,6.0,23.98222255706787,6.0,0.24427066889024318,0.2438123749523628,49.88425970077515,0.250580044185877,50.04166762034098,0.24979183537278818,0.0,,49.57426679280984,0.0946073793755913,50.331125827814574,,44.36619656364691,50.04166762034098,0.2501853189679337,43.666666666666664,2
2025-01-31,1090.0,1.0,1104.0,11.966111183166504,12.010000228881836,0.0,3.0,3.0,0.0,267.2640075683594,2025,1,2025-01,1104.0,1091.0,2195.0,1105.0,23.97611141204834,6.0,23.97611141204834,6.0,0.24208696337713712,0.24186788015236144,49.8587965965271,0.2507080165041666,50.04166762034098,0.24979183537278818,0.0,,49.65831435079727,0.04555808656036447,50.29612756264237,,46.04583207956,50.04166762034098,0.25024908738891305,45.416666666666664,2
2025-02-01,1100.0,1.0,1114.0,11.967778205871582,12.010000228881836,0.0,3.0,3.0,0.0,270.1440124511719,2025,2,2025-02,1114.0,1101.0,2215.0,1115.0,23.977778434753418,6.0,23.977778434753418,6.0,0.2424991135109263,0.24228162551674606,49.86574252446492,0.2506730947376809,50.04166762034098,0.24979183537278818,0.0,,49.66139954853273,0.04514672686230248,50.293453724604966,,46.45968362045448,50.04166762034098,0.2502316891586417,45.833333333333336,2
2025-02-02,1073.0,1.0,1088.0,11.953332901000977,12.010000228881836,0.0,3.0,3.0,0.0,264.32000732421875,2025,2,2025-02,1088.0,1074.0,2162.0,1089.0,23.963333129882812,6.0,23.963333129882812,6.0,0.24294118320240693,0.2427180967164543,49.80555375417073,0.25097602692457255,50.04166762034098,0.24979183537278818,0.0,,49.629972247918595,0.04625346901017577,50.32377428307123,,45.402698952727896,50.04166762034098,0.25038253098930824,44.708333333333336,2
2025-02-03,1049.0,1.0,1063.0,11.967778205871582,12.010000228881836,0.0,3.0,3.0,0.0,259.135986328125,2025,2,2025-02,1063.0,1050.0,2113.0,1064.0,23.977778434753418,6.0,23.977778434753418,6.0,0.24377797396813264,0.24354885933094456,49.86574252446492,0.2506730947376809,50.04166762034098,0.24979183537278818,0.0,,49.64505442498817,0.047326076668244205,50.30761949834359,,44.332714262606025,50.04166762034098,0.2502316891586417,43.708333333333336,2
2025-02-04,1074.0,1.0,1088.0,11.96500015258789,12.010000228881836,0.0,3.0,3.0,0.0,264.1919860839844,2025,2,2025-02,1088.0,1075.0,2163.0,1089.0,23.975000381469727,6.0,23.975000381469727,6.0,0.24282351662130916,0.24260053818547692,49.85416730244954,0.2507312964263636,50.04166762034098,0.24979183537278818,0.0,,49.65325936199723,0.04623208506703652,50.30050855293574,,45.38060407460577,50.04166762034098,0.2502606842349583,44.75,2
2025-02-05,1088.0,1.0,1103.0,11.969444274902344,12.010000228881836,0.0,3.0,3.0,0.0,267.00799560546875,2025,2,2025-02,1103.0,1089.0,2192.0,1104.0,23.97944450378418,6.0,23.97944450378418,6.0,0.24207433871756007,0.24185506848321445,49.872684478759766,0.2506382026683086,50.04166762034098,0.24979183537278818,0.0,,49.63503649635037,0.04562043795620438,50.31934306569343,,45.99772942304549,50.04166762034098,0.2502143032985249,45.333333333333336,2
2025-02-06,1094.0,1.0,1110.0,11.963333129882812,12.010000228881836,0.0,3.0,3.0,0.0,267.90399169921875,2025,2,2025-02,1110.0,1095.0,2205.0,1111.0,23.97333335876465,6.0,23.97333335876465,6.0,0.24135494747677366,0.24113770629992687,49.84722137451172,0.2507662344122475,50.04166762034098,0.24979183537278818,0.0,,49.61451247165533,0.045351473922902494,50.34013605442177,,46.30144600205061,50.04166762034098,0.2502780864975709,45.583333333333336,2
2025-02-07,1114.0,1.0,1129.0,11.970000267028809,12.010000228881836,0.0,3.0,3.0,0.0,269.9519958496094,2025,2,2025-02,1129.0,1115.0,2244.0,1130.0,23.980000495910645,6.0,23.980000495910645,6.0,0.23910717081453442,0.23889557154832688,49.87500111262004,0.2506265608250199,50.04166762034098,0.24979183537278818,0.0,,49.643493761140824,0.044563279857397504,50.31194295900179,,47.08089977698418,50.04166762034098,0.2502085019148849,46.416666666666664,2
2025-02-08,1120.0,1.0,1136.0,11.963889122009277,12.010000228881836,0.0,3.0,3.0,0.0,272.1919860839844,2025,2,2025-02,1136.0,1121.0,2257.0,1137.0,23.973889350891113,6.0,23.973889350891113,6.0,0.23960562155280316,0.2393948866174005,49.849538008371994,0.2507545806723562,50.04166762034098,0.24979183537278818,0.0,,49.62339388568896,0.044306601683650866,50.33229951262738,,47.38488542151275,50.04166762034098,0.25027228215587716,46.666666666666664,2
2025-02-09,1110.0,2.0,1124.0,11.971111297607422,12.010000228881836,0.0,3.0,3.0,0.0,270.0799865722656,2025,2,2025-02,1124.0,1112.0,2236.0,1126.0,23.981111526489258,6.0,23.981111526489258,6.0,0.2402846855625139,0.23985789216009382,49.879630406697586,0.25060330034685985,50.04166762034098,0.24979183537278818,0.0,,49.642218246869405,0.08944543828264759,50.268336314847936,,46.8702211220878,50.04166762034098,0.25019690990438326,46.25,2
2025-02-10,1134.0,2.0,1149.0,11.96500015258789,12.010000228881836,0.0,3.0,3.0,0.0,273.0880126953125,2025,2,2025-02,1149.0,1136.0,2285.0,1151.0,23.975000381469727,6.0,23.975000381469727,6.0,0.237674510613849,0.2372615227587424,49.85416730244954,0.2507312964263636,50.04166762034098,0.24979183537278818,0.0,,49.628008752735234,0.087527352297593,50.28446389496718,,47.92492103099451,50.04166762034098,0.2502606842349583,47.25,2
2025-02-11,1130.0,1.0,1145.0,11.97166633605957,12.010000228881836,0.0,3.0,3.0,0.0,273.0880126953125,2025,2,2025-02,1145.0,1131.0,2276.0,1146.0,23.981666564941406,6.0,23.981666564941406,6.0,0.23850481458105896,0.23829669519660776,49.88194306691487,0.25059168170798174,50.04166762034098,0.24979183537278818,0.0,,49.64850615114236,0.04393673110720562,50.307557117750434,,47.74480526194396,50.04166762034098,0.25019111927656223,47.083333333333336,2
2025-02-12,1099.0,0.0,1114.0,11.950555801391602,12.010000228881836,0.0,3.0,3.0,0.0,267.0719909667969,2025,2,2025-02,1114.0,1099.0,2213.0,1114.0,23.960556030273438,6.0,23.960556030273438,6.0,0.23974146406355196,0.23974146406355196,49.79398250579834,0.25103434935224184,50.04166762034098,0.24979183537278818,0.0,,49.66109353818346,0.0,50.338906461816535,,46.49307798168351,50.04166762034098,0.25041155106831336,45.791666666666664,2
2025-02-13,1072.0,1.0,1087.0,11.967222213745117,12.010000228881836,0.0,3.0,3.0,0.0,261.88800048828125,2025,2,2025-02,1087.0,1073.0,2160.0,1088.0,23.977222442626953,6.0,23.977222442626953,6.0,0.2409273233562845,0.24070588280172908,49.86342589060466,0.2506847409045609,50.04166762034098,0.24979183537278818,0.0,,49.629629629629626,0.0462962962962963,50.324074074074076,,45.33469223138707,50.04166762034098,0.25023749161759196,44.666666666666664,2
2025-02-14,1076.0,1.0,1092.0,14.393888473510742,9.578888893127441,0.0,4.0,4.0,0.0,262.9119873046875,2025,2,2025-02,1092.0,1077.0,2169.0,1093.0,23.972777366638184,8.0,23.972777366638184,8.0,0.24076189313616073,0.2405416169301807,59.97453530629476,0.27789571993427986,39.91203705469768,0.4175849667564134,0.0,,49.608114338404796,0.04610419548178884,50.345781466113415,,45.55166818174712,59.97453530629476,0.3337118548113342,44.833333333333336,2
2025-02-15,1104.0,0.0,1120.0,11.97166633605957,12.010000228881836,0.0,3.0,3.0,0.0,269.6960144042969,2025,2,2025-02,1120.0,1104.0,2224.0,1120.0,23.981666564941406,6.0,23.981666564941406,6.0,0.24080001286097935,0.24080001286097935,49.88194306691487,0.25059168170798174,50.04166762034098,0.24979183537278818,0.0,,49.64028776978417,0.0,50.35971223021583,,46.70234226495828,50.04166762034098,0.25019111927656223,46.0,2
2025-02-16,1087.0,0.0,1102.0,11.965555191040039,12.010000228881836,0.0,3.0,3.0,0.0,266.8160095214844,2025,2,2025-02,1102.0,1087.0,2189.0,1102.0,23.975555419921875,6.0,23.975555419921875,6.0,0.24211979085434154,0.24211979085434154,49.856479962666825,0.2507196659162492,50.04166762034098,0.24979183537278818,0.0,,49.65737779808131,0.0,50.34262220191869,,45.963481583593314,50.04166762034098,0.250254890654773,45.291666666666664,2
2025-02-17,1095.0,1.0,1110.0,11.973889350891113,12.010000228881836,0.014999999664723873,3.0,3.0,1.0,267.64801025390625,2025,2,2025-02,1110.0,1096.0,2206.0,1111.0,23.98388957977295,6.0,23.998889579437673,7.0,0.24112433356207771,0.24090729995851148,49.89120562871297,0.25054515805900074,50.04166762034098,0.24979183537278818,0.06249999860301614,66.66666815678282,49.637352674524024,0.04533091568449683,50.31731640979148,66.66666815678282,46.28106697656453,50.04166762034098,0.2501679296030515,45.625,3
2025-02-18,1081.0,0.0,1095.0,11.974444389343262,12.010000228881836,0.0,3.0,3.0,0.0,265.21600341796875,2025,2,2025-02,1095.0,1081.0,2176.0,1095.0,23.984444618225098,6.0,23.984444618225098,6.0,0.24220639581549658,0.24220639581549658,49.89351828893025,0.2505335448106361,50.04166762034098,0.24979183537278818,0.0,,49.67830882352941,0.0,50.32169117647059,,45.65459060777837,50.04166762034098,0.2501621403165938,45.041666666666664,2
2025-02-19,1087.0,1.0,1102.0,14.245555877685547,9.734999656677246,0.010555555112659931,3.0,4.0,1.0,267.0719909667969,2025,2,2025-02,1102.0,1088.0,2190.0,1103.0,23.980555534362793,7.0,23.991111089475453,8.0,0.24235207891723853,0.24213235808413133,59.35648282368978,0.21059199274204843,40.562498569488525,0.41088856097251075,0.04398147963608305,94.73684608028222,49.63470319634703,0.045662100456621,50.31963470319635,94.73684608028222,45.953897874504854,59.35648282368978,0.29190316254222687,45.291666666666664,3
2025-02-20,1204.0,0.0,1220.0,12.008333206176758,11.966666221618652,0.0,3.0,3.0,0.0,289.6000061035156,2025,2,2025-02,1220.0,1204.0,2424.0,1220.0,23.97499942779541,6.0,23.97499942779541,6.0,0.23737705418320953,0.23737705418320953,50.03472169240316,0.24982651201391398,49.861109256744385,0.25069638815364315,0.0,,49.66996699669967,0.0,50.330033003300336,,50.88634115192484,50.03472169240316,0.2502606941897943,50.166666666666664,2
2025-02-21,1080.0,0.0,1096.0,12.008333206176758,11.973889350891113,0.0,3.0,3.0,0.0,264.9599914550781,2025,2,2025-02,1096.0,1080.0,2176.0,1096.0,23.98222255706787,6.0,23.98222255706787,6.0,0.2417518170210567,0.2417518170210567,50.03472169240316,0.24982651201391398,49.89120562871297,0.25054515805900074,0.0,,49.63235294117647,0.0,50.36764705882353,,45.700518264809226,50.03472169240316,0.2501853189679337,45.0,2
2025-02-22,1102.0,0.0,1116.0,12.008333206176758,11.974444389343262,0.0,3.0,3.0,0.0,269.3760070800781,2025,2,2025-02,1116.0,1102.0,2218.0,1116.0,23.98277759552002,6.0,23.98277759552002,6.0,0.24137635043017752,0.24137635043017752,50.03472169240316,0.24982651201391398,49.89351828893025,0.2505335448106361,0.0,,49.6844003606853,0.0,50.3155996393147,,46.53339237105166,50.03472169240316,0.2501795288766218,45.916666666666664,2
2025-02-23,1080.0,0.0,1096.0,12.008333206176758,11.974444389343262,0.0,3.0,3.0,0.0,265.02398681640625,2025,2,2025-02,1096.0,1080.0,2176.0,1096.0,23.98277759552002,6.0,23.98277759552002,6.0,0.24181020694927577,0.24181020694927577,50.03472169240316,0.24982651201391398,49.89351828893025,0.2505335448106361,0.0,,49.63235294117647,0.0,50.36764705882353,,45.69946060812959,50.03472169240316,0.2501795288766218,45.0,2
2025-02-24,1098.0,1.0,1111.0,12.008333206176758,11.970000267028809,0.0,3.0,3.0,0.0,269.31201171875,2025,2,2025-02,1111.0,1099.0,2210.0,1112.0,23.978333473205566,6.0,23.978333473205566,6.0,0.2424050510519802,0.24218706089815648,50.03472169240316,0.24982651201391398,49.87500111262004,0.2506265608250199,0.0,,49.68325791855204,0.04524886877828054,50.27149321266968,,46.333495246509926,50.03472169240316,0.2502258969208457,45.75,2
2025-02-25,1080.0,1.0,1094.0,12.008333206176758,11.97166633605957,0.0,3.0,3.0,0.0,264.8320007324219,2025,2,2025-02,1094.0,1081.0,2175.0,1095.0,23.979999542236328,6.0,23.979999542236328,6.0,0.2420767831192156,0.2418557084314355,50.03472169240316,0.24982651201391398,49.88194306691487,0.25059168170798174,0.0,,49.6551724137931,0.04597701149425287,50.29885057471264,,45.621351996822256,50.03472169240316,0.2502085118655699,45.0,2
2025-02-26,1098.0,3.0,1113.0,12.008333206176758,11.972222328186035,0.0,3.0,3.0,0.0,267.8399963378906,2025,2,2025-02,1113.0,1101.0,2214.0,1116.0,23.980555534362793,6.0,23.980555534362793,6.0,0.24064689697923686,0.23999999671854,50.03472169240316,0.24982651201391398,49.88425970077515,0.250580044185877,0.0,,49.59349593495935,0.13550135501355012,50.271002710027105,,46.41260284421407,50.03472169240316,0.2502027107504802,45.75,2
2025-02-27,1047.0,8.0,1061.0,12.008333206176758,11.97166633605957,0.0,3.0,3.0,0.0,259.20001220703125,2025,2,2025-02,1061.0,1055.0,2116.0,1069.0,23.979999542236328,6.0,23.979999542236328,6.0,0.244297843738955,0.24246960917402363,50.03472169240316,0.24982651201391398,49.88194306691487,0.25059168170798174,0.0,,49.48015122873346,0.3780718336483932,50.14177693761815,,44.245205181561616,50.03472169240316,0.2502085118655699,43.625,2
2025-02-28,1095.0,6.0,1110.0,12.008333206176758,11.971111297607422,0.0,3.0,3.0,0.0,268.864013671875,2025,2,2025-02,1110.0,1101.0,2211.0,1116.0,23.97944450378418,6.0,23.97944450378418,6.0,0.24221983213682433,0.24091757497479838,50.03472169240316,0.24982651201391398,49.879630406697586,0.25060330034685985,0.0,,49.525101763907735,0.27137042062415195,50.20352781546812,,46.2896461102271,50.03472169240316,0.2502143032985249,45.625,2
2025-03-01,1098.0,6.0,1111.0,12.008333206176758,11.972222328186035,0.0,3.0,3.0,0.0,267.135986328125,2025,3,2025-03,1111.0,1104.0,2215.0,1117.0,23.980555534362793,6.0,23.980555534362793,6.0,0.24044643233854635,0.2391548669007386,50.03472169240316,0.24982651201391398,49.88425970077515,0.250580044185877,0.0,,49.57110609480813,0.27088036117381487,50.158013544018054,,46.329201940630576,50.03472169240316,0.2502027107504802,45.75,2
2025-03-02,1102.0,6.0,1118.0,12.008333206176758,11.95555591583252,0.0,3.0,3.0,0.0,269.8240051269531,2025,3,2025-03,1118.0,1108.0,2226.0,1124.0,23.963889122009277,6.0,23.963889122009277,6.0,0.2413452639775967,0.24005694406312555,50.03472169240316,0.24982651201391398,49.81481631596883,0.2509293604680612,0.0,,49.50584007187781,0.2695417789757413,50.22461814914645,,46.65352916247595,50.03472169240316,0.2503767218021965,45.916666666666664,2
2025-03-03,1138.0,6.0,1152.0,12.008333206176758,11.973333358764648,0.0,3.0,3.0,0.0,273.47198486328125,2025,3,2025-03,1152.0,1144.0,2296.0,1158.0,23.981666564941406,6.0,23.981666564941406,6.0,0.2373888757493761,0.23615888157450884,50.03472169240316,0.24982651201391398,49.88888899485271,0.2505567923408695,0.0,,49.56445993031359,0.2613240418118467,50.174216027874564,,48.03669490109995,50.03472169240316,0.25019111927656223,47.416666666666664,2
2025-03-04,1098.0,8.0,1113.0,12.008333206176758,11.967222213745117,0.0,3.0,3.0,0.0,268.54400634765625,2025,3,2025-03,1113.0,1106.0,2219.0,1121.0,23.975555419921875,6.0,23.975555419921875,6.0,0.24127943068073338,0.23955754357507247,50.03472169240316,0.24982651201391398,49.86342589060466,0.2506847409045609,0.0,,49.4817485353763,0.3605227579990987,50.1577287066246,,46.4222822164604,50.03472169240316,0.250254890654773,45.75,2
2025-03-05,1112.0,6.0,1127.0,12.008333206176758,11.974444389343262,0.0,3.0,3.0,0.0,271.42401123046875,2025,3,2025-03,1127.0,1118.0,2245.0,1133.0,23.98277759552002,6.0,23.98277759552002,6.0,0.24083763197024735,0.23956223409573588,50.03472169240316,0.24982651201391398,49.89351828893025,0.2505335448106361,0.0,,49.53229398663697,0.26726057906458794,50.200445434298445,,46.9920548406588,50.03472169240316,0.2501795288766218,46.333333333333336,2
2025-03-06,1096.0,4.0,1112.0,12.008333206176758,11.956666946411133,0.0,3.0,3.0,0.0,267.9679870605469,2025,3,2025-03,1112.0,1100.0,2212.0,1116.0,23.96500015258789,6.0,23.96500015258789,6.0,0.2409784056299882,0.24011468374600975,50.03472169240316,0.24982651201391398,49.81944561004639,0.25090604375331105,0.0,,49.54792043399638,0.18083182640144665,50.27124773960217,,46.401001165022706,50.03472169240316,0.2503651141997628,45.666666666666664,2
2025-03-07,1132.0,3.0,1147.0,12.008333206176758,11.975000381469727,0.0,3.0,3.0,0.0,275.3919982910156,2025,3,2025-03,1147.0,1135.0,2282.0,1150.0,23.983333587646484,6.0,23.983333587646484,6.0,0.24009764454316967,0.23947130286175272,50.03472169240316,0.24982651201391398,49.89583492279053,0.2505219126875553,0.0,,49.605609114811564,0.13146362839614373,50.26292725679229,,47.824877880646476,50.03472169240316,0.250173729105387,47.166666666666664,2
2025-03-08,1132.0,4.0,1147.0,12.008333206176758,11.968889236450195,0.0,3.0,3.0,0.0,276.09600830078125,2025,3,2025-03,1147.0,1136.0,2283.0,1151.0,23.977222442626953,6.0,23.977222442626953,6.0,0.24071142833546752,0.2398748986105832,50.03472169240316,0.24982651201391398,49.87037181854248,0.25064982562155935,0.0,,49.58388085851949,0.17520805957074026,50.240911081909765,,47.837067147563,50.03472169240316,0.25023749161759196,47.166666666666664,2
2025-03-09,1140.0,1.0,1156.0,12.008333206176758,11.97611141204834,0.0,3.0,3.0,0.0,277.1839904785156,2025,3,2025-03,1156.0,1141.0,2297.0,1157.0,23.984444618225098,6.0,23.984444618225098,6.0,0.2397785384762246,0.23957129686993572,50.03472169240316,0.24982651201391398,49.90046421686809,0.2504986716290821,0.0,,49.62995211144972,0.043535045711798,50.32651284283849,,48.197905700997076,50.03472169240316,0.2501621403165938,47.5,2
2025-03-10,1131.0,1.0,1147.0,12.008333206176758,11.970000267028809,0.0,3.0,3.0,0.0,275.5199890136719,2025,3,2025-03,1147.0,1132.0,2279.0,1148.0,23.978333473205566,6.0,23.978333473205566,6.0,0.24020923192124838,0.23999999043002776,50.03472169240316,0.24982651201391398,49.87500111262004,0.2506265608250199,0.0,,49.62702939885914,0.04387889425186486,50.32909170688898,,47.834850628035,50.03472169240316,0.2502258969208457,47.125,2
2025-03-11,1098.0,0.0,1113.0,12.008333206176758,11.97166633605957,0.0,3.0,3.0,0.0,269.9519958496094,2025,3,2025-03,1113.0,1098.0,2211.0,1113.0,23.979999542236328,6.0,23.979999542236328,6.0,0.24254447066451876,0.24254447066451876,50.03472169240316,0.24982651201391398,49.88194306691487,0.25059168170798174,0.0,,49.66078697421981,0.0,50.3392130257802,,46.413678951063225,50.03472169240316,0.2502085118655699,45.75,2
2025-03-12,1099.0,0.0,1113.0,12.008333206176758,11.95888900756836,0.0,3.0,3.0,0.0,270.2720031738281,2025,3,2025-03,1113.0,1099.0,2212.0,1113.0,23.967222213745117,6.0,23.967222213745117,6.0,0.24283198847603604,0.24283198847603604,50.03472169240316,0.24982651201391398,49.82870419820149,0.25085942332113004,0.0,,49.68354430379747,0.0,50.31645569620253,,46.43842286244163,50.03472169240316,0.25034190222340497,45.791666666666664,2
2025-03-13,1087.0,0.0,1102.0,12.171667098999023,11.807777404785156,0.0,3.0,3.0,0.0,267.90399169921875,2025,3,2025-03,1102.0,1087.0,2189.0,1102.0,23.97944450378418,6.0,23.97944450378418,6.0,0.24310707050745803,0.24310707050745803,50.7152795791626,0.24647404300489903,49.199072519938156,0.25406983017686596,0.0,,49.65737779808131,0.0,50.34262220191869,,45.9560270391624,50.7152795791626,0.2502143032985249,45.291666666666664,2
2025-03-14,1146.0,0.0,1162.0,12.008333206176758,11.966111183166504,0.0,3.0,3.0,0.0,279.1679992675781,2025,3,2025-03,1162.0,1146.0,2308.0,1162.0,23.97444438934326,6.0,23.97444438934326,6.0,0.24024784790669373,0.24024784790669373,50.03472169240316,0.24982651201391398,49.8587965965271,0.2507080165041666,0.0,,49.653379549393414,0.0,50.34662045060658,,48.4682765168278,50.03472169240316,0.2502664880386978,47.75,2
2025-03-15,1156.0,1.0,1170.0,12.008333206176758,11.973333358764648,0.0,3.0,3.0,0.0,280.89599609375,2025,3,2025-03,1170.0,1157.0,2327.0,1171.0,23.981666564941406,6.0,23.981666564941406,6.0,0.24008204794337606,0.23987702484521775,50.03472169240316,0.24982651201391398,49.88888899485271,0.2505567923408695,0.0,,49.677696605070906,0.04297378599054577,50.27932960893855,,48.787268258929636,50.03472169240316,0.25019111927656223,48.166666666666664,2
2025-03-16,1103.0,0.0,1118.0,12.008333206176758,11.971111297607422,0.0,3.0,3.0,0.0,272.12799072265625,2025,3,2025-03,1118.0,1103.0,2221.0,1118.0,23.97944450378418,6.0,23.97944450378418,6.0,0.24340607399164244,0.24340607399164244,50.03472169240316,0.24982651201391398,49.879630406697586,0.25060330034685985,0.0,,49.66231427285007,0.0,50.337685727149925,,46.6232651812918,50.03472169240316,0.2502143032985249,45.958333333333336,2
2025-03-17,1035.0,0.0,1049.0,11.648333549499512,9.964444160461426,0.0,5.0,6.0,0.0,240.5760040283203,2025,3,2025-03,1049.0,1035.0,2084.0,1049.0,21.612777709960938,11.0,21.612777709960938,11.0,0.2293384213806676,0.2293384213806676,48.53472312291463,0.42924594996808213,41.518517335255936,0.6021409627450968,0.0,,49.66410748560461,0.0,50.3358925143954,,48.53610276649146,48.53472312291463,0.5089581796295577,43.125,2
2025-03-18,1061.0,1.0,1076.0,11.970555305480957,12.010000228881836,0.0,3.0,3.0,0.0,261.8240051269531,2025,3,2025-03,1076.0,1062.0,2138.0,1077.0,23.980555534362793,6.0,23.980555534362793,6.0,0.24333085978341368,0.2431049258374681,49.877313772837326,0.25061494002925583,50.04166762034098,0.24979183537278818,0.0,,49.62581852198316,0.04677268475210477,50.32740879326474,,44.869686127919444,50.04166762034098,0.2502027107504802,44.208333333333336,2
2025-03-19,1096.0,0.0,1110.0,11.970555305480957,12.010000228881836,0.0,3.0,3.0,0.0,268.1600036621094,2025,3,2025-03,1110.0,1096.0,2206.0,1110.0,23.980555534362793,6.0,23.980555534362793,6.0,0.2415855888847832,0.2415855888847832,49.877313772837326,0.25061494002925583,50.04166762034098,0.24979183537278818,0.0,,49.68268359020852,0.0,50.31731640979148,,46.28750148883883,50.04166762034098,0.2502027107504802,45.666666666666664,2
2025-03-20,1097.0,0.0,1113.0,11.964444160461426,12.010000228881836,0.0,3.0,3.0,0.0,270.0159912109375,2025,3,2025-03,1113.0,1097.0,2210.0,1113.0,23.97444438934326,6.0,23.97444438934326,6.0,0.24260196874298068,0.24260196874298068,49.85185066858928,0.25074294800204916,50.04166762034098,0.24979183537278818,0.0,,49.63800904977376,0.0,50.36199095022624,,46.42443353117844,50.04166762034098,0.2502664880386978,45.708333333333336,2
2025-03-21,1140.0,1.0,1156.0,11.966111183166504,12.010000228881836,0.0055555556900799274,3.0,3.0,1.0,277.24798583984375,2025,3,2025-03,1156.0,1141.0,2297.0,1157.0,23.97611141204834,6.0,23.98166696773842,7.0,0.23983389778533196,0.23962660833175778,49.8587965965271,0.2507080165041666,50.04166762034098,0.24979183537278818,0.023148148708666362,179.99999564141046,49.62995211144972,0.043535045711798,50.32651284283849,179.99999564141046,48.214657503597245,50.04166762034098,0.25024908738891305,47.5,3
2025-03-22,1174.0,0.0,1188.0,11.972222328186035,12.010000228881836,0.0,3.0,3.0,0.0,284.09600830078125,2025,3,2025-03,1188.0,1174.0,2362.0,1188.0,23.98222255706787,6.0,23.98222255706787,6.0,0.23913805412523675,0.23913805412523675,49.88425970077515,0.250580044185877,50.04166762034098,0.24979183537278818,0.0,,49.70364098221846,0.0,50.29635901778155,,49.53669315565087,50.04166762034098,0.2501853189679337,48.916666666666664,2
2025-03-24,1111.0,0.0,1126.0,11.972777366638184,12.010000228881836,0.0,3.0,3.0,0.0,272.3840026855469,2025,3,2025-03,1126.0,1111.0,2237.0,1126.0,23.98277759552002,6.0,23.98277759552002,6.0,0.2419040876425816,0.2419040876425816,49.88657236099243,0.25056842770328447,50.04166762034098,0.24979183537278818,0.0,,49.66472954850246,0.0,50.335270451497536,,46.9503582525127,50.04166762034098,0.2501795288766218,46.291666666666664,2
2025-03-25,1074.0,0.0,1088.0,11.967778205871582,12.010000228881836,0.0,3.0,3.0,0.0,263.2959899902344,2025,3,2025-03,1088.0,1074.0,2162.0,1088.0,23.977778434753418,6.0,23.977778434753418,6.0,0.24199999079984777,0.24199999079984777,49.86574252446492,0.2506730947376809,50.04166762034098,0.24979183537278818,0.0,,49.67622571692877,0.0,50.32377428307123,,45.37534630076703,50.04166762034098,0.2502316891586417,44.75,2
2025-03-26,1099.0,1.0,1113.0,11.973889350891113,12.010000228881836,0.0,3.0,3.0,0.0,270.0799865722656,2025,3,2025-03,1113.0,1100.0,2213.0,1114.0,23.98388957977295,6.0,23.98388957977295,6.0,0.2426594668214426,0.242441639651944,49.89120562871297,0.25054515805900074,50.04166762034098,0.24979183537278818,0.0,,49.66109353818346,0.045187528242205156,50.29371893357434,,46.40615094136606,50.04166762034098,0.2501679296030515,45.791666666666664,2
2025-03-27,1063.0,0.0,1076.0,11.96833324432373,12.010000228881836,0.0,3.0,3.0,0.0,263.42401123046875,2025,3,2025-03,1076.0,1063.0,2139.0,1076.0,23.978333473205566,6.0,23.978333473205566,6.0,0.24481785430340963,0.24481785430340963,49.868055184682206,0.25066146962634267,50.04166762034098,0.24979183537278818,0.0,,49.696119682094434,0.0,50.30388031790556,,44.87384418113833,50.04166762034098,0.2502258969208457,44.291666666666664,2
2025-03-28,1097.0,0.0,1110.0,11.969444274902344,12.010000228881836,0.0,3.0,3.0,0.0,271.7439880371094,2025,3,2025-03,1110.0,1097.0,2207.0,1110.0,23.97944450378418,6.0,23.97944450378418,6.0,0.24481440363703547,0.24481440363703547,49.872684478759766,0.2506382026683086,50.04166762034098,0.24979183537278818,0.0,,49.705482555505206,0.0,50.294517444494794,,46.2896461102271,50.04166762034098,0.2502143032985249,45.708333333333336,2
2025-03-29,1057.0,0.0,1070.0,11.969444274902344,12.010000228881836,0.0,3.0,3.0,0.0,263.552001953125,2025,3,2025-03,1070.0,1057.0,2127.0,1070.0,23.97944450378418,6.0,23.97944450378418,6.0,0.24631028219918225,0.24631028219918225,49.872684478759766,0.2506382026683086,50.04166762034098,0.24979183537278818,0.0,,49.69440526563235,0.0,50.30559473436765,,44.6215507549036,50.04166762034098,0.2502143032985249,44.041666666666664,2
2025-03-30,1063.0,0.0,1076.0,10.970000267028809,12.010000228881836,0.0,3.0,3.0,0.0,262.33599853515625,2025,3,2025-03,1076.0,1063.0,2139.0,1076.0,22.980000495910645,6.0,22.980000495910645,6.0,0.24380669008843517,0.24380669008843517,45.70833444595337,0.2734731018208572,50.04166762034098,0.24979183537278818,0.0,,49.696119682094434,0.0,50.30388031790556,,46.823323619661245,50.04166762034098,0.2610966001096352,44.291666666666664,2
2025-03-31,1067.0,1.0,1080.0,11.970555305480957,12.010000228881836,0.0,3.0,3.0,0.0,264.32000732421875,2025,3,2025-03,1080.0,1068.0,2148.0,1081.0,23.980555534362793,6.0,23.980555534362793,6.0,0.24474074752242478,0.24451434535080366,49.877313772837326,0.25061494002925583,50.04166762034098,0.24979183537278818,0.0,,49.67411545623836,0.04655493482309125,50.27932960893855,,45.03648793508643,50.04166762034098,0.2502027107504802,44.458333333333336,2
2025-04-01,1074.0,1.0,1086.0,12.6850004196167,11.284444808959961,0.0,3.0,5.0,0.0,265.02398681640625,2025,4,2025-04,1086.0,1075.0,2161.0,1087.0,23.96944522857666,8.0,23.96944522857666,8.0,0.24403682027293394,0.2438123153784786,52.85416841506958,0.2364997950934755,47.018520037333175,0.443087815541439,0.0,,49.69921332716335,0.04627487274409996,50.25451180009255,,45.30768191102136,52.85416841506958,0.3337582461217043,44.75,2
2025-04-02,1095.0,1.0,1107.0,12.006667137145996,11.974444389343262,0.0,3.0,3.0,0.0,269.1839904785156,2025,4,2025-04,1107.0,1096.0,2203.0,1108.0,23.981111526489258,6.0,23.981111526489258,6.0,0.2431653030519563,0.2429458397820538,50.027779738108315,0.24986117843799113,49.89351828893025,0.2505335448106361,0.0,,49.70494779845665,0.04539264639128461,50.24965955515207,,46.16132987735871,50.027779738108315,0.25019690990438326,45.625,2
2025-04-03,1078.0,1.0,1091.0,12.006667137145996,11.975555419921875,0.0,3.0,3.0,0.0,267.3919982910156,2025,4,2025-04,1091.0,1079.0,2170.0,1092.0,23.98222255706787,6.0,23.98222255706787,6.0,0.2450889076911234,0.24486446729946487,50.027779738108315,0.24986117843799113,49.89814758300781,0.25051030159397575,0.0,,49.67741935483871,0.04608294930875576,50.27649769585254,,45.49203049900261,50.027779738108315,0.2501853189679337,44.916666666666664,2
2025-04-04,1054.0,1.0,1066.0,12.006667137145996,11.975555419921875,0.0,3.0,3.0,0.0,262.3999938964844,2025,4,2025-04,1066.0,1055.0,2121.0,1067.0,23.98222255706787,6.0,23.98222255706787,6.0,0.24615384042822175,0.2459231432956742,50.027779738108315,0.24986117843799113,49.89814758300781,0.25051030159397575,0.0,,49.69354078264969,0.04714757190004715,50.25931164545025,,44.44959166996956,50.027779738108315,0.2501853189679337,43.916666666666664,2
2025-04-05,1094.0,1.0,1106.0,12.006667137145996,11.97611141204834,0.0,3.0,3.0,0.0,270.9119873046875,2025,4,2025-04,1106.0,1095.0,2201.0,1107.0,23.982778549194336,6.0,23.982778549194336,6.0,0.24494754729176085,0.244726275794659,50.027779738108315,0.24986117843799113,49.90046421686809,0.2504986716290821,0.0,,49.70467969104953,0.045433893684688774,50.249886415265784,,46.116424655772605,50.027779738108315,0.250179518928242,45.583333333333336,2
2025-04-06,1073.0,1.0,1086.0,12.006667137145996,11.970555305480957,0.0,3.0,3.0,0.0,267.5199890136719,2025,4,2025-04,1086.0,1074.0,2160.0,1087.0,23.977222442626953,6.0,23.977222442626953,6.0,0.24633516483763523,0.2461085455507561,50.027779738108315,0.24986117843799113,49.877313772837326,0.25061494002925583,0.0,,49.675925925925924,0.0462962962962963,50.27777777777778,,45.292985982784145,50.027779738108315,0.25023749161759196,44.708333333333336,2
2025-04-07,1098.0,1.0,1112.0,12.006667137145996,11.971111297607422,0.0,3.0,3.0,0.0,271.1679992675781,2025,4,2025-04,1112.0,1099.0,2211.0,1113.0,23.977778434753418,6.0,23.977778434753418,6.0,0.2438561144492609,0.24363701641291835,50.027779738108315,0.24986117843799113,49.879630406697586,0.25060330034685985,0.0,,49.66078697421981,0.045228403437358664,50.29398462234283,,46.3762730574016,50.027779738108315,0.2502316891586417,45.75,2
2025-04-08,1129.0,2.0,1143.0,12.006667137145996,11.97166633605957,0.0,3.0,3.0,0.0,275.2640075683594,2025,4,2025-04,1143.0,1131.0,2274.0,1145.0,23.978333473205566,6.0,23.978333473205566,6.0,0.24082590338439142,0.24040524678459335,50.027779738108315,0.24986117843799113,49.88194306691487,0.25059168170798174,0.0,,49.64819700967458,0.08795074758135445,50.263852242744065,,47.6680333634211,50.027779738108315,0.2502258969208457,47.041666666666664,2
2025-04-09,1187.0,2.0,1199.0,12.006667137145996,11.977777481079102,0.0,3.0,3.0,0.0,285.760009765625,2025,4,2025-04,1199.0,1189.0,2388.0,1201.0,23.984444618225098,6.0,23.984444618225098,6.0,0.2383319514308799,0.23793506225281016,50.027779738108315,0.24986117843799113,49.90740617116292,0.2504638280965731,0.0,,49.70686767169179,0.08375209380234507,50.209380234505865,,49.990734373265994,50.027779738108315,0.2501621403165938,49.458333333333336,2
2025-04-10,1136.0,3.0,1149.0,12.006667137145996,11.972777366638184,0.0,3.0,3.0,0.0,278.0799865722656,2025,4,2025-04,1149.0,1139.0,2288.0,1152.0,23.97944450378418,6.0,23.97944450378418,6.0,0.24201913539796835,0.24138887723286948,50.027779738108315,0.24986117843799113,49.88657236099243,0.25056842770328447,0.0,,49.65034965034965,0.13111888111888112,50.21853146853147,,47.91603908166751,50.027779738108315,0.2502143032985249,47.333333333333336,2
2025-04-11,1128.0,2.0,1140.0,12.006667137145996,11.973333358764648,0.0,3.0,3.0,0.0,276.0320129394531,2025,4,2025-04,1140.0,1130.0,2270.0,1142.0,23.980000495910645,6.0,23.980000495910645,6.0,0.24213334468373082,0.24170929329199048,50.027779738108315,0.24986117843799113,49.88888899485271,0.2505567923408695,0.0,,49.691629955947135,0.0881057268722467,50.22026431718062,,47.53961536382813,50.027779738108315,0.2502085019148849,47.0,2
2025-04-12,1140.0,1.0,1154.0,12.006667137145996,11.973333358764648,0.0,3.0,3.0,0.0,280.0,2025,4,2025-04,1154.0,1141.0,2295.0,1155.0,23.980000495910645,6.0,23.980000495910645,6.0,0.24263431542461006,0.24242424242424243,50.027779738108315,0.24986117843799113,49.88888899485271,0.2505567923408695,0.0,,49.673202614379086,0.04357298474945533,50.28322440087146,,48.12343520162953,50.027779738108315,0.2502085019148849,47.5,2
2025-04-13,1140.0,24.0,1176.0,12.006667137145996,11.967778205871582,0.28999999165534973,3.0,3.0,1.0,289.66400146484375,2025,4,2025-04,1176.0,1164.0,2340.0,1200.0,23.974445343017578,6.0,24.264445334672928,7.0,0.24631292641568345,0.2413866678873698,50.027779738108315,0.24986117843799113,49.86574252446492,0.2506730947376809,1.2083332985639572,3.4482759612919205,48.717948717948715,1.0256410256410255,50.256410256410255,82.75862307100608,49.052229704346566,50.027779738108315,0.25026647808340086,47.5,3
2025-04-14,1114.0,0.0,1126.0,12.006667137145996,11.974444389343262,0.0,3.0,3.0,0.0,273.6000061035156,2025,4,2025-04,1126.0,1114.0,2240.0,1126.0,23.981111526489258,6.0,23.981111526489258,6.0,0.24298401963012045,0.24298401963012045,50.027779738108315,0.24986117843799113,49.89351828893025,0.2505335448106361,0.0,,49.73214285714286,0.0,50.26785714285714,,46.95362009205593,50.027779738108315,0.25019690990438326,46.416666666666664,2
2025-04-15,1116.0,0.0,1130.0,12.006667137145996,11.968889236450195,0.0,3.0,3.0,0.0,274.3680114746094,2025,4,2025-04,1130.0,1116.0,2246.0,1130.0,23.97555637359619,6.0,23.97555637359619,6.0,0.24280354997753043,0.24280354997753043,50.027779738108315,0.24986117843799113,49.87037181854248,0.25064982562155935,0.0,,49.68833481745325,0.0,50.31166518254675,,47.131335865241766,50.027779738108315,0.25025488070039875,46.5,2
2025-04-16,1122.0,24.0,1159.0,12.006667137145996,11.975000381469727,0.30388888716697693,3.0,3.0,1.0,288.6400146484375,2025,4,2025-04,1159.0,1146.0,2305.0,1183.0,23.981667518615723,6.0,24.2855564057827,7.0,0.24904229046457074,0.2439898686799979,50.027779738108315,0.24986117843799113,49.89583492279053,0.2505219126875553,1.2662036965290704,3.290676435464825,48.67678958785249,1.0412147505422993,50.28199566160521,78.97623445115579,48.3285826183825,50.027779738108315,0.2501911093272606,46.75,3
2025-04-17,1151.0,25.0,1188.0,10.66333293914795,13.301111221313477,0.31333333253860474,3.0,3.0,2.0,292.0320129394531,2025,4,2025-04,1188.0,1176.0,2364.0,1213.0,23.964444160461426,6.0,24.27777749300003,8.0,0.24581819270997737,0.24075186557250877,44.430553913116455,0.28133792849946543,55.42129675547282,0.22554506537715815,1.3055555522441864,6.382978739593837,48.688663282571916,1.0575296108291032,50.25380710659898,79.78723424492297,49.573442723952816,55.42129675547282,0.2503709228482465,47.958333333333336,3
2025-04-18,1127.0,0.0,1142.0,12.008333206176758,11.97166633605957,0.0,3.0,3.0,0.0,276.6080017089844,2025,4,2025-04,1142.0,1127.0,2269.0,1142.0,23.979999542236328,6.0,23.979999542236328,6.0,0.24221366174166759,0.24221366174166759,50.03472169240316,0.24982651201391398,49.88194306691487,0.25059168170798174,0.0,,49.669457910973996,0.0,50.330542089026,,47.62302009174681,50.03472169240316,0.2502085118655699,46.958333333333336,2
2025-04-19,1094.0,160.0,1266.0,12.008333206176758,11.954999923706055,2.012777805328369,3.0,3.0,6.0,347.3280029296875,2025,4,2025-04,1266.0,1254.0,2520.0,1426.0,23.963333129882812,6.0,25.97611093521118,12.0,0.2743507132146031,0.24356802449487203,50.03472169240316,0.24982651201391398,49.812499682108566,0.2509410304596638,8.386574188868206,2.980954968857651,43.41269841269841,6.349206349206349,50.23809523809524,79.4921325028707,52.830714038744034,50.03472169240316,0.25038253098930824,45.583333333333336,3
2025-04-20,1104.0,0.0,1116.0,12.008333206176758,11.972777366638184,0.0,3.0,3.0,0.0,270.9119873046875,2025,4,2025-04,1116.0,1104.0,2220.0,1116.0,23.98111057281494,6.0,23.98111057281494,6.0,0.24275267679631496,0.24275267679631496,50.03472169240316,0.24982651201391398,49.88657236099243,0.25056842770328447,0.0,,49.72972972972973,0.0,50.27027027027027,,46.53662709287121,50.03472169240316,0.25019691985414627,46.0,2
2025-04-21,1109.0,48.0,1170.0,12.008333206176758,11.973333358764648,0.6116666793823242,3.0,3.0,2.0,297.9200134277344,2025,4,2025-04,1170.0,1157.0,2327.0,1218.0,23.981666564941406,6.0,24.59333324432373,8.0,0.25463249010917466,0.24459771217383774,50.03472169240316,0.24982651201391398,49.88888899485271,0.2505567923408695,2.5486111640930176,3.269754700418941,47.65792866351525,2.0627417275461966,50.27932960893855,78.47411281005459,48.787268258929636,50.03472169240316,0.25019111927656223,46.208333333333336,3
2025-04-22,1130.0,26.0,1168.0,12.008333206176758,11.973889350891113,0.324444442987442,3.0,3.0,1.0,290.0480041503906,2025,4,2025-04,1168.0,1156.0,2324.0,1194.0,23.98222255706787,6.0,24.306667000055313,7.0,0.2483287706767043,0.24292127650786485,50.03472169240316,0.24982651201391398,49.89120562871297,0.25054515805900074,1.3518518457810083,3.0821917946633044,48.62306368330464,1.1187607573149743,50.25817555938038,80.13698666124591,48.70274209242443,50.03472169240316,0.2501853189679337,47.083333333333336,3
2025-04-23,1130.0,0.0,1143.0,12.008333206176758,11.956666946411133,0.0,3.0,3.0,0.0,275.45599365234375,2025,4,2025-04,1143.0,1130.0,2273.0,1143.0,23.96500015258789,6.0,23.96500015258789,6.0,0.24099387021202429,0.24099387021202429,50.03472169240316,0.24982651201391398,49.81944561004639,0.25090604375331105,0.0,,49.714034315882095,0.0,50.285965684117905,,47.69455425505481,50.03472169240316,0.2503651141997628,47.083333333333336,2
2025-04-24,1114.0,25.0,1150.0,10.516111373901367,13.219444274902344,0.2988888919353485,5.0,6.0,1.0,283.0719909667969,2025,4,2025-04,1150.0,1139.0,2289.0,1175.0,23.73555564880371,11.0,24.03444454073906,12.0,0.24614955736243208,0.24091233273769946,43.817130724589035,0.47546092107857285,55.0810178120931,0.45387687070864585,1.245370383063952,3.3457248729615086,48.667540410659676,1.09217999126256,50.24027959807776,83.64312182403772,48.450519423924284,55.0810178120931,0.4634397510114497,46.416666666666664,3
2025-04-25,1120.0,1.0,1133.0,11.97166633605957,12.010000228881836,0.0,3.0,3.0,0.0,271.87200927734375,2025,4,2025-04,1133.0,1121.0,2254.0,1134.0,23.981666564941406,6.0,23.981666564941406,6.0,0.23995764278671117,0.23974603992711088,49.88194306691487,0.25059168170798174,50.04166762034098,0.24979183537278818,0.0,,49.68944099378882,0.044365572315882874,50.2661934338953,,47.24442302339084,50.04166762034098,0.25019111927656223,46.666666666666664,2
2025-04-26,1136.0,3.0,1148.0,11.972222328186035,12.010000228881836,0.0,3.0,3.0,0.0,279.0400085449219,2025,4,2025-04,1148.0,1139.0,2287.0,1151.0,23.98222255706787,6.0,23.98222255706787,6.0,0.24306620953390407,0.24243267466978444,49.88425970077515,0.250580044185877,50.04166762034098,0.24979183537278818,0.0,,49.67205946655007,0.13117621337997376,50.19676432006997,,47.86879102919798,50.04166762034098,0.2501853189679337,47.333333333333336,2
2025-04-27,1145.0,26.0,1184.0,11.966666221618652,12.010000228881836,0.2966666519641876,3.0,3.0,1.0,292.54400634765625,2025,4,2025-04,1184.0,1171.0,2355.0,1210.0,23.97666645050049,6.0,24.273333102464676,7.0,0.24708108644227725,0.24177190607244317,49.861109256744385,0.25069638815364315,50.04166762034098,0.24979183537278818,1.236111049850782,3.370786683906474,48.61995753715499,1.1040339702760085,50.276008492569005,87.64045378156833,49.38134341754107,50.04166762034098,0.2502432943456473,47.708333333333336,3
2025-04-28,1171.0,2.0,1184.0,11.967222213745117,12.010000228881836,0.0,3.0,3.0,0.0,282.68798828125,2025,4,2025-04,1184.0,1173.0,2357.0,1186.0,23.977222442626953,6.0,23.977222442626953,6.0,0.23875674685916384,0.2383541216536678,49.86342589060466,0.2506847409045609,50.04166762034098,0.24979183537278818,0.0,,49.68179889690284,0.0848536274925753,50.23334747560458,,49.38019834587148,50.04166762034098,0.25023749161759196,48.791666666666664,2
2025-04-29,1144.0,31.0,1185.0,11.967778205871582,12.010000228881836,0.36222222447395325,3.0,3.0,1.0,292.99200439453125,2025,4,2025-04,1185.0,1175.0,2360.0,1216.0,23.977778434753418,6.0,24.34000065922737,7.0,0.2472506366198576,0.24094737203497635,49.86574252446492,0.2506730947376809,50.04166762034098,0.24979183537278818,1.5092592686414719,2.7607361791570804,48.47457627118644,1.3135593220338981,50.21186440677966,85.5828215538695,49.42075860883174,50.04166762034098,0.2502316891586417,47.666666666666664,3
2025-04-30,1126.0,86.0,1224.0,11.96833324432373,12.010000228881836,1.0800000429153442,3.0,3.0,3.0,317.44000244140625,2025,4,2025-04,1224.0,1212.0,2436.0,1310.0,23.978333473205566,6.0,25.05833351612091,9.0,0.2593464072233711,0.2423206125506918,49.868055184682206,0.25066146962634267,50.04166762034098,0.24979183537278818,4.500000178813934,2.7777776673988104,46.22331691297209,3.5303776683087027,50.24630541871922,79.62962646543257,51.04608297185252,50.04166762034098,0.2502258969208457,46.916666666666664,3
2025-05-01,1072.0,110.0,1194.0,11.962778091430664,12.010000228881836,1.3844444751739502,3.0,3.0,4.0,320.89599609375,2025,5,2025-05,1194.0,1182.0,2376.0,1304.0,23.9727783203125,6.0,25.35722279548645,10.0,0.26875711565640703,0.24608588657496167,49.844908714294434,0.25077786924334905,50.04166762034098,0.24979183537278818,5.768518646558126,2.889245521744319,45.11784511784512,4.62962962962963,50.252525252525245,79.45425184796878,49.80649234921201,50.04166762034098,0.25028388115181915,44.666666666666664,3
2025-05-02,1112.0,56.0,1181.0,11.969444274902344,12.010000228881836,0.7011111378669739,3.0,3.0,2.0,300.2879943847656,2025,5,2025-05,1181.0,1168.0,2349.0,1237.0,23.97944450378418,6.0,24.680555641651154,8.0,0.25426587162130876,0.2427550480070862,49.872684478759766,0.2506382026683086,50.04166762034098,0.24979183537278818,2.9212964077790575,2.8526147881271746,47.33929331630481,2.38399318859089,50.276713495104296,79.8732140675609,49.25051536592631,50.04166762034098,0.2502143032985249,46.333333333333336,3
2025-05-03,1080.0,194.0,1288.0,11.970000267028809,12.010000228881836,2.4516665935516357,3.0,3.0,7.0,361.02398681640625,2025,5,2025-05,1288.0,1274.0,2562.0,1482.0,23.980000495910645,6.0,26.43166708946228,13.0,0.2802981264102533,0.24360592902591516,49.87500111262004,0.2506265608250199,50.04166762034098,0.24979183537278818,10.215277473131817,2.8552006289971783,42.15456674473068,7.572209211553474,50.27322404371585,79.12984600363609,53.711425077728634,50.04166762034098,0.2502085019148849,45.0,3
2025-05-04,1122.0,111.0,1246.0,11.970555305480957,12.010000228881836,1.401111125946045,3.0,3.0,4.0,328.5119934082031,2025,5,2025-05,1246.0,1233.0,2479.0,1357.0,23.980555534362793,6.0,25.381666660308838,10.0,0.26365328523932835,0.2420869516641143,49.877313772837326,0.25061494002925583,50.04166762034098,0.24979183537278818,5.837963024775187,2.8548770514538298,45.260185558693024,4.477611940298507,50.26220250100847,79.22283817784377,51.95876293251638,50.04166762034098,0.2502027107504802,46.75,3
2025-05-05,1112.0,82.0,1206.0,11.948888778686523,12.010000228881836,1.0383332967758179,3.0,3.0,3.0,312.1919860839844,2025,5,2025-05,1206.0,1194.0,2400.0,1288.0,23.95888900756836,6.0,24.997222304344177,9.0,0.25886566010280626,0.2423850823633419,49.78703657786052,0.2510693718524823,50.04166762034098,0.24979183537278818,4.326388736565908,2.889245687599015,46.33333333333333,3.4166666666666665,50.24999999999999,78.97271546103974,50.336223838218764,50.04166762034098,0.25042897431949634,46.333333333333336,3
2025-05-06,1118.0,53.0,1182.0,11.971111297607422,12.010000228881836,0.6672222018241882,3.0,3.0,2.0,299.3280029296875,2025,5,2025-05,1182.0,1171.0,2353.0,1235.0,23.981111526489258,6.0,24.648333728313446,8.0,0.25323858115878806,0.24237085257464575,49.879630406697586,0.25060330034685985,50.04166762034098,0.24979183537278818,2.7800925076007843,2.9975021732370295,47.51381215469613,2.252443688907777,50.233744156396085,79.43380759078127,49.2887912511635,50.04166762034098,0.25019690990438326,46.583333333333336,3
2025-05-07,1051.0,177.0,1246.0,11.966666221618652,12.010000228881836,2.241666555404663,3.0,3.0,6.0,349.31201171875,2025,5,2025-05,1246.0,1228.0,2474.0,1423.0,23.97666645050049,6.0,26.21833300590515,12.0,0.2803467188754013,0.24547576368148277,49.861109256744385,0.25069638815364315,50.04166762034098,0.24979183537278818,9.340277314186096,2.6765800584988817,42.48181083265966,7.154405820533549,50.36378334680679,78.95911172571701,51.96719079244609,50.04166762034098,0.2502432943456473,43.791666666666664,3
2025-05-08,1085.0,143.0,1239.0,11.95555591583252,12.010000228881836,1.809999942779541,3.0,3.0,5.0,337.6000061035156,2025,5,2025-05,1239.0,1228.0,2467.0,1382.0,23.965556144714355,6.0,25.775556087493896,11.0,0.27247780960735724,0.24428365130500407,49.81481631596883,0.2509293604680612,50.04166762034098,0.24979183537278818,7.541666428248088,2.762431026556669,43.980543169841916,5.796513984596676,50.22294284556141,79.00552735952074,51.69919665199439,50.04166762034098,0.2503593058207961,45.208333333333336,3
2025-05-09,1084.0,134.0,1228.0,11.798333168029785,12.171111106872559,1.6927777528762817,3.0,4.0,5.0,332.7359924316406,2025,5,2025-05,1228.0,1218.0,2446.0,1362.0,23.969444274902344,7.0,25.662222027778625,12.0,0.27095764855996796,0.24429955391456729,49.15972153345744,0.2542732059922811,50.71296294530233,0.32864706967808005,7.0532406369845075,2.9537250188362028,44.317252657399834,5.478331970564186,50.20441537203598,79.15983050481023,51.231892818049204,50.71296294530233,0.2920384769758505,45.166666666666664,3
2025-05-10,1016.0,228.0,1259.0,11.975000381469727,12.010000228881836,2.880000114440918,3.0,3.0,8.0,366.1440124511719,2025,5,2025-05,1259.0,1244.0,2503.0,1487.0,23.985000610351562,6.0,26.86500072479248,14.0,0.2908212966252358,0.24623000164840073,49.89583492279053,0.2505219126875553,50.04166762034098,0.24979183537278818,12.000000476837158,2.7777776673988104,40.59129045145825,9.109069117059528,50.29964043148222,79.1666635208661,52.491138960264806,50.04166762034098,0.25015634135153997,42.333333333333336,3
2025-05-11,1111.0,99.0,1219.0,11.800000190734863,12.171111106872559,1.256666660308838,3.0,3.0,4.0,317.44000244140625,2025,5,2025-05,1219.0,1210.0,2429.0,1318.0,23.971111297607422,6.0,25.22777795791626,10.0,0.2604101742751487,0.24084977423475437,49.166667461395264,0.254237284026109,50.71296294530233,0.24648530225856005,5.236111084620157,3.183023888782855,45.73898723754631,4.0757513379991765,50.18526142445451,78.77984124737566,50.85287806918111,50.71296294530233,0.2503012866407602,46.291666666666664,3
2025-05-12,1082.0,136.0,1233.0,11.974444389343262,12.010000228881836,1.7161110639572144,3.0,3.0,5.0,332.99200439453125,2025,5,2025-05,1233.0,1218.0,2451.0,1369.0,23.984444618225098,6.0,25.700555682182312,11.0,0.2700665080247618,0.243237402771754,49.89351828893025,0.2505335448106361,50.04166762034098,0.24979183537278818,7.150462766488393,2.913564340334944,44.1452468380253,5.54875560995512,50.30599755201959,79.24895005711048,51.40831983506003,50.04166762034098,0.2501621403165938,45.083333333333336,3
2025-05-13,1090.0,148.0,1248.0,11.956110954284668,12.010000228881836,1.875,4.0,3.0,5.0,336.5119934082031,2025,5,2025-05,1248.0,1238.0,2486.0,1396.0,23.966111183166504,7.0,25.841111183166504,12.0,0.2696410203591371,0.24105443653882747,49.81712897618611,0.33455694876823927,50.04166762034098,0.24979183537278818,7.8125,2.6666666666666665,43.845534995977474,5.953338696701529,50.201126307321,78.93333333333334,52.07352959609816,50.04166762034098,0.292079092285807,45.416666666666664,3
2025-05-14,1153.0,50.0,1218.0,11.973333358764648,12.010000228881836,0.6322222352027893,3.0,3.0,2.0,303.87200927734375,2025,5,2025-05,1218.0,1203.0,2421.0,1268.0,23.983333587646484,6.0,24.615555822849274,8.0,0.24948440827368124,0.23964669501367802,49.88888899485271,0.2505567923408695,50.04166762034098,0.24979183537278818,2.6342593133449554,3.1634445747680595,47.624948368442794,2.065262288310615,50.30978934324659,79.0861143692015,50.785267008393554,50.04166762034098,0.250173729105387,48.041666666666664,3
2025-05-15,1178.0,26.0,1216.0,12.909444808959961,11.074444770812988,0.323888897895813,3.0,4.0,1.0,292.99200439453125,2025,5,2025-05,1216.0,1204.0,2420.0,1242.0,23.98388957977295,7.0,24.307778477668762,8.0,0.24094737203497635,0.235903385180782,53.789353370666504,0.23238799533174445,46.14351987838745,0.36119192273567635,1.3495370745658875,3.087478473317956,48.67768595041323,1.0743801652892562,50.247933884297524,80.27444030626685,50.70070039955177,53.789353370666504,0.29186258453689345,49.083333333333336,3
2025-05-16,1122.0,7.0,1135.0,12.008333206176758,11.970555305480957,0.0,3.0,3.0,0.0,269.760009765625,2025,5,2025-05,1135.0,1129.0,2264.0,1142.0,23.978888511657715,6.0,23.978888511657715,6.0,0.23767401741464758,0.2362171714234895,50.03472169240316,0.24982651201391398,49.877313772837326,0.25061494002925583,0.0,,49.5583038869258,0.30918727915194344,50.13250883392226,,47.33330318660107,50.03472169240316,0.2502201049511951,46.75,2
2025-05-17,1156.0,28.0,1194.0,12.008333206176758,11.96500015258789,0.3027777671813965,3.0,3.0,1.0,288.57598876953125,2025,5,2025-05,1194.0,1184.0,2378.0,1222.0,23.97333335876465,6.0,24.276111125946045,7.0,0.24168843280530256,0.2361505636411876,50.03472169240316,0.24982651201391398,49.85416730244954,0.2507312964263636,1.2615740299224854,3.302752409165143,48.61227922624054,1.1774600504625736,50.210260723296884,92.477067456624,49.8053392130166,50.03472169240316,0.2502780864975709,48.166666666666664,3
2025-05-18,1193.0,3.0,1207.0,12.008333206176758,11.97166633605957,0.0,3.0,3.0,0.0,284.79998779296875,2025,5,2025-05,1207.0,1196.0,2403.0,1210.0,23.979999542236328,6.0,23.979999542236328,6.0,0.23595690786492854,0.2353718907379907,50.03472169240316,0.24982651201391398,49.88194306691487,0.25059168170798174,0.0,,49.64627548897212,0.12484394506866417,50.22888056595922,,50.333612303623816,50.03472169240316,0.2502085118655699,49.708333333333336,2
2025-05-19,1163.0,78.0,1253.0,12.16944408416748,11.807222366333008,0.9477777481079102,3.0,3.0,3.0,315.3919982910156,2025,5,2025-05,1253.0,1241.0,2494.0,1331.0,23.97666645050049,6.0,24.9244441986084,9.0,0.2517094958427898,0.23695867640196516,50.7060170173645,0.24651906687364775,49.19675985972087,0.25408177358920325,3.9490739504496255,3.165299043988984,46.63191659983961,3.127506014434643,50.240577385725736,82.29777514371358,52.25914130251601,50.7060170173645,0.2502432943456473,48.458333333333336,3
2025-05-20,1173.0,106.0,1292.0,12.008333206176758,11.972222328186035,1.3416666984558105,3.0,3.0,4.0,333.31201171875,2025,5,2025-05,1292.0,1279.0,2571.0,1398.0,23.980555534362793,6.0,25.322222232818604,10.0,0.25798143321884676,0.23842060924087982,50.03472169240316,0.24982651201391398,49.88425970077515,0.250580044185877,5.590277910232544,2.981366388987514,45.6242707117853,4.12290937378452,50.25281991443018,79.00620930816913,53.87698371493673,50.03472169240316,0.2502027107504802,48.875,3
2025-05-23,1163.0,24.0,1198.0,12.008333206176758,11.95111083984375,0.2938888967037201,3.0,3.0,1.0,289.47198486328125,2025,5,2025-05,1198.0,1187.0,2385.0,1222.0,23.959444046020508,6.0,24.253332942724228,7.0,0.24162936966884913,0.2368837846671696,50.03472169240316,0.24982651201391398,49.796295166015625,0.2510226907107509,1.2245370695988336,3.4026464123554003,48.76310272536688,1.0062893081761006,50.23060796645702,81.66351389652961,50.0011601979963,50.03472169240316,0.25042317294488964,48.458333333333336,3
2025-05-24,1102.0,125.0,1239.0,12.008333206176758,11.974444389343262,1.5622222423553467,3.0,3.0,5.0,329.4079895019531,2025,5,2025-05,1239.0,1227.0,2466.0,1364.0,23.98277759552002,6.0,25.544999837875366,11.0,0.26586601251166514,0.2415014585791445,50.03472169240316,0.24982651201391398,49.89351828893025,0.2505335448106361,6.509259343147278,3.2005689487953717,44.68775344687753,5.068937550689376,50.24330900243309,80.01422371988428,51.66207271302241,50.03472169240316,0.2501795288766218,45.916666666666664,3
2025-05-25,1122.0,106.0,1246.0,12.008333206176758,11.968889236450195,1.3233333826065063,3.0,3.0,4.0,326.0799865722656,2025,5,2025-05,1246.0,1228.0,2474.0,1352.0,23.977222442626953,6.0,25.30055582523346,10.0,0.2617014338461201,0.24118342202090653,50.03472169240316,0.24982651201391398,49.87037181854248,0.25064982562155935,5.513889094193777,3.022669912642415,45.35165723524656,4.284559417946645,50.36378334680679,80.10075268502399,51.965985759253265,50.03472169240316,0.25023749161759196,46.75,3
2025-05-26,1020.0,239.0,1278.0,12.008333206176758,11.973889350891113,3.0105555057525635,3.0,3.0,8.0,369.8559875488281,2025,5,2025-05,1278.0,1259.0,2537.0,1517.0,23.98222255706787,6.0,26.992778062820435,14.0,0.28940218118061667,0.2438075066241451,50.03472169240316,0.24982651201391398,49.89120562871297,0.25054515805900074,12.543981273969015,2.657316892086399,40.20496649586126,9.420575482853764,50.37445802128499,79.38734215108119,53.28947294016988,50.03472169240316,0.2501853189679337,42.5,3
2025-05-27,1145.0,193.0,1343.0,12.008333206176758,11.973889350891113,2.431666612625122,3.0,3.0,7.0,367.87200927734375,2025,5,2025-05,1343.0,1338.0,2681.0,1536.0,23.98222255706787,6.0,26.413889169692993,13.0,0.27391810072773176,0.23950000603993735,50.03472169240316,0.24982651201391398,49.89120562871297,0.25054515805900074,10.131944219271343,2.878684094133736,42.70794479671765,7.198806415516598,50.09324878776575,79.36943288111587,55.99981389565583,50.03472169240316,0.2501853189679337,47.708333333333336,3
2025-05-28,1151.0,59.0,1216.0,12.171667098999023,11.812222480773926,0.722777783870697,3.0,3.0,2.0,301.9519958496094,2025,5,2025-05,1216.0,1210.0,2426.0,1275.0,23.98388957977295,6.0,24.706667363643646,8.0,0.24831578606053403,0.23682509478400735,50.7152795791626,0.24647404300489903,49.21759366989136,0.2539742207601429,3.011574099461238,2.767102205728275,47.44435284418797,2.431986809563067,50.12366034624897,81.6295150689841,50.70070039955177,50.7152795791626,0.2501679296030515,47.958333333333336,3
2025-05-29,1159.0,5.0,1174.0,12.006667137145996,11.97166633605957,0.0,3.0,3.0,0.0,278.52801513671875,2025,5,2025-05,1174.0,1164.0,2338.0,1179.0,23.978333473205566,6.0,23.978333473205566,6.0,0.2372470316326395,0.23624089494208544,50.027779738108315,0.24986117843799113,49.88194306691487,0.25059168170798174,0.0,,49.57228400342173,0.21385799828913601,50.213857998289136,,48.96086716417881,50.027779738108315,0.2502258969208457,48.291666666666664,2
2025-05-30,1153.0,57.0,1223.0,12.006667137145996,11.977222442626953,0.6650000214576721,3.0,3.0,2.0,304.0639953613281,2025,5,2025-05,1223.0,1210.0,2433.0,1280.0,23.98388957977295,6.0,24.64888960123062,8.0,0.24862141893812603,0.2375499963760376,50.027779738108315,0.24986117843799113,49.90509351094563,0.250475434882381,2.7708334227403,3.0075186999483456,47.39005343197698,2.342786683107275,50.26715988491575,85.71428294852785,50.992562984088664,50.027779738108315,0.2501679296030515,48.041666666666664,3
2025-05-31,1079.0,161.0,1257.0,12.006667137145996,11.972222328186035,2.0238888263702393,3.0,3.0,6.0,343.4880065917969,2025,5,2025-05,1257.0,1240.0,2497.0,1418.0,23.97888946533203,6.0,26.00277829170227,12.0,0.2732601484421614,0.24223413722975803,50.027779738108315,0.24986117843799113,49.88425970077515,0.250580044185877,8.432870109875996,2.96458971551355,43.211854225070084,6.447737284741691,50.340408490188224,79.54982403294692,52.42110990241368,50.027779738108315,0.25022009499958797,44.958333333333336,3
2025-06-01,1059.0,146.0,1220.0,12.006667137145996,11.978333473205566,1.8322222232818604,3.0,3.0,5.0,332.79998779296875,2025,6,2025-06,1220.0,1205.0,2425.0,1366.0,23.985000610351562,6.0,25.817222833633423,11.0,0.27278687524013834,0.2436310305951455,50.027779738108315,0.24986117843799113,49.90972280502319,0.2504522024462522,7.634259263674418,2.7289266206170364,43.670103092783506,6.020618556701031,50.30927835051546,79.68465732201746,50.865122741479794,50.027779738108315,0.25015634135153997,44.125,3
2025-06-02,1033.0,313.0,1351.0,12.006667137145996,11.965555191040039,3.9516665935516357,3.0,3.0,10.0,404.7359924316406,2025,6,2025-06,1351.0,1346.0,2697.0,1664.0,23.972222328186035,6.0,27.92388892173767,16.0,0.29958252585613665,0.24323076468247634,50.027779738108315,0.24986117843799113,49.856479962666825,0.2507196659162492,16.465277473131813,2.5305778620894,38.30181683351873,11.60548757879125,50.09269558769003,79.20708708339822,56.35689430476884,50.027779738108315,0.25028968603154184,43.041666666666664,3
2025-06-03,981.0,295.0,1292.0,12.006667137145996,11.981666564941406,3.7233333587646484,3.0,3.0,6.0,390.4639892578125,2025,6,2025-06,1292.0,1276.0,2568.0,1587.0,23.988333702087402,6.0,27.71166706085205,12.0,0.3022167099518673,0.24603906065394612,50.027779738108315,0.24986117843799113,49.92361068725586,0.25038253098930824,15.513888994852701,1.6114592548841016,38.20093457943925,11.48753894080997,50.31152647975078,79.23008003180166,53.85951421409373,50.027779738108315,0.25012158303758697,40.875,3
2025-06-04,978.0,328.0,1308.0,12.006667137145996,11.971111297607422,4.151111125946045,3.0,3.0,6.0,404.6719970703125,2025,6,2025-06,1308.0,1306.0,2614.0,1636.0,23.977778434753418,6.0,28.128889560699463,12.0,0.30938226075711966,0.24735452143662134,50.027779738108315,0.24986117843799113,49.879630406697586,0.25060330034685985,17.29629635810852,1.4453961404448286,37.413925019127774,12.547819433817903,50.03825554705432,79.01498901098397,54.550508236583894,50.027779738108315,0.2502316891586417,40.75,3
2025-06-05,952.0,338.0,1322.0,12.006667137145996,11.98277759552002,4.271666526794434,3.0,3.0,6.0,409.6000061035156,2025,6,2025-06,1322.0,1290.0,2612.0,1660.0,23.989444732666016,6.0,28.26111125946045,12.0,0.30983359009343087,0.24674699162862387,50.027779738108315,0.24986117843799113,49.92823998133342,0.25035931578347953,17.798610528310142,1.4046040257038865,36.447166921898926,12.940275650842267,50.61255742725881,79.12602678131894,55.10756979713896,50.027779738108315,0.25010999907929937,39.666666666666664,3
2025-06-06,980.0,358.0,1336.0,12.006667137145996,11.962778091430664,4.52222204208374,3.0,3.0,6.0,421.1839904785156,2025,6,2025-06,1336.0,1338.0,2674.0,1694.0,23.96944522857666,6.0,28.4916672706604,12.0,0.31525747790308056,0.24863281610301985,50.027779738108315,0.24986117843799113,49.844908714294434,0.25077786924334905,18.842591842015587,1.326781379632419,36.64921465968586,13.388182498130142,49.962602842184,79.16462231806767,55.73762710232462,50.027779738108315,0.2503186845912782,40.833333333333336,3
2025-06-07,979.0,354.0,1343.0,12.006667137145996,11.983888626098633,4.474999904632568,3.0,3.0,6.0,418.8160095214844,2025,6,2025-06,1343.0,1333.0,2676.0,1697.0,23.99055576324463,6.0,28.465555667877197,12.0,0.31185108676208817,0.24679788422008508,50.027779738108315,0.24986117843799113,49.932869275410965,0.2503361048822308,18.645832935969032,1.340782151478648,36.58445440956652,13.228699551569505,50.186846038863976,79.10614693724024,55.980362158078016,50.027779738108315,0.25009841619394496,40.791666666666664,3
2025-06-08,994.0,364.0,1370.0,12.006667137145996,11.972777366638184,4.599444389343262,3.0,3.0,6.0,427.3280029296875,2025,6,2025-06,1370.0,1358.0,2728.0,1734.0,23.97944450378418,6.0,28.57888889312744,12.0,0.3119182503136405,0.246440601458874,50.027779738108315,0.24986117843799113,49.88657236099243,0.25056842770328447,19.164351622263588,1.304505390673224,36.43695014662757,13.343108504398826,50.219941348973606,79.13999370084225,57.13226591982985,50.027779738108315,0.2502143032985249,41.416666666666664,3
2025-06-09,966.0,394.0,1373.0,12.006667137145996,11.983888626098633,4.976110935211182,3.0,3.0,6.0,437.6319885253906,2025,6,2025-06,1373.0,1360.0,2733.0,1767.0,23.99055576324463,6.0,28.96666669845581,12.0,0.3187414337402699,0.24766948982761214,50.027779738108315,0.24986117843799113,49.932869275410965,0.2503361048822308,20.73379556337992,1.2057609000522345,35.34577387486279,14.416392242956459,50.23783388218075,79.17829910343005,57.23085423904774,50.027779738108315,0.25009841619394496,40.25,3
2025-06-10,944.0,452.0,1404.0,12.006667137145996,11.973889350891113,5.723333358764648,3.0,3.0,7.0,463.3599853515625,2025,6,2025-06,1404.0,1396.0,2800.0,1856.0,23.98055648803711,6.0,29.703889846801758,13.0,0.33002847959513,0.249655164521316,50.027779738108315,0.24986117843799113,49.89120562871297,0.25054515805900074,23.847222328186035,1.2230634773842552,33.714285714285715,16.142857142857142,50.142857142857146,78.97495596824048,58.54743198726003,50.027779738108315,0.25020270080025653,39.333333333333336,3
2025-06-11,968.0,507.0,1476.0,12.006667137145996,11.974444389343262,6.414444446563721,3.0,3.0,8.0,488.32000732421875,2025,6,2025-06,1476.0,1475.0,2951.0,1983.0,23.981111526489258,6.0,30.39555597305298,14.0,0.33084011336329183,0.246253155483721,50.027779738108315,0.24986117843799113,49.89351828893025,0.2505335448106361,26.72685186068217,1.2471851719420028,32.802439850898004,17.180616740088105,50.01694340901389,79.04036027182444,61.54843983647829,50.027779738108315,0.25019690990438326,40.333333333333336,3
2025-06-12,1024.0,399.0,1451.0,12.006667137145996,11.968889236450195,5.048333168029785,3.0,3.0,6.0,449.8559875488281,2025,6,2025-06,1451.0,1423.0,2874.0,1850.0,23.97555637359619,6.0,29.023889541625977,12.0,0.3100316936931965,0.24316539867504222,50.027779738108315,0.24986117843799113,49.87037181854248,0.25064982562155935,21.034721533457436,1.1885110986725194,35.62978427279054,13.883089770354907,50.48712595685456,79.03598806172253,60.5199719827131,50.027779738108315,0.25025488070039875,42.666666666666664,3
2025-06-13,1002.0,373.0,1400.0,10.046111106872559,13.935555458068848,4.735555648803711,4.0,4.0,6.0,437.5679931640625,2025,6,2025-06,1400.0,1375.0,2775.0,1773.0,23.981666564941406,8.0,28.717222213745117,14.0,0.3125485665457589,0.24679525841176678,41.858796278635666,0.398164021624606,58.0648144086202,0.2870355625246322,19.731481870015465,1.2670107681061062,36.108108108108105,13.441441441441441,50.45045045045045,78.7658360839296,58.37792783119786,58.0648144086202,0.33358815903541633,41.75,3
2025-06-14,935.0,572.0,1496.0,11.96833324432373,12.010000228881836,7.243333339691162,3.0,3.0,9.0,514.3679809570312,2025,6,2025-06,1496.0,1507.0,3003.0,2068.0,23.978333473205566,6.0,31.22166681289673,15.0,0.3438288642760904,0.24872726351887392,49.868055184682206,0.25066146962634267,50.04166762034098,0.24979183537278818,30.18055558204651,1.2425218580902335,31.135531135531135,19.047619047619047,49.81684981684982,78.96916698084596,62.389656965597524,50.04166762034098,0.2502258969208457,38.958333333333336,3
2025-06-15,975.0,590.0,1564.0,11.96833324432373,12.010000228881836,7.482222080230713,3.0,3.0,8.0,532.416015625,2025,6,2025-06,1564.0,1565.0,3129.0,2154.0,23.978333473205566,6.0,31.46055555343628,14.0,0.3404194473305627,0.2471754947191272,49.868055184682206,0.25066146962634267,50.04166762034098,0.24979183537278818,31.175925334294636,1.0692010894914952,31.1601150527325,18.855864493448387,49.98402045381911,78.85358034999777,65.22555046403377,50.04166762034098,0.2502258969208457,40.625,3
2025-06-16,1007.0,466.0,1507.0,11.96833324432373,12.010000228881836,5.905555725097656,3.0,3.0,7.0,483.5840148925781,2025,6,2025-06,1507.0,1473.0,2980.0,1973.0,23.978333473205566,6.0,29.883889198303223,13.0,0.32089184797118653,0.24510086918022206,49.868055184682206,0.25066146962634267,50.04166762034098,0.24979183537278818,24.6064821879069,1.1853245191220756,33.79194630872483,15.63758389261745,50.57046979865771,78.90874655869818,62.848404443285744,50.04166762034098,0.2502258969208457,41.958333333333336,3
2025-06-17,1087.0,369.0,1464.0,11.96833324432373,12.010000228881836,4.663888931274414,3.0,3.0,6.0,445.0559997558594,2025,6,2025-06,1464.0,1456.0,2920.0,1833.0,23.978333473205566,6.0,28.64222240447998,12.0,0.3039999998332373,0.24280196386026154,49.868055184682206,0.25066146962634267,50.04166762034098,0.24979183537278818,19.432870546976723,1.2864800359558501,37.226027397260275,12.636986301369863,50.136986301369866,79.11852221128478,61.05511884868635,50.04166762034098,0.2502258969208457,45.291666666666664,3
2025-06-18,1126.0,346.0,1500.0,14.125555992126465,9.850555419921875,4.372222423553467,3.0,3.0,6.0,449.2799987792969,2025,6,2025-06,1500.0,1472.0,2972.0,1846.0,23.97611141204834,6.0,28.348333835601807,12.0,0.2995199991861979,0.24338028102887155,58.85648330052694,0.21238102073094958,41.04398091634114,0.30455135493504926,18.21759343147278,1.3722998097438004,37.88694481830417,11.641991924629878,50.47106325706595,79.13595569522582,62.56227184722826,58.85648330052694,0.25024908738891305,46.916666666666664,3
2025-06-19,1098.0,429.0,1529.0,11.964444160461426,12.010000228881836,5.440555572509766,3.0,3.0,6.0,475.64801025390625,2025,6,2025-06,1529.0,1527.0,3056.0,1958.0,23.97444438934326,6.0,29.414999961853027,12.0,0.3110843755748242,0.242925439353374,49.85185066858928,0.25074294800204916,50.04166762034098,0.24979183537278818,22.668981552124023,1.102828547569115,35.92931937172775,14.037958115183248,50.032722513089,78.85224115119172,63.77624336852814,50.04166762034098,0.2502664880386978,45.75,3
2025-06-20,1072.0,360.0,1434.0,11.970000267028809,12.010000228881836,4.558888912200928,3.0,3.0,6.0,434.239990234375,2025,6,2025-06,1434.0,1432.0,2866.0,1794.0,23.980000495910645,6.0,28.538889408111572,12.0,0.30281728747167014,0.24205127660778986,49.87500111262004,0.2506265608250199,50.04166762034098,0.24979183537278818,18.995370467503868,1.3161101565651743,37.40404745289602,12.56106071179344,50.03489183531053,78.96660939391046,59.799831957657496,50.04166762034098,0.2502085019148849,44.666666666666664,3
2025-06-21,1062.0,404.0,1498.0,11.970000267028809,12.010000228881836,5.1177778244018555,3.0,3.0,7.0,464.32000732421875,2025,6,2025-06,1498.0,1466.0,2964.0,1902.0,23.980000495910645,6.0,29.0977783203125,13.0,0.3099599514847922,0.24412198071725486,49.87500111262004,0.2506265608250199,50.04166762034098,0.24979183537278818,21.324074268341064,1.3677811425544115,35.82995951417004,13.630229419703104,50.53981106612686,78.94051165599745,62.468722644749604,50.04166762034098,0.2502085019148849,44.25,3
2025-06-22,1082.0,450.0,1546.0,11.970000267028809,12.010000228881836,5.684444427490234,3.0,3.0,6.0,485.8240051269531,2025,6,2025-06,1546.0,1532.0,3078.0,1996.0,23.980000495910645,6.0,29.66444492340088,12.0,0.3142457989178222,0.24339880016380416,49.87500111262004,0.2506265608250199,50.04166762034098,0.24979183537278818,23.68518511454264,1.0555121219909767,35.15269655620533,14.619883040935672,50.227420402859,79.16340914932326,64.47039066006869,50.04166762034098,0.2502085019148849,45.083333333333336,3
2025-06-23,1086.0,482.0,1574.0,11.969444274902344,12.010000228881836,6.103888988494873,3.0,3.0,8.0,499.9679870605469,2025,6,2025-06,1574.0,1568.0,3142.0,2056.0,23.97944450378418,6.0,30.083333492279053,14.0,0.31764166903465496,0.24317509098275628,49.872684478759766,0.2506382026683086,50.04166762034098,0.24979183537278818,25.432870785395306,1.310639825704412,34.56397199236155,15.340547422024189,50.09548058561426,78.96604949869082,65.63955223197969,50.04166762034098,0.2502143032985249,45.25,3
2025-06-24,160.0,1387.0,1536.0,11.969444274902344,12.010000228881836,17.589445114135742,3.0,3.0,8.0,753.6640014648438,2025,6,2025-06,1536.0,1547.0,3083.0,2923.0,23.97944450378418,6.0,41.56888961791992,14.0,0.490666667620341,0.25783920679604644,49.872684478759766,0.2506382026683086,50.04166762034098,0.24979183537278818,73.28935464223227,0.45481821331423394,5.189750243269542,44.98864742134285,49.82160233538761,78.8541077333553,64.05486164442237,50.04166762034098,0.2502143032985249,6.666666666666667,3
2025-06-25,1065.0,432.0,1532.0,11.969444274902344,12.010000228881836,5.480000019073486,3.0,3.0,9.0,473.4079895019531,2025,6,2025-06,1532.0,1497.0,3029.0,1964.0,23.97944450378418,6.0,29.459444522857666,15.0,0.3090130479777762,0.24104276451219608,49.872684478759766,0.2506382026683086,50.04166762034098,0.24979183537278818,22.83333341280619,1.6423357607071043,35.16011885110598,14.26213271706834,50.57774843182569,78.832116513941,63.888052108890015,50.04166762034098,0.2502143032985249,44.375,3
2025-06-26,1180.0,273.0,1462.0,11.969444274902344,12.010000228881836,3.4655556678771973,3.0,3.0,6.0,417.7279968261719,2025,6,2025-06,1462.0,1453.0,2915.0,1735.0,23.97944450378418,6.0,27.445000171661377,12.0,0.28572366403978927,0.24076541603813942,49.872684478759766,0.2506382026683086,50.04166762034098,0.24979183537278818,14.439815282821655,1.7313240862396129,40.480274442538594,9.365351629502573,50.15437392795883,78.77524592390239,60.96888523707389,50.04166762034098,0.2502143032985249,49.166666666666664,3
2025-06-27,1188.0,307.0,1515.0,11.969444274902344,12.010000228881836,3.887777805328369,3.0,3.0,7.0,437.5039978027344,2025,6,2025-06,1515.0,1495.0,3010.0,1822.0,23.97944450378418,6.0,27.86722230911255,13.0,0.28878151670147484,0.24012294061620987,49.872684478759766,0.2506382026683086,50.04166762034098,0.24979183537278818,16.199074188868202,1.8005144199357779,39.46843853820598,10.199335548172757,50.332225913621265,78.96541813146911,63.17911158287753,50.04166762034098,0.2502143032985249,49.5,3
2025-06-28,1118.0,342.0,1470.0,11.638333320617676,12.171111106872559,4.3222222328186035,4.0,3.0,8.0,431.552001953125,2025,6,2025-06,1470.0,1460.0,2930.0,1812.0,23.809444427490234,7.0,28.131666660308838,15.0,0.29357279044430273,0.23816335648627207,48.493055502573654,0.34369182337421744,50.71296294530233,0.24648530225856005,18.00925930341085,1.8508997383929164,38.15699658703072,11.672354948805461,50.170648464163826,79.12596381629717,61.74020584464992,50.71296294530233,0.29400098021261867,46.583333333333336,3
2025-06-29,1066.0,310.0,1382.0,9.227777481079102,11.290555953979492,3.9277777671813965,3.0,3.0,6.0,386.68798828125,2025,6,2025-06,1382.0,1376.0,2758.0,1692.0,20.518333435058594,6.0,24.44611120223999,12.0,0.27980317531204774,0.22853900016622342,38.44907283782959,0.3251053686709812,47.04398314158122,0.26570879345782916,16.36574069658915,1.5275813336826451,38.651196519216825,11.240029006526468,50.10877447425671,78.92503557360334,67.35439817147379,47.04398314158122,0.29242141029583407,44.416666666666664,3
2025-06-30,1109.0,356.0,1469.0,11.970000267028809,12.010555267333984,4.50166654586792,3.0,3.0,8.0,438.4639892578125,2025,6,2025-06,1469.0,1465.0,2934.0,1825.0,23.980555534362793,6.0,28.482222080230713,14.0,0.2984778687936096,0.24025424068921233,49.87500111262004,0.2506265608250199,50.043980280558266,0.24978029185372694,18.756943941116333,1.7771196330263956,37.79822767552829,12.133605998636673,50.06816632583504,79.0818236696746,61.25796368207589,50.043980280558266,0.2502027107504802,46.208333333333336,3
2025-07-01,1087.0,378.0,1476.0,11.970000267028809,12.010555267333984,4.787777900695801,3.0,3.0,8.0,450.4960021972656,2025,7,2025-07,1476.0,1465.0,2941.0,1854.0,23.980555534362793,6.0,28.768333435058594,14.0,0.30521409362958374,0.24298597745267833,49.87500111262004,0.2506265608250199,50.043980280558266,0.24978029185372694,19.949074586232506,1.6709212845561134,36.960217613056784,12.852771166269978,50.18701122067324,78.95103069527636,61.549866844618116,50.043980280558266,0.2502027107504802,45.291666666666664,3
2025-07-02,1095.0,468.0,1583.0,11.970000267028809,12.010555267333984,5.937222003936768,3.0,3.0,9.0,495.8080139160156,2025,7,2025-07,1583.0,1563.0,3146.0,2051.0,23.980555534362793,6.0,29.91777753829956,15.0,0.31320784201896124,0.2417396459853806,49.87500111262004,0.2506265608250199,50.043980280558266,0.24978029185372694,24.7384250164032,1.5158604468609074,34.806102987921165,14.87603305785124,50.31786395422759,78.82474323676718,66.01181518633501,50.043980280558266,0.2502027107504802,45.625,3
2025-07-03,1104.0,450.0,1561.0,11.970000267028809,12.010555267333984,5.703333377838135,3.0,3.0,9.0,485.3760070800781,2025,7,2025-07,1561.0,1554.0,3115.0,2011.0,23.980555534362793,6.0,29.683888912200928,15.0,0.3109391461115171,0.2413605206763193,49.87500111262004,0.2506265608250199,50.043980280558266,0.24978029185372694,23.76388907432556,1.5780245347347162,35.441412520064205,14.446227929373997,50.112359550561806,78.90122673673581,65.0944052469166,50.043980280558266,0.2502027107504802,46.0,3
2025-07-04,1077.0,406.0,1512.0,11.972777366638184,12.010555267333984,5.146111011505127,3.0,3.0,9.0,463.2959899902344,2025,7,2025-07,1512.0,1483.0,2995.0,1918.0,23.983332633972168,6.0,29.129443645477295,15.0,0.30641269179248304,0.24155161104808884,49.88657236099243,0.25056842770328447,50.043980280558266,0.24978029185372694,21.442129214604698,1.748893480898247,35.959933222036724,13.555926544240402,50.484140233722876,78.8945281382987,63.043782241433206,50.043980280558266,0.25017373905330637,44.875,3
2025-07-05,1036.0,485.0,1532.0,11.967222213745117,12.010555267333984,6.141666889190674,3.0,3.0,9.0,494.0799865722656,2025,7,2025-07,1532.0,1521.0,3053.0,2017.0,23.9777774810791,6.0,30.119444370269775,15.0,0.32250651865030394,0.24495785154797503,49.86342589060466,0.2506847409045609,50.043980280558266,0.24978029185372694,25.59027870496114,1.465400218276245,33.93383557156895,15.886013756960368,50.18015067147068,78.96878954044209,63.89249383971902,50.043980280558266,0.2502316991111711,43.166666666666664,3
2025-07-06,1116.0,449.0,1557.0,11.96833324432373,12.010555267333984,5.638888835906982,3.0,3.0,9.0,485.8240051269531,2025,7,2025-07,1557.0,1565.0,3122.0,2006.0,23.978888511657715,6.0,29.617777347564697,15.0,0.31202569372315553,0.24218544622480215,49.868055184682206,0.25066146962634267,50.043980280558266,0.24978029185372694,23.495370149612427,1.5960591282967547,35.74631646380526,14.3818065342729,49.871877001921845,79.62561651169365,64.93211723483513,50.043980280558266,0.2502201049511951,46.5,3
2025-07-07,1099.0,471.0,1600.0,11.96833324432373,12.010555267333984,5.974999904632568,3.0,3.0,9.0,499.9679870605469,2025,7,2025-07,1600.0,1570.0,3170.0,2071.0,23.978888511657715,6.0,29.953888416290283,15.0,0.3124799919128418,0.24141380350581693,49.868055184682206,0.25066146962634267,50.043980280558266,0.24978029185372694,24.895832935969032,1.5062761746694042,34.66876971608833,14.858044164037853,50.473186119873816,78.82845314103216,66.7253613203187,50.043980280558266,0.2502201049511951,45.791666666666664,3
2025-07-08,1103.0,380.0,1505.0,11.962778091430664,12.010555267333984,4.813889026641846,3.0,3.0,8.0,454.0799865722656,2025,7,2025-07,1505.0,1483.0,2988.0,1885.0,23.97333335876465,6.0,28.787222385406494,14.0,0.3017142767922031,0.24089123956088362,49.844908714294434,0.25077786924334905,50.043980280558266,0.24978029185372694,20.057870944341026,1.6618580020696438,36.91432396251673,12.717536813922356,50.36813922356092,78.93825509830808,62.77808669647403,50.043980280558266,0.2502780864975709,45.958333333333336,3
2025-07-09,1131.0,298.0,1420.0,9.92388916015625,12.016111373901367,3.7799999713897705,5.0,5.0,6.0,392.7040100097656,2025,7,2025-07,1420.0,1429.0,2849.0,1718.0,21.940000534057617,10.0,25.720000505447388,16.0,0.27655211972518706,0.228582078003356,41.349538167317704,0.5038347284323433,50.06713072458903,0.41610799404371784,15.74999988079071,1.5873015993156252,39.6981396981397,10.45981045981046,49.84204984204984,78.83597943267606,64.7219674309362,50.06713072458903,0.455788503034762,47.125,3
2025-07-10,1090.0,394.0,1504.0,11.970000267028809,12.010000228881836,4.984444618225098,3.0,3.0,8.0,461.9519958496094,2025,7,2025-07,1504.0,1484.0,2988.0,1898.0,23.980000495910645,6.0,28.964445114135742,14.0,0.30714893341064453,0.24338882816101653,49.87500111262004,0.2506265608250199,50.04166762034098,0.24979183537278818,20.768519242604576,1.6049932565704192,36.47925033467202,13.18607764390897,50.33467202141901,79.04591788609315,62.71893114666449,50.04166762034098,0.2502085019148849,45.416666666666664,3
2025-07-11,1100.0,363.0,1468.0,11.970000267028809,12.010000228881836,4.583333492279053,3.0,3.0,8.0,441.9200134277344,2025,7,2025-07,1468.0,1463.0,2931.0,1831.0,23.980000495910645,6.0,28.563333988189697,14.0,0.3010354314902823,0.24135445845315914,49.87500111262004,0.2506265608250199,50.04166762034098,0.24979183537278818,19.097222884496055,1.745454484923814,37.52985329239167,12.384851586489253,50.08529512111907,79.19999725341806,61.21768013517518,50.04166762034098,0.2502085019148849,45.833333333333336,3
2025-07-12,1098.0,369.0,1481.0,11.972777366638184,12.010000228881836,4.679999828338623,3.0,3.0,8.0,447.23199462890625,2025,7,2025-07,1481.0,1467.0,2948.0,1850.0,23.98277759552002,6.0,28.662777423858643,14.0,0.30197973978994347,0.2417470241237331,49.88657236099243,0.25056842770328447,50.04166762034098,0.24979183537278818,19.499999284744263,1.7094017721021928,37.24559023066486,12.516960651289011,50.23744911804613,78.84615673821364,61.75264704437949,50.04166762034098,0.2501795288766218,45.75,3
2025-07-13,1098.0,325.0,1441.0,11.967222213745117,12.010000228881836,4.113333225250244,3.0,3.0,7.0,427.5840148925781,2025,7,2025-07,1441.0,1423.0,2864.0,1766.0,23.977222442626953,6.0,28.090555667877197,13.0,0.29672728306216384,0.2421200537330567,49.86342589060466,0.2506847409045609,50.04166762034098,0.24979183537278818,17.138888438542686,1.701782864813764,38.337988826815646,11.347765363128492,50.314245810055866,79.01134729492476,60.098704236825,50.04166762034098,0.25023749161759196,45.75,3
2025-07-14,1059.0,402.0,1466.0,11.972777366638184,12.010000228881836,5.098333358764648,3.0,3.0,9.0,455.7439880371094,2025,7,2025-07,1466.0,1461.0,2927.0,1868.0,23.98277759552002,6.0,29.081110954284668,15.0,0.3108758445000746,0.24397429766440545,49.88657236099243,0.25056842770328447,50.04166762034098,0.24979183537278818,21.24305566151937,1.7652827633422434,36.18038947728049,13.734198838401094,50.085411684318416,78.84929676262021,61.127198222187936,50.04166762034098,0.2501795288766218,44.125,3
2025-07-15,1064.0,366.0,1436.0,11.967222213745117,12.010000228881836,4.6422224044799805,3.0,3.0,8.0,437.760009765625,2025,7,2025-07,1436.0,1430.0,2866.0,1802.0,23.977222442626953,6.0,28.619444847106934,14.0,0.3048468034579561,0.24293008311077968,49.86342589060466,0.2506847409045609,50.04166762034098,0.24979183537278818,19.342593351999916,1.7233125220970873,37.124912770411726,12.770411723656663,50.10467550593162,78.84154788594174,59.890172993810346,50.04166762034098,0.25023749161759196,44.333333333333336,3
2025-07-16,1048.0,425.0,1509.0,11.972777366638184,12.010000228881836,5.377777576446533,3.0,3.0,8.0,472.6400146484375,2025,7,2025-07,1509.0,1473.0,2982.0,1934.0,23.98277759552002,6.0,29.360555171966553,14.0,0.31321405874647945,0.24438470250694805,49.88657236099243,0.25056842770328447,50.04166762034098,0.24979183537278818,22.40740656852722,1.4876033614774653,35.14419852448022,14.252179745137491,50.6036217303823,79.02892857849035,62.92015151247039,50.04166762034098,0.2501795288766218,43.666666666666664,3
2025-07-17,1064.0,467.0,1537.0,11.967222213745117,12.010000228881836,5.915555477142334,3.0,3.0,10.0,488.5119934082031,2025,7,2025-07,1537.0,1531.0,3068.0,2004.0,23.977222442626953,6.0,29.892777919769287,16.0,0.31783473871711326,0.2437684597845325,49.86342589060466,0.2506847409045609,50.04166762034098,0.24979183537278818,24.64814782142639,1.6904583244362987,34.68057366362451,15.221642764015645,50.097783572359845,78.94440375117516,64.10250410270648,50.04166762034098,0.25023749161759196,44.333333333333336,3
2025-07-18,1105.0,459.0,1580.0,11.970000267028809,12.010000228881836,5.812777996063232,3.0,3.0,9.0,493.6319885253906,2025,7,2025-07,1580.0,1564.0,3144.0,2039.0,23.980000495910645,6.0,29.792778491973877,15.0,0.3124253091932852,0.24209513905119698,49.87500111262004,0.2506265608250199,50.04166762034098,0.24979183537278818,24.219908316930137,1.5483130451731253,35.146310432569976,14.599236641221374,50.25445292620865,78.96396530382938,65.88823883758636,50.04166762034098,0.2502085019148849,46.041666666666664,3
2025-07-19,1073.0,473.0,1554.0,11.970000267028809,12.010000228881836,6.0,3.0,3.0,10.0,492.4159851074219,2025,7,2025-07,1554.0,1546.0,3100.0,2027.0,23.980000495910645,6.0,29.980000495910645,16.0,0.3168700032866293,0.242928458365773,49.87500111262004,0.2506265608250199,50.04166762034098,0.24979183537278818,25.0,1.6666666666666667,34.61290322580645,15.258064516129032,50.12903225806452,78.83333333333333,64.80400199595519,50.04166762034098,0.2502085019148849,44.708333333333336,3
2025-07-20,1105.0,476.0,1584.0,11.970000267028809,12.010000228881836,6.032777786254883,3.0,3.0,9.0,498.8800048828125,2025,7,2025-07,1584.0,1581.0,3165.0,2060.0,23.980000495910645,6.0,30.012778282165527,15.0,0.3149494980320786,0.24217475965185073,49.87500111262004,0.2506265608250199,50.04166762034098,0.24979183537278818,25.136574109395344,1.4918500761797748,34.913112164297,15.039494470774093,50.04739336492891,78.90229291795254,66.05504450552962,50.04166762034098,0.2502085019148849,46.041666666666664,3
2025-07-21,1075.0,455.0,1542.0,11.970000267028809,12.010000228881836,5.767777919769287,3.0,3.0,9.0,485.1199951171875,2025,7,2025-07,1542.0,1530.0,3072.0,1997.0,23.980000495910645,6.0,29.74777841567993,15.0,0.3146044066907831,0.24292438413479595,49.87500111262004,0.2506265608250199,50.04166762034098,0.24979183537278818,24.032407999038696,1.5603929494497601,34.99348958333333,14.811197916666666,50.1953125,78.88653244440454,64.30358499212542,50.04166762034098,0.2502085019148849,44.791666666666664,3
2025-07-22,1062.0,474.0,1547.0,13.931111335754395,10.043889045715332,6.009444236755371,3.0,3.0,10.0,494.0799865722656,2025,7,2025-07,1547.0,1536.0,3083.0,2021.0,23.975000381469727,6.0,29.984444618225098,16.0,0.3193794354054723,0.2444730265078009,58.046297232309975,0.21534534666308047,41.849537690480545,0.2986890821220077,25.039350986480713,1.6640473904121318,34.446967239701586,15.37463509568602,50.1783976646124,78.87584630553505,64.52554641858008,58.046297232309975,0.2502606842349583,44.25,3
2025-07-23,1042.0,510.0,1568.0,10.032777786254883,13.850555419921875,6.457777976989746,3.0,5.0,11.0,507.7120056152344,2025,7,2025-07,1568.0,1552.0,3120.0,2078.0,23.883333206176758,8.0,30.341111183166504,19.0,0.3237959219484913,0.24432724043081538,41.80324077606201,0.2990198790319131,57.71064758300781,0.36099635346090714,26.907408237457275,1.7033722805576514,33.3974358974359,16.346153846153847,50.256410256410255,78.97453300767293,65.65247766984554,57.71064758300781,0.334961620764518,43.416666666666664,3
2025-07-24,1031.0,469.0,1502.0,12.008333206176758,11.97166633605957,5.941666603088379,3.0,3.0,10.0,481.7279968261719,2025,7,2025-07,1502.0,1500.0,3002.0,1971.0,23.979999542236328,6.0,29.921666145324707,16.0,0.3207243653969187,0.24440791315381627,50.03472169240316,0.24982651201391398,49.88194306691487,0.25059168170798174,24.756944179534912,1.6830294710245384,34.343770819453695,15.622918054630247,50.03331112591606,78.93408219105085,62.63553080368101,50.03472169240316,0.2502085118655699,42.958333333333336,3
2025-07-25,1044.0,459.0,1529.0,12.008333206176758,11.97166633605957,5.8188886642456055,3.0,3.0,10.0,483.9679870605469,2025,7,2025-07,1529.0,1503.0,3032.0,1988.0,23.979999542236328,6.0,29.798888206481934,16.0,0.31652582541566177,0.24344466149926905,50.03472169240316,0.24982651201391398,49.88194306691487,0.25059168170798174,24.24536943435669,1.7185412158588633,34.43271767810027,15.138522427440634,50.428759894459105,78.88104180792183,63.761469107076074,50.03472169240316,0.2502085118655699,43.5,3
2025-07-26,1031.0,560.0,1587.0,12.008333206176758,11.97166633605957,7.10444450378418,3.0,3.0,10.0,529.9199829101562,2025,7,2025-07,1587.0,1591.0,3178.0,2147.0,23.979999542236328,6.0,31.084444046020508,16.0,0.33391303270961326,0.2468188089940178,50.03472169240316,0.24982651201391398,49.88194306691487,0.25059168170798174,29.60185209910075,1.4075695847400178,32.44178728760227,17.62114537444934,49.93706733794839,78.823896745441,66.18015138844325,50.03472169240316,0.2502085118655699,42.958333333333336,3
2025-07-27,1064.0,508.0,1594.0,12.008333206176758,11.97166633605957,6.435555458068848,3.0,3.0,10.0,508.864013671875,2025,7,2025-07,1594.0,1572.0,3166.0,2102.0,23.979999542236328,6.0,30.415555000305176,16.0,0.319237147849357,0.2420856392349548,50.03472169240316,0.24982651201391398,49.88194306691487,0.25059168170798174,26.814814408620197,1.5538674268531212,33.60707517372079,16.04548325963361,50.347441566645614,78.93646528413856,66.47206131895308,50.03472169240316,0.2502085118655699,44.333333333333336,3
2025-07-28,1097.0,403.0,1502.0,12.008333206176758,11.97166633605957,5.099444389343262,3.0,3.0,9.0,458.55999755859375,2025,7,2025-07,1502.0,1500.0,3002.0,1905.0,23.979999542236328,6.0,29.07944393157959,15.0,0.3052995989071863,0.24071390947957677,50.03472169240316,0.24982651201391398,49.88194306691487,0.25059168170798174,21.247684955596924,1.7648981561222743,36.54230512991339,13.424383744170553,50.03331112591606,79.02821743525296,62.63553080368101,50.03472169240316,0.2502085118655699,45.708333333333336,3
2025-07-29,1162.0,122.0,1318.0,12.999444007873535,10.977222442626953,1.547777771949768,4.0,3.0,3.0,340.35198974609375,2025,7,2025-07,1318.0,1284.0,2602.0,1440.0,23.97666645050049,7.0,25.524444222450256,10.0,0.25823367962526084,0.23635554843478732,54.1643500328064,0.3077054678321065,45.738426844278976,0.2732931773661017,6.4490740497907,1.9382627495811864,44.65795541890853,4.688700999231361,50.65334358186011,78.82268514963492,54.970110324593854,54.1643500328064,0.29195051006992184,48.416666666666664,3
2025-07-30,1101.0,280.0,1379.0,11.972777366638184,12.010000228881836,3.542222261428833,3.0,3.0,6.0,402.8160095214844,2025,7,2025-07,1379.0,1381.0,2760.0,1659.0,23.98277759552002,6.0,27.524999856948853,12.0,0.292107331052563,0.24280651568504183,49.88657236099243,0.25056842770328447,50.04166762034098,0.24979183537278818,14.759259422620138,1.693851926044801,39.891304347826086,10.144927536231885,49.96376811594203,79.04642321542406,57.49959505347692,50.04166762034098,0.2501795288766218,45.875,3
2025-07-31,1105.0,348.0,1474.0,11.972777366638184,12.010000228881836,4.409444332122803,3.0,3.0,8.0,436.2879943847656,2025,7,2025-07,1474.0,1453.0,2927.0,1822.0,23.98277759552002,6.0,28.392221927642822,14.0,0.29598914137365373,0.2394555402770393,49.88657236099243,0.25056842770328447,50.04166762034098,0.24979183537278818,18.372684717178345,1.814287560389412,37.751964468739324,11.889306457123334,50.358729074137344,78.92150887693943,61.46077092735676,50.04166762034098,0.2501795288766218,46.041666666666664,3
2025-08-01,1111.0,356.0,1484.0,15.934444427490234,8.045555114746094,4.502222061157227,4.0,4.0,8.0,440.0,2025,8,2025-08,1484.0,1467.0,2951.0,1840.0,23.979999542236328,8.0,28.482221603393555,16.0,0.29649595687331537,0.2391304347826087,66.39351844787598,0.25102851989612934,33.52314631144206,0.49716892656278006,18.759258588155113,1.7769003597178687,37.64825482887157,12.06370721789224,50.288037953236184,79.07206600744516,61.884905268084296,66.39351844787598,0.33361134915409324,46.291666666666664,3
2025-08-02,1063.0,458.0,1534.0,23.960556030273438,0.006666666828095913,5.80555534362793,5.0,5.0,9.0,484.79998779296875,2025,8,2025-08,1534.0,1521.0,3055.0,1992.0,23.967222697101533,10.0,29.772778040729463,19.0,0.31603649790936683,0.24337348784787588,99.83565012613931,0.2086762925569278,0.027777778450399637,749.9999818392102,24.189813931783043,1.55023929104013,34.79541734860884,14.991816693944354,50.212765957446805,78.88995503293106,64.00407837765506,99.83565012613931,0.4172364952911021,44.291666666666664,3
2025-08-03,1092.0,372.0,1467.0,23.962223052978516,0.0033333334140479565,4.705555438995361,6.0,6.0,8.0,443.5199890136719,2025,8,2025-08,1467.0,1464.0,2931.0,1839.0,23.965556386392564,12.0,28.671111825387925,20.0,0.30233128085458205,0.24117454541254588,99.84259605407715,0.2503941302413591,0.013888889225199819,1799.9999564141046,19.606480995814003,1.7001181058676476,37.25690890481064,12.691914022517912,50.051177072671436,79.0554919228456,61.2128496558899,99.84259605407715,0.5007186065921464,45.5,3
2025-08-04,1045.0,360.0,1430.0,23.959999084472656,0.0033333334140479565,4.55222225189209,6.0,6.0,8.0,435.3919982910156,2025,8,2025-08,1430.0,1405.0,2835.0,1790.0,23.963332417886704,12.0,28.515554669778794,20.0,0.3044699288748361,0.24323575323520427,99.83332951863608,0.2504173718390631,0.013888889225199819,1799.9999564141046,18.96759271621704,1.7573834398517938,36.860670194003525,12.698412698412698,50.44091710758377,79.08225479333072,59.67450499216127,99.83332951863608,0.5007650768572973,43.541666666666664,3
2025-08-05,1082.0,295.0,1382.0,23.963333129882812,0.0033333334140479565,3.7344443798065186,6.0,6.0,7.0,403.9679870605469,2025,8,2025-08,1382.0,1377.0,2759.0,1677.0,23.96666646329686,12.0,27.70111084310338,19.0,0.2923067923737676,0.24088729103193016,99.84722137451172,0.25038253098930824,0.013888889225199819,1799.9999564141046,15.560184915860495,1.8744421627622876,39.21710764769844,10.692279811525914,50.090612540775645,78.99434828783926,57.66342190794154,99.84722137451172,0.500695414540737,45.083333333333336,3
2025-08-06,1187.0,174.0,1365.0,23.963333129882812,0.0027777778450399637,2.1988887786865234,5.0,5.0,4.0,365.9519958496094,2025,8,2025-08,1365.0,1361.0,2726.0,1539.0,23.966110907727852,10.0,26.164999686414376,14.0,0.2680967002561241,0.2377855723519229,99.84722137451172,0.20865210915775687,0.011574074354333181,1799.9999564141046,9.162036577860516,1.8191006470046867,43.54365370506236,6.382978723404255,50.07336757153338,79.13087814470387,56.955423650311864,99.84722137451172,0.41725585091803563,49.458333333333336,3
2025-08-07,1071.0,381.0,1468.0,23.964445114135742,0.0033333334140479565,4.826111316680908,6.0,6.0,8.0,450.3680114746094,2025,8,2025-08,1468.0,1452.0,2920.0,1849.0,23.96777844754979,12.0,28.7938897642307,20.0,0.3067901985521862,0.24357382989432633,99.85185464223227,0.2503709128846393,0.013888889225199819,1799.9999564141046,20.10879715283712,1.6576492905061897,36.67808219178082,13.047945205479452,50.273972602739725,78.94554746035728,61.24889727316687,99.85185464223227,0.5006721847942796,44.625,3
2025-08-08,1076.0,468.0,1552.0,23.79277801513672,0.002222222276031971,5.9311113357543945,10.0,4.0,9.0,489.66400146484375,2025,8,2025-08,1552.0,1544.0,3096.0,2020.0,23.79500023741275,14.0,29.726111573167145,23.0,0.3155051555830179,0.24240792151724938,99.13657506306967,0.4202956037179897,0.009259259483466547,1799.9999564141046,24.712963898976646,1.5174221980534217,34.75452196382429,15.11627906976744,50.129198966408275,78.90595429877793,65.22378585900574,99.13657506306967,0.5883588930580415,44.833333333333336,3
2025-08-09,1049.0,502.0,1580.0,16.9505558013916,7.002222061157227,6.359444618225098,4.0,3.0,9.0,512.6400146484375,2025,8,2025-08,1580.0,1551.0,3131.0,2082.0,23.952777862548828,7.0,30.312222480773926,16.0,0.3244557054736946,0.24622479089742436,70.62731583913168,0.23598046263896605,29.175925254821777,0.4284354271826968,26.49768590927124,1.415217922365031,33.503672947939954,16.03321622484829,50.46311082721176,78.93771078080506,65.9631216498858,70.62731583913168,0.2922416781956966,43.708333333333336,3
2025-08-10,1021.0,481.0,1482.0,12.006667137145996,11.97166633605957,6.037222385406494,3.0,3.0,10.0,487.6159973144531,2025,8,2025-08,1482.0,1502.0,2984.0,1963.0,23.978333473205566,6.0,30.01555585861206,16.0,0.3290256392135311,0.24840346271750033,50.027779738108315,0.24986117843799113,49.88194306691487,0.25059168170798174,25.155093272527058,1.6563908634826092,34.215817694369974,16.119302949061662,49.66487935656836,79.6724005335135,61.805796539448885,50.027779738108315,0.2502258969208457,42.541666666666664,3
2025-08-11,982.0,502.0,1510.0,12.006667137145996,11.98611068725586,6.297222137451172,3.0,3.0,10.0,501.9519958496094,2025,8,2025-08,1510.0,1484.0,2994.0,2012.0,23.992777824401855,6.0,30.289999961853027,16.0,0.33241854029775453,0.24947912318569054,50.027779738108315,0.24986117843799113,49.942127863566085,0.2502896959886852,26.238425572713215,1.5880017858235416,32.79893119572478,16.76686706746827,50.43420173680695,79.71768964834179,62.93560549976228,50.027779738108315,0.25007525364143957,40.916666666666664,3
2025-08-12,943.0,561.0,1500.0,12.364444732666016,10.548333168029785,7.093888759613037,6.0,6.0,11.0,502.656005859375,2025,8,2025-08,1500.0,1504.0,3004.0,2061.0,22.9127779006958,12.0,30.006666660308838,23.0,0.33510400390625,0.24388937693322416,51.518519719441734,0.48526238983853526,43.9513882001241,0.5688102474981531,29.55786983172099,1.5506304613381106,31.391478029294273,18.675099866844207,49.93342210386152,79.08215352824364,65.46565442658303,51.518519719441734,0.5237252354126642,39.291666666666664,3
2025-08-13,776.0,835.0,1620.0,15.133333206176758,8.845555305480957,10.537221908569336,3.0,4.0,9.0,623.552001953125,2025,8,2025-08,1620.0,1611.0,3231.0,2455.0,23.978888511657715,7.0,34.51611042022705,16.0,0.38490864318094137,0.2539926688200102,63.05555502573649,0.19823788712823243,36.85648043950398,0.4522045097068679,43.905091285705566,0.8541150673386504,24.017332095326523,25.84339213865676,50.13927576601671,79.242897914197,67.55942833682268,63.05555502573649,0.2919234557763943,32.333333333333336,3
2025-08-14,693.0,1008.0,1704.0,12.008333206176758,11.972777366638184,12.812222480773926,3.0,3.0,14.0,687.552001953125,2025,8,2025-08,1704.0,1701.0,3405.0,2712.0,23.98111057281494,6.0,36.79333305358887,20.0,0.403492958892679,0.25352212461398416,50.03472169240316,0.24982651201391398,49.88657236099243,0.25056842770328447,53.38426033655802,1.0927065948947154,20.352422907488986,29.60352422907489,50.04405286343613,78.6748748324195,71.05592523857754,50.03472169240316,0.25019691985414627,28.875,3
2025-08-15,912.0,702.0,1626.0,12.008333206176758,11.972777366638184,8.876111030578613,3.0,3.0,13.0,575.6160278320312,2025,8,2025-08,1626.0,1614.0,3240.0,2328.0,23.98111057281494,6.0,32.857221603393555,19.0,0.35400739719067115,0.24725774391410277,50.03472169240316,0.24982651201391398,49.88657236099243,0.25056842770328447,36.98379596074422,1.4646053835079798,28.14814814814815,21.666666666666668,50.18518518518519,79.0886907094309,67.80336528047364,50.03472169240316,0.25019691985414627,38.0,3
2025-08-16,823.0,896.0,1720.0,12.008333206176758,11.972222328186035,11.34666633605957,3.0,3.0,13.0,655.8720092773438,2025,8,2025-08,1720.0,1719.0,3439.0,2616.0,23.980555534362793,6.0,35.32722187042236,19.0,0.38132093562636266,0.2507155998766605,50.03472169240316,0.24982651201391398,49.88425970077515,0.250580044185877,47.277776400248214,1.1457109617021306,23.93137539982553,26.054085489968017,50.01453911020646,78.96592474500838,71.7247770818043,50.03472169240316,0.2502027107504802,34.291666666666664,3
2025-08-17,768.0,781.0,1560.0,12.008333206176758,11.975000381469727,9.88611125946045,3.0,3.0,14.0,586.9439697265625,2025,8,2025-08,1560.0,1549.0,3109.0,2341.0,23.983333587646484,6.0,33.869444847106934,20.0,0.3762461344401042,0.2507236094517567,50.03472169240316,0.24982651201391398,49.89583492279053,0.2505219126875553,41.19213024775188,1.4161281046278729,24.702476680604697,25.120617561917015,50.17690575747829,78.99971783674063,65.0451695674006,50.03472169240316,0.250173729105387,32.0,3
2025-08-19,888.0,601.0,1478.0,12.006667137145996,11.974444389343262,7.621110916137695,3.0,3.0,12.0,518.7839965820312,2025,8,2025-08,1478.0,1489.0,2967.0,2079.0,23.981111526489258,6.0,31.602222442626953,18.0,0.3510040572273554,0.24953535189130893,50.027779738108315,0.24986117843799113,49.89351828893025,0.2505335448106361,31.7546288172404,1.5745735932789027,29.92922143579373,20.256150994270307,49.81462756993596,78.8598941300517,61.63183880644641,50.027779738108315,0.25019690990438326,37.0,3
2025-08-20,899.0,556.0,1466.0,12.006667137145996,11.972222328186035,7.002222061157227,3.0,3.0,10.0,505.6000061035156,2025,8,2025-08,1466.0,1455.0,2921.0,2022.0,23.97888946533203,6.0,30.981111526489258,16.0,0.3448840423625618,0.2500494590027278,50.027779738108315,0.24986117843799113,49.88425970077515,0.250580044185877,29.175925254821777,1.4281180906089894,30.777131119479627,19.03457719958918,50.18829168093119,79.40336583785981,61.13710987823266,50.027779738108315,0.25022009499958797,37.458333333333336,3
2025-08-21,912.0,573.0,1484.0,12.006667137145996,11.972222328186035,7.224444389343262,3.0,3.0,10.0,515.072021484375,2025,8,2025-08,1484.0,1485.0,2969.0,2057.0,23.97888946533203,6.0,31.203333854675293,16.0,0.34708357242882415,0.2503996215286218,50.027779738108315,0.24986117843799113,49.88425970077515,0.250580044185877,30.10185162226359,1.38418949071723,30.717413270461435,19.299427416638597,49.983159312899964,79.31405781809728,61.88777016323142,50.027779738108315,0.25022009499958797,38.0,3
2025-08-22,864.0,669.0,1548.0,12.006667137145996,11.97166633605957,8.449999809265137,3.0,3.0,12.0,552.3839721679688,2025,8,2025-08,1548.0,1533.0,3081.0,2217.0,23.978333473205566,6.0,32.4283332824707,18.0,0.35683719132297725,0.24915830950291779,50.027779738108315,0.24986117843799113,49.88194306691487,0.25059168170798174,35.208332538604736,1.420118375250424,28.042843232716653,21.713729308666018,50.243427458617326,79.17159942021115,64.55828140557819,50.027779738108315,0.2502258969208457,36.0,3
2025-08-23,891.0,542.0,1440.0,12.006667137145996,11.97611141204834,6.811110973358154,3.0,3.0,10.0,494.78399658203125,2025,8,2025-08,1440.0,1433.0,2873.0,1982.0,23.982778549194336,6.0,30.79388952255249,16.0,0.3435999976264106,0.2496387470141429,50.027779738108315,0.24986117843799113,49.90046421686809,0.2504986716290821,28.379629055658977,1.4681892629727034,31.01287852419074,18.865297598329274,50.12182387747999,79.57585805312051,60.043084542778075,50.027779738108315,0.250179518928242,37.125,3
2025-08-24,927.0,550.0,1471.0,12.006667137145996,11.975000381469727,6.928333282470703,3.0,3.0,11.0,502.7200012207031,2025,8,2025-08,1471.0,1477.0,2948.0,2021.0,23.981667518615723,6.0,30.910000801086426,17.0,0.34175390973535225,0.2487481450869387,50.027779738108315,0.24986117843799113,49.89583492279053,0.2505219126875553,28.86805534362793,1.5876834372028514,31.445047489823608,18.65671641791045,49.89823609226594,79.38417186014257,61.33852030340005,50.027779738108315,0.2501911093272606,38.625,3
2025-08-25,939.0,534.0,1496.0,12.006667137145996,11.975000381469727,6.776666641235352,3.0,3.0,10.0,504.12799072265625,2025,8,2025-08,1496.0,1473.0,2969.0,2030.0,23.981667518615723,6.0,30.758334159851074,16.0,0.33698395101781836,0.24833891168603756,50.027779738108315,0.24986117843799113,49.89583492279053,0.2505219126875553,28.236111005147297,1.4756517517256909,31.62681037386325,17.98585382283597,50.38733580330077,78.79980354215189,62.3809832589303,50.027779738108315,0.2501911093272606,39.125,3
2025-08-26,920.0,548.0,1467.0,12.006667137145996,11.974444389343262,6.907222270965576,3.0,3.0,11.0,501.8240051269531,2025,8,2025-08,1467.0,1468.0,2935.0,2015.0,23.981111526489258,6.0,30.888333797454834,17.0,0.3420749864532741,0.24904417127888492,50.027779738108315,0.24986117843799113,49.89351828893025,0.2505335448106361,28.7800927956899,1.5925359816837463,31.3458262350937,18.671209540034074,49.982964224872234,79.33724708751755,61.17314447162171,50.027779738108315,0.25019690990438326,38.333333333333336,3
2025-08-27,965.0,467.0,1450.0,12.006667137145996,11.977222442626953,5.868333339691162,3.0,3.0,9.0,474.8160095214844,2025,8,2025-08,1450.0,1432.0,2882.0,1917.0,23.98388957977295,6.0,29.85222291946411,15.0,0.32745931691136854,0.24768701592148376,50.027779738108315,0.24986117843799113,49.90509351094563,0.250475434882381,24.451388915379844,1.5336552099260352,33.483691880638446,16.204024982650935,50.312283136710626,79.5796647817176,60.457249654070786,50.027779738108315,0.2501679296030515,40.208333333333336,3
2025-08-28,952.0,570.0,1513.0,12.006667137145996,11.97166633605957,7.1811113357543945,3.0,3.0,11.0,515.4559936523438,2025,8,2025-08,1513.0,1522.0,3035.0,2083.0,23.978333473205566,6.0,31.15944480895996,17.0,0.34068472812448364,0.24745847030837434,50.027779738108315,0.24986117843799113,49.88194306691487,0.25059168170798174,29.92129723230998,1.5317963314719198,31.367380560131796,18.780889621087315,49.85172981878089,79.37490081263584,63.09863034020659,50.027779738108315,0.2502258969208457,39.666666666666664,3
2025-08-29,970.0,525.0,1494.0,12.006667137145996,11.97166633605957,6.6061110496521,3.0,3.0,10.0,499.5199890136719,2025,8,2025-08,1494.0,1495.0,2989.0,2019.0,23.978333473205566,6.0,30.584444522857666,16.0,0.3343507289248138,0.24740960327571662,50.027779738108315,0.24986117843799113,49.88194306691487,0.25059168170798174,27.525462706883747,1.5137499089614357,32.45232519237204,17.56440281030445,49.98327199732352,79.47187022047537,62.306248333290576,50.027779738108315,0.2502258969208457,40.416666666666664,3
2025-08-30,967.0,440.0,1422.0,12.006667137145996,11.970555305480957,5.521666526794434,3.0,3.0,9.0,459.135986328125,2025,8,2025-08,1422.0,1407.0,2829.0,1862.0,23.977222442626953,6.0,29.498888969421387,15.0,0.3228804404557841,0.24658216236741407,50.027779738108315,0.24986117843799113,49.877313772837326,0.25061494002925583,23.00694386164347,1.6299426914549455,34.181689642983386,15.553199010250973,50.26511134676564,79.68608713779733,59.306285513369296,50.027779738108315,0.25023749161759196,40.291666666666664,3
2025-08-31,1049.0,278.0,1332.0,12.006667137145996,11.972222328186035,3.4783332347869873,3.0,3.0,7.0,394.239990234375,2025,8,2025-08,1332.0,1327.0,2659.0,1610.0,23.97888946533203,6.0,27.45722270011902,13.0,0.29597596864442566,0.2448695591517857,50.027779738108315,0.24986117843799113,49.88425970077515,0.250580044185877,14.49305514494578,2.0124581308060554,39.450921399022185,10.4550582925912,50.09402030838661,79.92333719486905,55.54886108990853,50.027779738108315,0.25022009499958797,43.708333333333336,3
2025-09-01,1118.0,210.0,1334.0,13.501667022705078,10.47611141204834,2.5088889598846436,4.0,3.0,5.0,370.9440002441406,2025,9,2025-09,1334.0,1328.0,2662.0,1544.0,23.977778434753418,7.0,26.48666739463806,12.0,0.27806896570025535,0.2402487048213346,56.25694592793783,0.2962597132097392,43.65046421686809,0.2863657975754026,10.453703999519348,1.9929140268646626,41.9984973703982,7.888805409466566,50.11269722013524,83.70238912831583,55.634845556271344,56.25694592793783,0.291936970685082,46.583333333333336,3
2025-09-02,1078.0,244.0,1322.0,11.972777366638184,12.010555267333984,2.9733333587646484,3.0,3.0,6.0,382.5920104980469,2025,9,2025-09,1322.0,1322.0,2644.0,1566.0,23.983332633972168,6.0,26.956665992736816,12.0,0.28940394137522457,0.24431162867052802,49.88657236099243,0.25056842770328447,50.043980280558266,0.24978029185372694,12.388888994852703,2.0179372024712565,40.771558245083206,9.228441754916792,50.0,82.06277956716444,55.1216138380785,50.043980280558266,0.25017373905330637,44.916666666666664,3
2025-09-03,1143.0,172.0,1320.0,11.970555305480957,12.01111125946045,2.0905556678771973,3.0,3.0,4.0,361.1520080566406,2025,9,2025-09,1320.0,1315.0,2635.0,1492.0,23.981666564941406,6.0,26.072222232818604,10.0,0.27360000610351565,0.24205898663313716,49.877313772837326,0.25061494002925583,50.04629691441854,0.24976872957005336,8.710648616154987,1.9133668916177202,43.37760910815939,6.527514231499051,50.094876660341555,82.27477633956197,55.042046240843696,50.04629691441854,0.25019111927656223,47.625,3
2025-09-04,1056.0,207.0,1254.0,11.970555305480957,12.010000228881836,2.531111001968384,3.0,3.0,5.0,360.76800537109375,2025,9,2025-09,1254.0,1263.0,2517.0,1461.0,23.980555534362793,6.0,26.511666536331177,11.0,0.2876937841874751,0.2469322418693318,49.877313772837326,0.25061494002925583,50.04166762034098,0.24979183537278818,10.546295841534931,1.975417117665571,41.95470798569726,8.224076281287248,49.82121573301549,81.78226867135464,52.29236654685035,50.04166762034098,0.2502027107504802,44.0,3
2025-09-05,1054.0,214.0,1282.0,11.968889236450195,12.01111125946045,2.5850000381469727,3.0,3.0,5.0,367.10400390625,2025,9,2025-09,1282.0,1268.0,2550.0,1496.0,23.980000495910645,6.0,26.565000534057617,11.0,0.286352577149961,0.24539037694268048,49.87037181854248,0.25064982562155935,50.04629691441854,0.24976872957005336,10.770833492279053,1.934235948245553,41.333333333333336,8.392156862745098,50.27450980392156,82.78529858490967,53.461216575813744,50.04629691441854,0.2502085019148849,43.916666666666664,3
2025-09-06,1018.0,263.0,1289.0,11.736666679382324,12.239444732666016,3.222222328186035,3.0,5.0,6.0,385.47198486328125,2025,9,2025-09,1289.0,1281.0,2570.0,1552.0,23.97611141204834,8.0,27.198333740234375,14.0,0.29904731176360067,0.24837112426757812,48.90277783075969,0.2556092016543392,50.9976863861084,0.40851526431223095,13.425926367441813,1.8620689042825072,39.61089494163424,10.233463035019454,50.1556420233463,81.6206869710499,53.761845607384814,50.9976863861084,0.33366544985188407,42.416666666666664,3
2025-09-07,1056.0,207.0,1256.0,12.006667137145996,11.978333473205566,2.4461112022399902,3.0,3.0,5.0,356.9280090332031,2025,9,2025-09,1256.0,1263.0,2519.0,1463.0,23.985000610351562,6.0,26.431111812591553,11.0,0.2841783511410853,0.2439699309864683,50.027779738108315,0.24986117843799113,49.90972280502319,0.2504522024462522,10.192130009333294,2.0440607914396223,41.92139737991266,8.217546645494243,49.86105597459309,84.62411676560036,52.366060789589035,50.027779738108315,0.25015634135153997,44.0,3
2025-09-08,1027.0,266.0,1278.0,12.006667137145996,11.967778205871582,3.155555486679077,3.0,3.0,6.0,379.8399963378906,2025,9,2025-09,1278.0,1293.0,2571.0,1544.0,23.974445343017578,6.0,27.130000829696655,12.0,0.29721439463058735,0.246010360322468,50.027779738108315,0.24986117843799113,49.86574252446492,0.2506730947376809,13.14814786116282,1.9014084922063694,39.94554647996888,10.346168805912097,49.708284714119024,84.2957764878157,53.30675983176438,50.027779738108315,0.25026647808340086,42.791666666666664,3
2025-09-09,870.0,370.0,1236.0,10.420555114746094,11.956666946411133,4.4716668128967285,4.0,2.0,9.0,394.3039855957031,2025,9,2025-09,1236.0,1240.0,2476.0,1606.0,22.377222061157227,6.0,26.848888874053955,15.0,0.3190161695758116,0.24551929364614142,43.41897964477539,0.3838567097389671,49.81944561004639,0.16727069583554072,18.631945053736366,2.01267231584498,35.137318255250406,14.94345718901454,49.919224555735056,82.7431952069603,55.234738102075255,49.81944561004639,0.2681297966120158,36.25,3
2025-09-10,882.0,410.0,1291.0,11.967778205871582,12.010000228881836,5.0916666984558105,3.0,3.0,8.0,429.44000244140625,2025,9,2025-09,1291.0,1292.0,2583.0,1701.0,23.977778434753418,6.0,29.06944513320923,14.0,0.3326413651753728,0.2524632583429784,49.86574252446492,0.2506730947376809,50.04166762034098,0.24979183537278818,21.215277910232544,1.5711947528745789,34.146341463414636,15.873015873015872,49.98064266356949,80.52373108482216,53.84151845063441,50.04166762034098,0.2502316891586417,36.75,3
2025-09-11,1040.0,206.0,1255.0,11.974444389343262,12.010555267333984,2.6127777099609375,3.0,3.0,5.0,360.9599914550781,2025,9,2025-09,1255.0,1246.0,2501.0,1461.0,23.984999656677246,6.0,26.597777366638184,11.0,0.2876175230717754,0.24706364918212054,49.89351828893025,0.2505335448106361,50.043980280558266,0.24978029185372694,10.886573791503906,1.9136721738470253,41.583366653338665,8.236705317872852,50.17992802878849,78.84329356249745,52.324370146514354,50.043980280558266,0.2501563512980766,43.333333333333336,3
2025-09-12,972.0,319.0,1300.0,11.963333129882812,12.01111125946045,4.033888816833496,3.0,3.0,7.0,405.9519958496094,2025,9,2025-09,1300.0,1291.0,2591.0,1619.0,23.97444438934326,6.0,28.008333206176758,13.0,0.31227076603816106,0.2507424310374363,49.84722137451172,0.2507662344122475,50.04629691441854,0.24976872957005336,16.807870070139565,1.7352981992931646,37.514473176379774,12.311848707062909,50.17367811655732,79.08001793921707,54.224405741717845,50.04629691441854,0.2502664880386978,40.5,3
2025-09-13,916.0,387.0,1298.0,11.96833324432373,12.01111125946045,4.806666851043701,3.0,3.0,8.0,422.3999938964844,2025,9,2025-09,1298.0,1303.0,2601.0,1685.0,23.97944450378418,6.0,28.78611135482788,14.0,0.3254237241113131,0.2506824889593379,49.868055184682206,0.25066146962634267,50.04629691441854,0.24976872957005336,20.02777854601542,1.6643549985709767,35.217224144559786,14.878892733564014,49.903883121876206,80.513173055871,54.12969428024755,50.04629691441854,0.2502143032985249,38.166666666666664,3
2025-09-14,900.0,376.0,1290.0,11.800555229187012,12.172222137451172,4.691111087799072,3.0,4.0,8.0,417.8559875488281,2025,9,2025-09,1290.0,1276.0,2566.0,1666.0,23.972777366638184,7.0,28.663888454437256,15.0,0.32391937019289,0.25081391809653547,49.16898012161255,0.25422532598974007,50.71759223937988,0.32861707211971636,19.546296199162803,1.705352921785819,35.074045206547154,14.65315666406859,50.272798129384256,80.1515873239335,53.81103658832764,50.71759223937988,0.2919978729599174,37.5,3
2025-09-15,1025.0,265.0,1287.0,11.960556030273438,12.01111125946045,3.26111102104187,3.0,3.0,6.0,384.447998046875,2025,9,2025-09,1287.0,1290.0,2577.0,1552.0,23.971667289733887,6.0,27.232778310775757,12.0,0.2987163931988151,0.24771133894772873,49.83565012613933,0.25082445936515674,50.04629691441854,0.24976872957005336,13.58796258767446,1.839863764614521,39.77493209157936,10.283275126115639,49.94179278230501,81.26064960380802,53.68838072231926,50.04629691441854,0.2502954812229336,42.708333333333336,3
2025-09-16,1012.0,263.0,1270.0,11.965555191040039,12.01111125946045,3.1988887786865234,3.0,3.0,6.0,379.20001220703125,2025,9,2025-09,1270.0,1275.0,2545.0,1533.0,23.97666645050049,6.0,27.17555522918701,12.0,0.29858268677718997,0.24735812929356246,49.856479962666825,0.2507196659162492,50.04629691441854,0.24976872957005336,13.328703244527182,1.8756513324178854,39.76424361493124,10.333988212180746,49.90176817288802,82.21605007098398,52.96816396982868,50.04629691441854,0.2502432943456473,42.166666666666664,3
2025-09-17,1012.0,291.0,1300.0,11.976666450500488,12.010000228881836,3.5588889122009277,3.0,3.0,7.0,394.3680114746094,2025,9,2025-09,1300.0,1303.0,2603.0,1591.0,23.986666679382324,6.0,27.545555591583252,13.0,0.3033600088266226,0.2478743001097482,49.90277687708537,0.25048706268968807,50.04166762034098,0.24979183537278818,14.828703800837198,1.966906012717037,38.87821744141375,11.179408374951977,49.94237418363427,81.76709281437968,54.19677595792881,50.04166762034098,0.25013896595967144,42.166666666666664,3
2025-09-18,1000.0,308.0,1308.0,11.95555591583252,12.011666297912598,3.790555477142334,3.0,3.0,7.0,401.5360107421875,2025,9,2025-09,1308.0,1308.0,2616.0,1616.0,23.967222213745117,6.0,27.75777769088745,13.0,0.3069847176928039,0.24847525417214572,49.81481631596883,0.2509293604680612,50.048609574635826,0.2497571881864004,15.793981154759726,1.8466950404000517,38.226299694189606,11.773700305810397,50.0,81.25458177760228,54.574534684702286,50.048609574635826,0.25034190222340497,41.666666666666664,3
2025-09-19,1065.0,258.0,1340.0,11.972222328186035,12.01111125946045,3.1888887882232666,3.0,3.0,6.0,389.760009765625,2025,9,2025-09,1340.0,1323.0,2663.0,1598.0,23.983333587646484,6.0,27.17222237586975,12.0,0.2908656789295709,0.24390488721253129,49.88425970077515,0.250580044185877,50.04629691441854,0.24976872957005336,13.287036617596945,1.8815331604408139,39.99248967330079,9.688321441982726,50.31918888471648,80.90592589895499,55.87213283353642,50.04629691441854,0.250173729105387,44.375,3
2025-09-20,1017.0,322.0,1343.0,11.972222328186035,12.010555267333984,4.009444236755371,3.0,3.0,7.0,411.3919982910156,2025,9,2025-09,1343.0,1339.0,2682.0,1665.0,23.98277759552002,6.0,27.99222183227539,13.0,0.30632315583843306,0.24708228125586523,49.88425970077515,0.250580044185877,50.043980280558266,0.24978029185372694,16.706017653147377,1.7458778789912104,37.919463087248324,12.005965697240866,50.07457121551081,80.31038243359568,55.998517880217186,50.043980280558266,0.2501795288766218,42.375,3
2025-09-21,1023.0,379.0,1395.0,11.975555419921875,12.01111125946045,4.735000133514404,3.0,3.0,8.0,438.52801513671875,2025,9,2025-09,1395.0,1402.0,2797.0,1774.0,23.986666679382324,6.0,28.72166681289673,14.0,0.31435700009800627,0.2471973027828178,49.89814758300781,0.25051030159397575,50.04629691441854,0.24976872957005336,19.729167222976685,1.6895458868893953,36.57490168037183,13.55023239184841,49.874865927779766,80.0422363913851,58.15730958562361,50.04629691441854,0.25013896595967144,42.625,3
2025-09-22,1043.0,266.0,1321.0,11.975555419921875,12.01111125946045,3.299999952316284,3.0,3.0,6.0,388.7359924316406,2025,9,2025-09,1321.0,1309.0,2630.0,1587.0,23.986666679382324,6.0,27.28666663169861,12.0,0.29427402909283923,0.24495021577293044,49.89814758300781,0.25051030159397575,50.04629691441854,0.24976872957005336,13.74999980131785,1.8181818444538382,39.657794676806084,10.114068441064639,50.228136882129284,80.60606177078684,55.07226233878766,50.04629691441854,0.25013896595967144,43.458333333333336,3
2025-09-23,1020.0,298.0,1312.0,11.96833324432373,12.010555267333984,3.6938889026641846,4.0,3.0,7.0,398.656005859375,2025,9,2025-09,1312.0,1318.0,2630.0,1610.0,23.978888511657715,7.0,27.6727774143219,14.0,0.3038536630025724,0.2476124259996118,49.868055184682206,0.3342152928351236,50.043980280558266,0.24978029185372694,15.391203761100769,1.8950218007237067,38.78326996197718,11.330798479087452,49.88593155893536,80.67378523080923,54.71479628266133,50.043980280558266,0.2919234557763943,42.5,3
2025-09-24,1056.0,226.0,1286.0,11.967222213745117,12.010000228881836,2.7699999809265137,3.0,3.0,5.0,371.45599365234375,2025,9,2025-09,1286.0,1282.0,2568.0,1512.0,23.977222442626953,6.0,26.747222423553467,11.0,0.2888460292786499,0.24567195347377233,49.86342589060466,0.2506847409045609,50.04166762034098,0.24979183537278818,11.541666587193806,1.8050541640536737,41.1214953271028,8.800623052959502,50.07788161993769,81.58844821522605,53.63423570337054,50.04166762034098,0.25023749161759196,44.0,3
2025-09-25,1054.0,208.0,1269.0,11.976666450500488,12.01111125946045,2.5188889503479004,3.0,3.0,5.0,361.66400146484375,2025,9,2025-09,1269.0,1262.0,2531.0,1477.0,23.987777709960938,6.0,26.506666660308838,11.0,0.28499921313226456,0.24486391432961663,49.90277687708537,0.25048706268968807,50.04629691441854,0.24976872957005336,10.495370626449585,1.985002157125433,41.64361912287634,8.218095614381667,50.138285262742,82.57608973641801,52.90194095274808,50.04629691441854,0.2501273803912439,43.916666666666664,3
2025-09-26,1088.0,161.0,1234.0,11.973889350891113,12.01111125946045,1.8922221660614014,3.0,3.0,4.0,340.864013671875,2025,9,2025-09,1234.0,1249.0,2483.0,1395.0,23.985000610351562,6.0,25.877222776412964,10.0,0.2762269154553282,0.24434696320564517,49.89120562871297,0.25054515805900074,50.04629691441854,0.24976872957005336,7.884259025255839,2.1139166804740848,43.81796214256947,6.484091824405961,49.697946033024564,85.08514638908191,51.44882087130006,50.04629691441854,0.25015634135153997,45.333333333333336,3
2025-09-27,1062.0,211.0,1271.0,11.974444389343262,12.012222290039062,2.5005555152893066,3.0,3.0,5.0,362.9440002441406,2025,9,2025-09,1271.0,1273.0,2544.0,1482.0,23.986666679382324,6.0,26.48722219467163,11.0,0.2855578286735961,0.24490148464516912,49.89351828893025,0.2505335448106361,50.050926208496094,0.2497456280415074,10.418981313705444,1.9995556864977322,41.74528301886792,8.294025157232705,49.960691823899374,84.3812499702043,52.987770955790396,50.050926208496094,0.25013896595967144,44.25,3
2025-09-28,1133.0,47.0,1179.0,13.087778091430664,10.889444351196289,0.45722222328186035,3.0,3.0,2.0,293.760009765625,2025,9,2025-09,1179.0,1180.0,2359.0,1226.0,23.977222442626953,6.0,24.434444665908813,8.0,0.2491603136264843,0.239608490836562,54.532408714294434,0.22922149038913459,45.3726847966512,0.2754961505148265,1.9050925970077515,4.37424057309453,48.028825773632896,1.9923696481559985,49.978804578211104,102.79465346772146,49.17166710285682,54.532408714294434,0.25023749161759196,47.208333333333336,3
2025-09-29,1134.0,57.0,1190.0,11.131667137145996,11.35777759552002,0.5555555820465088,12.0,11.0,1.0,288.0,2025,9,2025-09,1190.0,1191.0,2381.0,1247.0,22.489444732666016,23.0,23.045000314712524,24.0,0.24201680672268908,0.2309542902967121,46.38194640477498,1.0780056439126182,47.32407331466675,0.9684993307439704,2.3148149251937866,1.7999999141693157,47.62704745905082,2.393952120957581,49.9790004199916,102.59999510765098,52.91371192777916,47.32407331466675,1.0227019952427905,47.25,3
2025-09-30,1144.0,84.0,1224.0,11.970555305480957,12.010000228881836,0.8688889145851135,3.0,3.0,2.0,315.20001220703125,2025,9,2025-09,1224.0,1228.0,2452.0,1308.0,23.980555534362793,6.0,24.849444448947906,8.0,0.2575163498423458,0.24097860260476395,49.877313772837326,0.25061494002925583,50.04166762034098,0.24979183537278818,3.620370477437973,2.301790213257562,46.6557911908646,3.4257748776508974,49.9184339314845,96.6751889568176,51.04135299309795,50.04166762034098,0.2502027107504802,47.666666666666664,3
2025-10-01,1188.0,19.0,1196.0,11.976666450500488,12.010000228881836,0.0,3.0,3.0,0.0,288.8320007324219,2025,10,2025-10,1196.0,1207.0,2403.0,1215.0,23.986666679382324,6.0,23.986666679382324,6.0,0.2414983283715902,0.23772181130240483,49.90277687708537,0.25048706268968807,50.04166762034098,0.24979183537278818,0.0,,49.43820224719101,0.7906783187682065,49.771119434040784,,49.8610338812945,50.04166762034098,0.25013896595967144,49.5,2
2025-10-02,1104.0,19.0,1116.0,12.888333320617676,10.509444236755371,0.0,3.0,6.0,0.0,268.99200439453125,2025,10,2025-10,1116.0,1123.0,2239.0,1135.0,23.397777557373047,9.0,23.397777557373047,9.0,0.24103226200226816,0.23699736070002753,53.70138883590698,0.23276865405093547,43.78935098648071,0.5709150612375681,0.0,,49.307726663689145,0.8485931219294328,49.84368021438142,,47.6968377557863,53.70138883590698,0.38465191738537335,46.0,2
2025-10-03,1142.0,14.0,1154.0,12.172222137451172,11.812777519226074,0.0,3.0,3.0,0.0,279.9360046386719,2025,10,2025-10,1154.0,1156.0,2310.0,1168.0,23.984999656677246,6.0,23.984999656677246,6.0,0.24257886017215935,0.23967123684817798,50.71759223937988,0.2464628040897873,49.21990633010864,0.2539622874567224,0.0,,49.43722943722943,0.6060606060606061,49.95670995670996,,48.1134048996634,50.71759223937988,0.2501563512980766,47.583333333333336,2
2025-10-04,1160.0,50.0,1205.0,12.008333206176758,11.975555419921875,0.4116666615009308,3.0,3.0,1.0,299.8399963378906,2025,10,2025-10,1205.0,1210.0,2415.0,1255.0,23.983888626098633,6.0,24.395555287599564,7.0,0.24882987247957727,0.23891633174333915,50.03472169240316,0.24982651201391398,49.89814758300781,0.25051030159397575,1.7152777562538783,2.4291498280526636,48.033126293995856,2.070393374741201,49.896480331262936,121.45749140263317,50.2420611930607,50.03472169240316,0.2501679395505097,48.333333333333336,3
2025-10-05,1170.0,48.0,1215.0,12.008333206176758,11.976666450500488,0.4216666519641876,3.0,3.0,1.0,302.0799865722656,2025,10,2025-10,1215.0,1218.0,2433.0,1263.0,23.984999656677246,6.0,24.406666308641434,7.0,0.24862550335165895,0.23917655310551514,50.03472169240316,0.24982651201391398,49.90277687708537,0.25048706268968807,1.7569443831841152,2.3715415846661037,48.088779284833535,1.972872996300863,49.9383477188656,113.83399606397299,50.65666113786051,50.03472169240316,0.2501563512980766,48.75,3
2025-10-06,1156.0,21.0,1167.0,12.008333206176758,11.97611141204834,0.0,3.0,3.0,0.0,282.4320068359375,2025,10,2025-10,1167.0,1177.0,2344.0,1188.0,23.984444618225098,6.0,23.984444618225098,6.0,0.24201543002222578,0.23773737949152987,50.03472169240316,0.24982651201391398,49.90046421686809,0.2504986716290821,0.0,,49.31740614334471,0.8959044368600683,49.78668941979522,,48.656536291577495,50.03472169240316,0.2501621403165938,48.166666666666664,2
2025-10-07,1172.0,22.0,1186.0,12.008333206176758,11.976666450500488,0.0,3.0,3.0,0.0,287.2959899902344,2025,10,2025-10,1186.0,1194.0,2380.0,1208.0,23.984999656677246,6.0,23.984999656677246,6.0,0.24223945193105764,0.2378278062833066,50.03472169240316,0.24982651201391398,49.90277687708537,0.25048706268968807,0.0,,49.2436974789916,0.9243697478991597,49.831932773109244,,49.44757210658648,50.03472169240316,0.2501563512980766,48.833333333333336,2
2025-10-08,1174.0,22.0,1186.0,13.275555610656738,10.6899995803833,0.0,4.0,4.0,0.0,286.4639892578125,2025,10,2025-10,1186.0,1196.0,2382.0,1208.0,23.96555519104004,8.0,23.96555519104004,8.0,0.24153793360692455,0.2371390639551428,55.314815044403076,0.30130565660009473,44.54166491826375,0.37418149270465884,0.0,,49.2863140218304,0.9235936188077246,49.79009235936188,,49.48769141986779,55.314815044403076,0.3338124210446394,48.916666666666664,2
2025-10-09,1186.0,10.0,1200.0,11.970000267028809,12.01111125946045,0.0,3.0,3.0,0.0,289.9840087890625,2025,10,2025-10,1200.0,1196.0,2396.0,1210.0,23.981111526489258,6.0,23.981111526489258,6.0,0.2416533406575521,0.23965620561079545,49.87500111262004,0.2506265608250199,50.04629691441854,0.24976872957005336,0.0,,49.4991652754591,0.41736227045075125,50.08347245409015,,50.039381980876655,50.04629691441854,0.25019690990438326,49.416666666666664,2
2025-10-10,1186.0,14.0,1197.0,11.970000267028809,12.011666297912598,0.0,3.0,3.0,0.0,289.343994140625,2025,10,2025-10,1197.0,1200.0,2397.0,1211.0,23.981666564941406,6.0,23.981666564941406,6.0,0.24172430588189223,0.2389298052358588,49.87500111262004,0.2506265608250199,50.048609574635826,0.2497571881864004,0.0,,49.47851481017939,0.5840634125990822,49.93742177722152,,49.91312829567417,50.048609574635826,0.25019111927656223,49.416666666666664,2
2025-10-11,1142.0,86.0,1224.0,11.970555305480957,12.010555267333984,0.8833333253860474,3.0,3.0,2.0,316.2879943847656,2025,10,2025-10,1224.0,1228.0,2452.0,1310.0,23.98111057281494,6.0,24.86444389820099,8.0,0.25840522417056017,0.24144121708760735,49.877313772837326,0.25061494002925583,50.043980280558266,0.24978029185372694,3.680555522441864,2.2641509637666286,46.574225122349105,3.507340946166395,49.9184339314845,97.35849144196503,51.040171650245846,50.043980280558266,0.25019691985414627,47.583333333333336,3
2025-10-12,1119.0,114.0,1239.0,11.806111335754395,12.171667098999023,1.3394443988800049,3.0,4.0,3.0,330.239990234375,2025,10,2025-10,1239.0,1233.0,2472.0,1353.0,23.977778434753418,7.0,25.317222833633423,10.0,0.26653752238448347,0.24407981539865115,49.19213056564331,0.2541056843089905,50.7152795791626,0.3286320573398654,5.581018328666687,2.2397346261692475,45.26699029126214,4.611650485436893,50.12135922330098,85.1099157944314,51.67284381125951,50.7152795791626,0.291936970685082,46.625,3
2025-10-13,1132.0,147.0,1284.0,11.973333358764648,12.010555267333984,1.788888931274414,3.0,3.0,4.0,347.7760009765625,2025,10,2025-10,1284.0,1279.0,2563.0,1431.0,23.983888626098633,6.0,25.772777557373047,10.0,0.2708535833150798,0.243030049599275,49.88888899485271,0.2505567923408695,50.043980280558266,0.24978029185372694,7.453703880310059,2.2360247917406357,44.16699180647679,5.73546625048771,50.09754194303551,82.17391109646836,53.535939063809074,50.043980280558266,0.2501679395505097,47.166666666666664,3
2025-10-14,1179.0,113.0,1296.0,11.97166633605957,12.010000228881836,1.3633333444595337,3.0,3.0,3.0,336.32000732421875,2025,10,2025-10,1296.0,1292.0,2588.0,1409.0,23.981666564941406,6.0,25.34499990940094,9.0,0.2595061784909095,0.23869411449554206,49.88194306691487,0.25059168170798174,50.04166762034098,0.24979183537278818,5.680555601914724,2.200488979596762,45.5564142194745,4.366306027820711,50.0772797527048,82.8850848981447,54.041281763737445,50.04166762034098,0.25019111927656223,49.125,3
2025-10-15,1131.0,143.0,1280.0,11.974444389343262,12.01111125946045,1.758888840675354,3.0,3.0,4.0,346.9440002441406,2025,10,2025-10,1280.0,1274.0,2554.0,1423.0,23.98555564880371,6.0,25.744444489479065,10.0,0.2710500001907349,0.24381166566699974,49.89351828893025,0.2505335448106361,50.04629691441854,0.24976872957005336,7.328703502813975,2.2741630440182536,44.28347689898199,5.599060297572436,50.11746280344558,81.30132882365257,53.36545122163307,50.04629691441854,0.250150552601405,47.125,3
2025-10-16,1148.0,7.0,1158.0,11.954999923706055,12.010000228881836,0.0,3.0,3.0,0.0,279.552001953125,2025,10,2025-10,1158.0,1155.0,2313.0,1165.0,23.96500015258789,6.0,23.96500015258789,6.0,0.24140932811150692,0.23995879995976394,49.812499682108566,0.2509410304596638,50.04166762034098,0.24979183537278818,0.0,,49.63251188932123,0.3026372676178124,50.06485084306096,,48.32046704055422,50.04166762034098,0.2503651141997628,47.833333333333336,2
2025-10-17,1108.0,13.0,1120.0,11.975555419921875,12.01111125946045,0.0,3.0,3.0,0.0,275.7120056152344,2025,10,2025-10,1120.0,1121.0,2241.0,1133.0,23.986666679382324,6.0,23.986666679382324,6.0,0.24617143358503069,0.24334687168158373,49.89814758300781,0.25051030159397575,50.04629691441854,0.24976872957005336,0.0,,49.442213297634986,0.5800981704596163,49.9776885319054,,46.69260697913867,50.04629691441854,0.25013896595967144,46.166666666666664,2
2025-10-18,1111.0,87.0,1197.0,11.967778205871582,12.010000228881836,0.9283333420753479,3.0,3.0,2.0,313.6000061035156,2025,10,2025-10,1197.0,1198.0,2395.0,1284.0,23.977778434753418,6.0,24.906111776828766,8.0,0.2619883091925778,0.24423676487812743,49.86574252446492,0.2506730947376809,50.04166762034098,0.24979183537278818,3.868055591980616,2.1543985434465527,46.38830897703549,3.632567849686848,49.979123173277664,93.71633663992505,49.921221987149025,50.04166762034098,0.2502316891586417,46.291666666666664,3
2025-10-19,1146.0,16.0,1157.0,11.97611141204834,12.010555267333984,0.0,3.0,3.0,0.0,283.7120056152344,2025,10,2025-10,1157.0,1162.0,2319.0,1173.0,23.986666679382324,6.0,23.986666679382324,6.0,0.24521348799933826,0.24186871748954336,49.90046421686809,0.2504986716290821,50.043980280558266,0.24978029185372694,0.0,,49.417852522639066,0.689952565761104,49.89219491159983,,48.23513060255664,50.043980280558266,0.25013896595967144,47.75,2
2025-10-20,1128.0,45.0,1174.0,11.968889236450195,12.010555267333984,0.41999998688697815,3.0,3.0,1.0,297.21600341796875,2025,10,2025-10,1174.0,1173.0,2347.0,1219.0,23.97944450378418,6.0,24.399444490671158,7.0,0.2531652499301267,0.24381952700407608,49.87037181854248,0.25064982562155935,50.043980280558266,0.24978029185372694,1.7499999453624089,2.380952455289242,48.06135492117597,1.9173412867490414,50.02130379207499,107.14286048801588,48.9585986787447,50.043980280558266,0.2502143032985249,47.0,3
2025-10-21,1169.0,8.0,1181.0,11.97166633605957,12.010000228881836,0.0,3.0,3.0,0.0,287.4880065917969,2025,10,2025-10,1181.0,1177.0,2358.0,1189.0,23.981666564941406,6.0,23.981666564941406,6.0,0.24342760930719465,0.24178974482068702,49.88194306691487,0.25059168170798174,50.04166762034098,0.24979183537278818,0.0,,49.57591178965225,0.33927056827820185,50.084817642069545,,49.24595197760333,50.04166762034098,0.25019111927656223,48.708333333333336,2
2025-10-22,1140.0,10.0,1151.0,11.957221984863281,12.010000228881836,0.0,3.0,3.0,0.0,281.6000061035156,2025,10,2025-10,1151.0,1150.0,2301.0,1161.0,23.967222213745117,6.0,23.967222213745117,6.0,0.24465682545917952,0.2425495315275759,49.82175827026367,0.25089439702614186,50.04166762034098,0.24979183537278818,0.0,,49.54367666232073,0.43459365493263796,50.02172968274663,,48.023921576523186,50.04166762034098,0.25034190222340497,47.5,2
2025-10-23,1148.0,11.0,1160.0,11.972777366638184,12.010555267333984,0.0,3.0,3.0,0.0,284.2879943847656,2025,10,2025-10,1160.0,1159.0,2319.0,1171.0,23.983332633972168,6.0,23.983332633972168,6.0,0.24507585722824624,0.24277369289903128,49.88657236099243,0.25056842770328447,50.043980280558266,0.24978029185372694,0.0,,49.50409659335921,0.4743423889607589,50.021561017680035,,48.36692288363923,50.043980280558266,0.25017373905330637,47.833333333333336,2
2025-10-24,1125.0,44.0,1170.0,11.970555305480957,12.010000228881836,0.4050000011920929,3.0,3.0,1.0,294.97601318359375,2025,10,2025-10,1170.0,1169.0,2339.0,1214.0,23.980555534362793,6.0,24.385555535554886,7.0,0.2521162505842682,0.24297859405567854,49.877313772837326,0.25061494002925583,50.04166762034098,0.24979183537278818,1.6875000049670537,2.4691357952013844,48.097477554510476,1.881145788798632,50.0213766566909,108.64197498886092,48.78952859634363,50.04166762034098,0.2502027107504802,46.875,3
2025-10-25,1077.0,117.0,1196.0,11.970555305480957,12.011666297912598,1.3577778339385986,3.0,3.0,4.0,321.4079895019531,2025,10,2025-10,1196.0,1194.0,2390.0,1313.0,23.982221603393555,6.0,25.339999437332153,10.0,0.2687357771755461,0.24478902475396278,49.877313772837326,0.25061494002925583,50.048609574635826,0.2497571881864004,5.657407641410828,2.945990058179789,45.062761506276146,4.895397489539749,50.04184100418409,86.17020920175882,49.87027556407712,50.048609574635826,0.25018532891677486,44.875,3
2025-10-26,1171.0,8.0,1182.0,12.970555305480957,12.010000228881836,0.0,3.0,3.0,0.0,289.9840087890625,2025,10,2025-10,1182.0,1179.0,2361.0,1190.0,24.980555534362793,6.0,24.980555534362793,6.0,0.24533334076908841,0.24368404099921218,54.04398043950399,0.2312931042152291,50.04166762034098,0.24979183537278818,0.0,,49.59762812367641,0.33883947479881404,50.06353240152478,,47.3168019972199,54.04398043950399,0.24018681216862892,48.791666666666664,2
2025-10-27,1119.0,41.0,1165.0,11.970555305480957,12.01111125946045,0.4194444417953491,3.0,3.0,1.0,294.78399658203125,2025,10,2025-10,1165.0,1160.0,2325.0,1206.0,23.981666564941406,6.0,24.401111006736755,7.0,0.25303347346097105,0.2444311746119662,49.877313772837326,0.25061494002925583,50.04629691441854,0.24976872957005336,1.747685174147288,2.3841059753222558,48.12903225806451,1.7634408602150538,50.10752688172043,97.7483449882125,48.5787756595325,50.04629691441854,0.25019111927656223,46.625,3
2025-10-28,1107.0,83.0,1190.0,11.970555305480957,12.01111125946045,0.9122222065925598,3.0,3.0,2.0,311.1679992675781,2025,10,2025-10,1190.0,1190.0,2380.0,1273.0,23.981666564941406,6.0,24.893888771533966,8.0,0.2614857136702337,0.24443676297531666,49.877313772837326,0.25061494002925583,50.04629691441854,0.24976872957005336,3.8009258608023324,2.1924482714257048,46.51260504201681,3.4873949579831933,50.0,90.98660326416675,49.62123865651818,50.04629691441854,0.25019111927656223,46.125,3
2025-10-29,1174.0,9.0,1190.0,11.973333358764648,12.010000228881836,0.0,3.0,3.0,0.0,288.89599609375,2025,10,2025-10,1190.0,1183.0,2373.0,1199.0,23.983333587646484,6.0,23.983333587646484,6.0,0.24276974461659664,0.24094745295558798,49.88888899485271,0.2505567923408695,50.04166762034098,0.24979183537278818,0.0,,49.473240623683104,0.37926675094816686,50.14749262536873,,49.61778960590175,50.04166762034098,0.250173729105387,48.916666666666664,2
2025-10-30,1178.0,7.0,1186.0,11.973889350891113,12.010000228881836,0.0,3.0,3.0,0.0,288.447998046875,2025,10,2025-10,1186.0,1185.0,2371.0,1193.0,23.98388957977295,6.0,23.98388957977295,6.0,0.24321079093328415,0.24178373683727997,49.89120562871297,0.25054515805900074,50.04166762034098,0.24979183537278818,0.0,,49.683677773091524,0.2952340784479123,50.02108814846057,,49.44986075153652,50.04166762034098,0.2501679296030515,49.083333333333336,2
2025-10-31,935.0,198.0,1161.0,11.973889350891113,12.010000228881836,2.452777862548828,3.0,3.0,5.0,340.864013671875,2025,10,2025-10,1161.0,1133.0,2294.0,1359.0,23.98388957977295,6.0,26.436667442321777,11.0,0.29359518834786824,0.2508197304428808,49.89120562871297,0.25054515805900074,50.04166762034098,0.24979183537278818,10.219907760620117,2.0385050258094717,40.75850043591979,8.63121185701831,50.61028770706189,80.72479902205508,48.40749437819047,50.04166762034098,0.2501679296030515,38.958333333333336,3
2025-11-01,1006.0,202.0,1188.0,11.967778205871582,12.010555267333984,2.478888988494873,3.0,3.0,5.0,347.7760009765625,2025,11,2025-11,1188.0,1208.0,2396.0,1390.0,23.978333473205566,6.0,26.45722246170044,11.0,0.29274074156276303,0.2501985618536421,49.86574252446492,0.2506730947376809,50.043980280558266,0.24978029185372694,10.328704118728638,2.017032639705213,41.98664440734557,8.430717863105174,49.58263772954925,81.48811864409062,49.54472759032745,50.043980280558266,0.2502258969208457,41.916666666666664,3
2025-11-02,1133.0,38.0,1178.0,11.975000381469727,12.010000228881836,0.4188888967037201,3.0,3.0,1.0,297.66400146484375,2025,11,2025-11,1178.0,1171.0,2349.0,1216.0,23.985000610351562,6.0,24.403889507055283,7.0,0.2526859095626857,0.24478947488885178,49.89583492279053,0.2505219126875553,50.04166762034098,0.24979183537278818,1.745370402932167,2.387267859972186,48.23329076202639,1.6177096636866752,50.14899957428693,90.71617867894307,49.11402835201901,50.04166762034098,0.25015634135153997,47.208333333333336,3
2025-11-03,1136.0,4.0,1147.0,11.969444274902344,12.01111125946045,0.0,3.0,3.0,0.0,279.87200927734375,2025,11,2025-11,1147.0,1140.0,2287.0,1151.0,23.980555534362793,6.0,23.980555534362793,6.0,0.24400349544668157,0.24315552500203627,49.872684478759766,0.2506382026683086,50.04629691441854,0.24976872957005336,0.0,,49.67205946655007,0.17490161783996502,50.15303891560997,,47.830418205133455,50.04629691441854,0.2502027107504802,47.333333333333336,2
2025-11-04,1152.0,7.0,1164.0,11.97611141204834,12.011666297912598,0.0,3.0,3.0,0.0,283.45599365234375,2025,11,2025-11,1164.0,1159.0,2323.0,1171.0,23.987777709960938,6.0,23.987777709960938,6.0,0.24351889489032968,0.2420631884306949,49.90046421686809,0.2504986716290821,50.048609574635826,0.2497571881864004,0.0,,49.591046061127855,0.30133448127421436,50.10761945759793,,48.52471179590131,50.048609574635826,0.2501273803912439,48.0,2
2025-11-05,1178.0,5.0,1190.0,9.536110877990723,14.436666488647461,0.0,3.0,5.0,0.0,289.66400146484375,2025,11,2025-11,1190.0,1183.0,2373.0,1195.0,23.972777366638184,8.0,23.972777366638184,8.0,0.24341512728138132,0.24239665394547594,39.73379532496135,0.3145936575594962,60.15277703603109,0.3463403413753336,0.0,,49.64180362410451,0.21070375052675938,50.14749262536873,,49.63963840318596,60.15277703603109,0.3337118548113342,49.083333333333336,2
2025-11-06,1170.0,11.0,1183.0,12.008333206176758,11.973889350891113,0.0,3.0,3.0,0.0,289.7279968261719,2025,11,2025-11,1183.0,1181.0,2364.0,1194.0,23.98222255706787,6.0,23.98222255706787,6.0,0.24490954930361106,0.24265326367351078,50.03472169240316,0.24982651201391398,49.89120562871297,0.25054515805900074,0.0,,49.49238578680203,0.4653130287648054,50.04230118443317,,49.328205389844264,50.03472169240316,0.2501853189679337,48.75,2
2025-11-07,1189.0,10.0,1202.0,12.008333206176758,11.973889350891113,0.0,3.0,3.0,0.0,291.9679870605469,2025,11,2025-11,1202.0,1199.0,2401.0,1212.0,23.98222255706787,6.0,23.98222255706787,6.0,0.24290181951792586,0.24089767909286045,50.03472169240316,0.24982651201391398,49.89120562871297,0.25054515805900074,0.0,,49.5210329029571,0.41649312786339027,50.06247396917951,,50.12045889990939,50.03472169240316,0.2501853189679337,49.541666666666664,2
2025-11-08,1178.0,10.0,1191.0,12.008333206176758,11.973889350891113,0.0,3.0,3.0,0.0,287.2959899902344,2025,11,2025-11,1191.0,1188.0,2379.0,1201.0,23.98222255706787,6.0,23.98222255706787,6.0,0.24122249369457127,0.23921398000852154,50.03472169240316,0.24982651201391398,49.89120562871297,0.25054515805900074,0.0,,49.516603614964275,0.4203446826397646,50.06305170239597,,49.66178581513484,50.03472169240316,0.2501853189679337,49.083333333333336,2
2025-11-09,1161.0,48.0,1206.0,12.522777557373047,11.141111373901367,0.43666666746139526,4.0,4.0,1.0,299.135986328125,2025,11,2025-11,1206.0,1209.0,2415.0,1254.0,23.663888931274414,8.0,24.10055559873581,9.0,0.24803978965847845,0.2385454436428429,52.178239822387695,0.3194179551360725,46.42129739125569,0.3590306088645885,1.8194444477558136,2.2900763317099484,48.07453416149068,1.9875776397515528,49.93788819875776,109.92366392207752,50.96372804582172,52.178239822387695,0.3380678477334774,48.375,3
2025-11-10,1175.0,12.0,1190.0,12.008333206176758,11.975000381469727,0.0,3.0,3.0,0.0,287.9360046386719,2025,11,2025-11,1190.0,1187.0,2377.0,1202.0,23.983333587646484,6.0,23.983333587646484,6.0,0.24196302910812761,0.23954742482418626,50.03472169240316,0.24982651201391398,49.89583492279053,0.2505219126875553,0.0,,49.43205721497686,0.5048380311316786,50.063104753891466,,49.61778960590175,50.03472169240316,0.250173729105387,48.958333333333336,2
2025-11-11,1137.0,76.0,1214.0,12.008333206176758,11.973889350891113,0.8500000238418579,3.0,3.0,2.0,313.2799987792969,2025,11,2025-11,1214.0,1213.0,2427.0,1290.0,23.98222255706787,6.0,24.83222258090973,8.0,0.25805601217405016,0.24285271223201307,50.03472169240316,0.24982651201391398,49.89120562871297,0.25054515805900074,3.5416667660077414,2.3529411104723676,46.84796044499382,3.1314379892871855,50.02060156571899,89.41176219794997,50.62082953784525,50.03472169240316,0.2501853189679337,47.375,3
2025-11-12,1177.0,5.0,1191.0,12.008333206176758,11.976666450500488,0.0,3.0,3.0,0.0,289.2799987792969,2025,11,2025-11,1191.0,1182.0,2373.0,1196.0,23.984999656677246,6.0,23.984999656677246,6.0,0.24288832811024086,0.24187290867834188,50.03472169240316,0.24982651201391398,49.90277687708537,0.25048706268968807,0.0,,49.59966287399916,0.21070375052675938,50.18963337547409,,49.65603573266821,50.03472169240316,0.2501563512980766,49.041666666666664,2
2025-11-13,1092.0,42.0,1142.0,8.01388931274414,13.767777442932129,0.47333332896232605,13.0,12.0,2.0,271.42401123046875,2025,11,2025-11,1142.0,1134.0,2276.0,1184.0,21.78166675567627,25.0,22.255000084638596,27.0,0.2376742655258045,0.22924325272843643,33.39120546976726,1.6221836230413944,57.36573934555054,0.8716003762946036,1.972222204009692,4.225352151695166,47.97891036906854,1.845342706502636,50.17574692442882,88.73239518559848,52.42941290075501,57.36573934555054,1.1477542228711692,45.5,3
2025-11-14,1134.0,41.0,1182.0,12.006667137145996,11.977222442626953,0.4300000071525574,3.0,3.0,1.0,298.0480041503906,2025,11,2025-11,1182.0,1175.0,2357.0,1223.0,23.98388957977295,6.0,24.413889586925507,7.0,0.25215567187004284,0.2437023746119302,50.027779738108315,0.24986117843799113,49.90509351094563,0.250475434882381,1.7916666964689891,2.3255813566654555,48.1120067882902,1.7394993635977938,50.14849384811201,95.34883562328368,49.28308213180115,50.027779738108315,0.2501679296030515,47.25,3
2025-11-15,1135.0,78.0,1217.0,12.006667137145996,11.96833324432373,0.8655555844306946,3.0,3.0,2.0,314.11199951171875,2025,11,2025-11,1217.0,1213.0,2430.0,1295.0,23.975000381469727,6.0,24.84055596590042,8.0,0.25810353287733667,0.2425575285804778,50.027779738108315,0.24986117843799113,49.868055184682206,0.25066146962634267,3.606481601794561,2.3106546084102364,46.70781893004115,3.2098765432098766,50.08230452674896,90.11552972799923,50.761208785657374,50.027779738108315,0.2502606842349583,47.291666666666664,3
2025-11-16,1141.0,78.0,1224.0,12.006667137145996,11.978333473205566,0.8755555748939514,3.0,3.0,2.0,316.35198974609375,2025,11,2025-11,1224.0,1219.0,2443.0,1302.0,23.985000610351562,6.0,24.860556185245514,8.0,0.2584575079624949,0.242973878453221,50.027779738108315,0.24986117843799113,49.90972280502319,0.2504522024462522,3.6481482287247977,2.284263908938325,46.70487106017192,3.1927957429390093,50.10233319688907,89.08629244859468,51.031893635714155,50.027779738108315,0.25015634135153997,47.541666666666664,3
2025-11-17,1172.0,8.0,1186.0,12.006667137145996,11.96500015258789,0.0,3.0,3.0,0.0,286.33599853515625,2025,11,2025-11,1186.0,1180.0,2366.0,1194.0,23.971667289733887,6.0,23.971667289733887,6.0,0.24143001562829364,0.23981239408304544,50.027779738108315,0.24986117843799113,49.85416730244954,0.2507312964263636,0.0,,49.53508030431107,0.33812341504649196,50.12679628064244,,49.47507345506654,50.027779738108315,0.2502954812229336,48.833333333333336,2
2025-11-18,1170.0,14.0,1184.0,12.006667137145996,11.978888511657715,0.0,3.0,3.0,0.0,288.447998046875,2025,11,2025-11,1184.0,1184.0,2368.0,1198.0,23.98555564880371,6.0,23.98555564880371,6.0,0.2436216199720228,0.24077462274363523,50.027779738108315,0.24986117843799113,49.91203546524048,0.2504405978134311,0.0,,49.40878378378378,0.5912162162162162,50.0,,49.36304238001059,50.027779738108315,0.250150552601405,48.75,2
2025-11-19,1142.0,16.0,1155.0,12.006667137145996,11.971111297607422,0.0,3.0,3.0,0.0,281.9840087890625,2025,11,2025-11,1155.0,1158.0,2313.0,1171.0,23.977778434753418,6.0,23.977778434753418,6.0,0.24414199895156927,0.2408061560965521,50.027779738108315,0.24986117843799113,49.879630406697586,0.25060330034685985,0.0,,49.37310851707739,0.6917423259835711,49.93514915693904,,48.16960016303853,50.027779738108315,0.2502316891586417,47.583333333333336,2
2025-11-20,1155.0,4.0,1169.0,13.357222557067871,10.622221946716309,0.0,4.0,3.0,0.0,285.6319885253906,2025,11,2025-11,1169.0,1159.0,2328.0,1173.0,23.97944450378418,7.0,23.97944450378418,7.0,0.24433874125354202,0.2435055315646979,55.6550939877828,0.2994634537914045,44.25925811131795,0.2824267855679105,0.0,,49.61340206185567,0.1718213058419244,50.2147766323024,,48.750086759329264,55.6550939877828,0.29191668718161234,48.125,2
2025-11-21,1132.0,13.0,1144.0,11.318888664245605,11.203332901000977,0.0,4.0,4.0,0.0,264.76800537109375,2025,11,2025-11,1144.0,1145.0,2289.0,1157.0,22.522221565246582,8.0,22.522221565246582,8.0,0.23144056413557146,0.22884010835876728,47.16203610102336,0.3533915845144146,46.68055375417073,0.3570366100290222,0.0,,49.453910004368716,0.5679335954565312,49.97815640017475,,50.794278738704655,47.16203610102336,0.3552047464245081,47.166666666666664,2
2025-11-22,1190.0,43.0,1237.0,11.974444389343262,12.01111125946045,0.41999998688697815,3.0,3.0,1.0,304.76800537109375,2025,11,2025-11,1237.0,1233.0,2470.0,1280.0,23.98555564880371,6.0,24.40555563569069,7.0,0.2463767222078365,0.238100004196167,49.89351828893025,0.2505335448106361,50.04629691441854,0.24976872957005336,1.7499999453624089,2.380952455289242,48.178137651821864,1.7408906882591093,50.08097165991903,102.3809555774374,51.572705594656334,50.04629691441854,0.250150552601405,49.583333333333336,3
2025-11-23,1182.0,11.0,1196.0,11.968889236450195,12.011666297912598,0.0,3.0,3.0,0.0,287.1679992675781,2025,11,2025-11,1196.0,1193.0,2389.0,1207.0,23.980555534362793,6.0,23.980555534362793,6.0,0.24010702279897836,0.23791880635259166,49.87037181854248,0.25064982562155935,50.048609574635826,0.2497571881864004,0.0,,49.47676852239431,0.46044370029300963,50.06278777731268,,49.87374034292905,50.048609574635826,0.2502027107504802,49.25,2
2025-11-24,1154.0,17.0,1171.0,13.522777557373047,9.688333511352539,0.039444442838430405,3.0,4.0,1.0,274.3680114746094,2025,11,2025-11,1171.0,1171.0,2342.0,1188.0,23.211111068725586,7.0,23.250555511564016,8.0,0.2343023155205887,0.23094950460825706,56.34490648905436,0.2218479145480216,40.368056297302246,0.41286770271821294,0.16435184516012669,25.35211370828917,49.27412467976089,0.7258753202391118,50.0,430.9859330409159,50.449976157229,56.34490648905436,0.3015797037579872,48.083333333333336,3
2025-11-25,1143.0,12.0,1155.0,10.33666706085205,13.603333473205566,0.0,3.0,3.0,0.0,279.3599853515625,2025,11,2025-11,1155.0,1155.0,2310.0,1167.0,23.940000534057617,6.0,23.940000534057617,6.0,0.2418701171875,0.2393830208668059,43.069446086883545,0.2902289473327305,56.68055613835653,0.22053418053075655,0.0,,49.48051948051948,0.5194805194805194,50.0,,48.24561295881633,56.68055613835653,0.2506265608250199,47.625,2
2025-11-26,1154.0,7.0,1169.0,11.970555305480957,12.01111125946045,0.0,3.0,3.0,0.0,284.0320129394531,2025,11,2025-11,1169.0,1161.0,2330.0,1176.0,23.981666564941406,6.0,23.981666564941406,6.0,0.2429700709490617,0.24152382052674584,49.877313772837326,0.25061494002925583,50.04629691441854,0.24976872957005336,0.0,,49.527896995708154,0.30042918454935624,50.17167381974249,,48.74556973905021,50.04629691441854,0.25019111927656223,48.083333333333336,2
2025-11-27,1146.0,4.0,1160.0,11.970000267028809,12.013333320617676,0.0,3.0,3.0,0.0,280.3840026855469,2025,11,2025-11,1160.0,1150.0,2310.0,1164.0,23.983333587646484,6.0,23.983333587646484,6.0,0.24171034714271283,0.2408797273930815,49.87500111262004,0.2506265608250199,50.05555550257365,0.24972253078596443,0.0,,49.61038961038961,0.17316017316017315,50.21645021645021,,48.36692096037481,50.05555550257365,0.250173729105387,47.75,2
2025-11-28,1154.0,9.0,1168.0,11.972777366638184,12.01111125946045,0.0,3.0,3.0,0.0,281.9200134277344,2025,11,2025-11,1168.0,1163.0,2331.0,1177.0,23.983888626098633,6.0,23.983888626098633,6.0,0.24136987451004654,0.23952422551209376,49.88657236099243,0.25056842770328447,50.04629691441854,0.24976872957005336,0.0,,49.50664950664951,0.3861003861003861,50.10725010725011,,48.69935889916589,50.04629691441854,0.2501679395505097,48.083333333333336,2
2025-11-29,1183.0,9.0,1198.0,11.967222213745117,12.01111125946045,0.0,3.0,3.0,0.0,289.1520080566406,2025,11,2025-11,1198.0,1192.0,2390.0,1207.0,23.978333473205566,6.0,23.978333473205566,6.0,0.2413622771758269,0.239562558456206,49.86342589060466,0.2506847409045609,50.04629691441854,0.24976872957005336,0.0,,49.49790794979079,0.37656903765690375,50.1255230125523,,49.96177075186219,50.04629691441854,0.2502258969208457,49.291666666666664,2
2025-11-30,1174.0,8.0,1187.0,11.973889350891113,12.01111125946045,0.0,3.0,3.0,0.0,287.0400085449219,2025,11,2025-11,1187.0,1182.0,2369.0,1195.0,23.985000610351562,6.0,23.985000610351562,6.0,0.24181972076236047,0.24020084397064592,49.89120562871297,0.25054515805900074,50.04629691441854,0.24976872957005336,0.0,,49.556775010552975,0.33769523005487545,50.105529759392155,,49.489262864046324,50.04629691441854,0.25015634135153997,48.916666666666664,2
2025-12-01,1184.0,8.0,1197.0,11.96833324432373,12.01111125946045,0.0,3.0,3.0,0.0,288.6400146484375,2025,12,2025-12,1197.0,1192.0,2389.0,1205.0,23.97944450378418,6.0,23.97944450378418,6.0,0.24113618600537803,0.23953528186592324,49.868055184682206,0.25066146962634267,50.04629691441854,0.24976872957005336,0.0,,49.560485558811216,0.3348681456676434,50.104646295521135,,49.91775350805571,50.04629691441854,0.2502143032985249,49.333333333333336,2
2025-12-02,1140.0,5.0,1155.0,9.759444236755371,12.157777786254883,0.0,2.0,4.0,0.0,263.67999267578125,2025,12,2025-12,1155.0,1145.0,2300.0,1160.0,21.917222023010254,6.0,21.917222023010254,6.0,0.22829436595305735,0.22731033851360452,40.66435098648071,0.2049297020897699,50.657407442728676,0.3290074938301839,0.0,,49.56521739130435,0.21739130434782608,50.21739130434783,,52.69828442616492,50.657407442728676,0.27375732169436323,47.5,2
2025-12-03,1210.0,7.0,1225.0,12.008333206176758,11.971111297607422,0.0,3.0,3.0,0.0,297.343994140625,2025,12,2025-12,1225.0,1217.0,2442.0,1232.0,23.97944450378418,6.0,23.97944450378418,6.0,0.24272979113520407,0.24135064459466316,50.03472169240316,0.24982651201391398,49.879630406697586,0.25060330034685985,0.0,,49.549549549549546,0.28665028665028663,50.16380016380017,,51.085420256782164,50.03472169240316,0.2502143032985249,50.416666666666664,2
2025-12-04,1159.0,58.0,1217.0,12.008333206176758,11.978333473205566,0.602222204208374,3.0,3.0,1.0,308.99200439453125,2025,12,2025-12,1217.0,1217.0,2434.0,1275.0,23.986666679382324,6.0,24.5888888835907,7.0,0.25389647033240037,0.24234667011335784,50.03472169240316,0.24982651201391398,49.90972280502319,0.2504522024462522,2.509259184201558,1.660516654835914,47.61709120788825,2.38290879211175,50.0,96.30996598048301,50.736520262153356,50.03472169240316,0.25013896595967144,48.291666666666664,3
2025-12-05,1193.0,12.0,1201.0,12.008333206176758,11.973333358764648,0.0,3.0,3.0,0.0,291.5840148925781,2025,12,2025-12,1201.0,1205.0,2406.0,1213.0,23.981666564941406,6.0,23.981666564941406,6.0,0.24278435877816662,0.24038253494853926,50.03472169240316,0.24982651201391398,49.88888899485271,0.2505567923408695,0.0,,49.58437240232752,0.4987531172069825,49.9168744804655,,50.07992237519188,50.03472169240316,0.25019111927656223,49.708333333333336,2
2025-12-06,1222.0,14.0,1231.0,12.008333206176758,11.972777366638184,0.0,3.0,3.0,0.0,298.0480041503906,2025,12,2025-12,1231.0,1236.0,2467.0,1245.0,23.98111057281494,6.0,23.98111057281494,6.0,0.24211860613354233,0.23939598726939007,50.03472169240316,0.24982651201391398,49.88657236099243,0.25056842770328447,0.0,,49.5338467774625,0.5674908796108634,49.89866234292663,,51.332068056742344,50.03472169240316,0.25019691985414627,50.916666666666664,2
2025-12-07,1201.0,47.0,1244.0,12.008333206176758,11.975555419921875,0.44611111283302307,3.0,3.0,1.0,313.02398681640625,2025,12,2025-12,1244.0,1248.0,2492.0,1291.0,23.983888626098633,6.0,24.429999738931656,7.0,0.25162699904855806,0.24246629497785147,50.03472169240316,0.24982651201391398,49.89814758300781,0.25051030159397575,1.8587963034709294,2.2415940137637738,48.19422150882825,1.886035313001605,49.919743178170144,105.35491864689737,51.868152800139015,50.03472169240316,0.2501679395505097,50.041666666666664,3
2025-12-08,1199.0,38.0,1239.0,12.008333206176758,11.975555419921875,0.41111111640930176,3.0,3.0,1.0,309.31201171875,2025,12,2025-12,1239.0,1237.0,2476.0,1277.0,23.983888626098633,6.0,24.394999742507935,7.0,0.24964649856234866,0.242217706905834,50.03472169240316,0.24982651201391398,49.89814758300781,0.25051030159397575,1.7129629850387573,2.4324324010844824,48.4248788368336,1.5347334410339257,50.04038772213247,92.43243124121032,51.65967951718025,50.03472169240316,0.2501679395505097,49.958333333333336,3
2025-12-09,1224.0,0.0,1233.0,12.008333206176758,11.978333473205566,0.0,3.0,3.0,0.0,298.9440002441406,2025,12,2025-12,1233.0,1224.0,2457.0,1233.0,23.986666679382324,6.0,23.986666679382324,6.0,0.24245255494253093,0.24245255494253093,50.03472169240316,0.24982651201391398,49.90972280502319,0.2504522024462522,0.0,,49.81684981684982,0.0,50.18315018315018,,51.40355750471248,50.03472169240316,0.25013896595967144,51.0,2
2025-12-10,1234.0,0.0,1242.0,12.008333206176758,11.975555419921875,0.0,3.0,3.0,0.0,299.9679870605469,2025,12,2025-12,1242.0,1234.0,2476.0,1242.0,23.983888626098633,6.0,23.983888626098633,6.0,0.2415201184062374,0.2415201184062374,50.03472169240316,0.24982651201391398,49.89814758300781,0.25051030159397575,0.0,,49.83844911147011,0.0,50.16155088852988,,51.784763486955505,50.03472169240316,0.2501679395505097,51.416666666666664,2
2025-12-11,1201.0,34.0,1243.0,12.008333206176758,11.972222328186035,0.43111109733581543,3.0,3.0,1.0,311.3599853515625,2025,12,2025-12,1243.0,1235.0,2478.0,1277.0,23.980555534362793,6.0,24.41166663169861,7.0,0.25049073640511865,0.24382144506778583,50.03472169240316,0.24982651201391398,49.88425970077515,0.250580044185877,1.796296238899231,2.3195877029837777,48.466505246166264,1.3720742534301855,50.16142050040355,78.86598190144845,51.833661577141136,50.03472169240316,0.2502027107504802,50.041666666666664,3
2025-12-12,1171.0,7.0,1175.0,12.008333206176758,11.976666450500488,0.0,3.0,3.0,0.0,286.656005859375,2025,12,2025-12,1175.0,1178.0,2353.0,1182.0,23.984999656677246,6.0,23.984999656677246,6.0,0.24396255817819149,0.242517771454632,50.03472169240316,0.24982651201391398,49.90277687708537,0.25048706268968807,0.0,,49.766255843603915,0.2974925626859329,49.93625159371015,,48.988952129206666,50.03472169240316,0.2501563512980766,48.791666666666664,2
2025-12-13,1078.0,47.0,1121.0,12.008333206176758,11.977222442626953,0.43833333253860474,3.0,3.0,1.0,292.99200439453125,2025,12,2025-12,1121.0,1125.0,2246.0,1168.0,23.98555564880371,6.0,24.423888981342316,7.0,0.2613666408514998,0.2508493188309343,50.03472169240316,0.24982651201391398,49.90509351094563,0.250475434882381,1.8263888855775197,2.281368825429055,47.99643811219946,2.0926090828138912,49.91095280498664,107.22433479516557,46.736461577695835,50.03472169240316,0.250150552601405,44.916666666666664,3
2025-12-14,1074.0,14.0,1079.0,12.008333206176758,11.975000381469727,0.0,3.0,3.0,0.0,274.68798828125,2025,12,2025-12,1079.0,1088.0,2167.0,1093.0,23.983333587646484,6.0,23.983333587646484,6.0,0.2545764488241427,0.251315634292086,50.03472169240316,0.24982651201391398,49.89583492279053,0.2505219126875553,0.0,,49.561605906783576,0.6460544531610521,49.792339640055374,,44.98957561745209,50.03472169240316,0.250173729105387,44.75,2
2025-12-15,1060.0,16.0,1068.0,12.008333206176758,11.973889350891113,0.0,3.0,3.0,0.0,272.6400146484375,2025,12,2025-12,1068.0,1076.0,2144.0,1084.0,23.98222255706787,6.0,23.98222255706787,6.0,0.25528091259216995,0.25151292864247005,50.03472169240316,0.24982651201391398,49.89120562871297,0.25054515805900074,0.0,,49.440298507462686,0.7462686567164178,49.8134328358209,,44.5329867762922,50.03472169240316,0.2501853189679337,44.166666666666664,2
2025-12-16,1088.0,17.0,1094.0,12.008333206176758,11.978888511657715,0.0,3.0,3.0,0.0,276.4800109863281,2025,12,2025-12,1094.0,1105.0,2199.0,1111.0,23.987221717834473,6.0,23.987221717834473,6.0,0.25272395885404764,0.24885689557725305,50.03472169240316,0.24982651201391398,49.91203546524048,0.2504405978134311,0.0,,49.47703501591633,0.7730786721236926,49.74988631195998,,45.60761612448899,50.03472169240316,0.25013317801365076,45.333333333333336,2
2025-12-17,1072.0,18.0,1078.0,12.008333206176758,11.96833324432373,0.0,3.0,3.0,0.0,273.343994140625,2025,12,2025-12,1078.0,1090.0,2168.0,1096.0,23.97666645050049,6.0,23.97666645050049,6.0,0.25356585727330705,0.24940145450786952,50.03472169240316,0.24982651201391398,49.868055184682206,0.25066146962634267,0.0,,49.44649446494465,0.8302583025830259,49.723247232472325,,44.96037855076796,50.03472169240316,0.2502432943456473,44.666666666666664,2
2025-12-18,1053.0,15.0,1061.0,12.008333206176758,11.978333473205566,0.0,3.0,3.0,0.0,271.6159973144531,2025,12,2025-12,1061.0,1068.0,2129.0,1076.0,23.986666679382324,6.0,23.986666679382324,6.0,0.2559999974688531,0.25243122426993786,50.03472169240316,0.24982651201391398,49.90972280502319,0.2504522024462522,0.0,,49.459840300610615,0.7045561296383279,49.83560356975106,,44.2329071472019,50.03472169240316,0.25013896595967144,43.875,2
2025-12-19,1138.0,8.0,1144.0,13.693888664245605,10.280555725097656,0.0,4.0,4.0,0.0,283.7120056152344,2025,12,2025-12,1144.0,1146.0,2290.0,1152.0,23.97444438934326,8.0,23.97444438934326,8.0,0.24800000490842167,0.24627778265211317,57.05786943435669,0.2921011042278953,42.83564885457356,0.389084024926289,0.0,,49.6943231441048,0.34934497816593885,49.95633187772926,,47.71747705271171,57.05786943435669,0.3336886507182637,47.416666666666664,2
2025-12-20,1076.0,10.0,1084.0,11.969444274902344,12.010000228881836,0.0,3.0,3.0,0.0,275.8399963378906,2025,12,2025-12,1084.0,1086.0,2170.0,1094.0,23.97944450378418,6.0,23.97944450378418,6.0,0.2544649412711168,0.2521389363234832,49.872684478759766,0.2506382026683086,50.04166762034098,0.24979183537278818,0.0,,49.585253456221196,0.4608294930875576,49.953917050691246,,45.205384129266825,50.04166762034098,0.2502143032985249,44.833333333333336,2
2025-12-21,1082.0,12.0,1087.0,11.967222213745117,12.012222290039062,0.0,3.0,3.0,0.0,275.9679870605469,2025,12,2025-12,1087.0,1094.0,2181.0,1099.0,23.97944450378418,6.0,23.97944450378418,6.0,0.2538803928799879,0.25110826848093437,49.86342589060466,0.2506847409045609,50.050926208496094,0.2497456280415074,0.0,,49.61027051811096,0.5502063273727648,49.83952315451627,,45.33049128091609,50.050926208496094,0.2502143032985249,45.083333333333336,2
2025-12-22,1044.0,6.0,1050.0,11.970555305480957,12.01111125946045,0.0,3.0,3.0,0.0,269.0559997558594,2025,12,2025-12,1050.0,1050.0,2100.0,1056.0,23.981666564941406,6.0,23.981666564941406,6.0,0.25624380929129464,0.254787878556685,49.877313772837326,0.25061494002925583,50.04629691441854,0.24976872957005336,0.0,,49.714285714285715,0.2857142857142857,50.0,,43.78344587339839,50.04629691441854,0.25019111927656223,43.5,2
2025-12-23,1046.0,8.0,1052.0,11.975000381469727,12.010000228881836,0.0,3.0,3.0,0.0,269.88800048828125,2025,12,2025-12,1052.0,1054.0,2106.0,1060.0,23.985000610351562,6.0,23.985000610351562,6.0,0.25654752898125593,0.2546113212153597,49.89583492279053,0.2505219126875553,50.04166762034098,0.24979183537278818,0.0,,49.667616334283,0.3798670465337132,49.952516619183285,,43.86074518363667,50.04166762034098,0.25015634135153997,43.583333333333336,2
2025-12-24,1045.0,10.0,1053.0,11.971111297607422,12.010000228881836,0.0,3.0,3.0,0.0,270.1440124511719,2025,12,2025-12,1053.0,1055.0,2108.0,1063.0,23.981111526489258,6.0,23.981111526489258,6.0,0.25654702037148325,0.2541335959089105,49.879630406697586,0.25060330034685985,50.04166762034098,0.24979183537278818,0.0,,49.573055028462996,0.47438330170777987,49.95256166982922,,43.909557688219266,50.04166762034098,0.25019690990438326,43.541666666666664,2
2025-12-25,1060.0,9.0,1065.0,11.970555305480957,12.01111125946045,0.0,3.0,3.0,0.0,271.7439880371094,2025,12,2025-12,1065.0,1069.0,2134.0,1074.0,23.981666564941406,6.0,23.981666564941406,6.0,0.2551586742132482,0.2530204730326903,49.877313772837326,0.25061494002925583,50.04629691441854,0.24976872957005336,0.0,,49.671977507029055,0.4217432052483599,49.90627928772259,,44.4089236715898,50.04629691441854,0.25019111927656223,44.166666666666664,2
2025-12-26,1056.0,8.0,1062.0,11.972222328186035,12.012777328491211,0.0,3.0,3.0,0.0,271.9360046386719,2025,12,2025-12,1062.0,1064.0,2126.0,1070.0,23.984999656677246,6.0,23.984999656677246,6.0,0.2560602680213483,0.25414579872773074,49.88425970077515,0.250580044185877,50.05323886871338,0.24973408879267023,0.0,,49.67074317968015,0.37629350893697083,49.95296331138288,,44.27767417975956,50.05323886871338,0.2501563512980766,44.0,2
2025-12-27,1076.0,7.0,1083.0,11.971111297607422,12.010000228881836,0.0,3.0,3.0,0.0,275.0719909667969,2025,12,2025-12,1083.0,1083.0,2166.0,1090.0,23.981111526489258,6.0,23.981111526489258,6.0,0.2539907580487506,0.25235962474018064,49.879630406697586,0.25060330034685985,50.04166762034098,0.24979183537278818,0.0,,49.67682363804247,0.32317636195752536,50.0,,45.16054223774118,50.04166762034098,0.25019690990438326,44.833333333333336,2
2025-12-28,1068.0,6.0,1074.0,11.972777366638184,12.011666297912598,0.0,3.0,3.0,0.0,272.9599914550781,2025,12,2025-12,1074.0,1074.0,2148.0,1080.0,23.98444366455078,6.0,23.98444366455078,6.0,0.2541526922300541,0.252740732828776,49.88657236099243,0.25056842770328447,50.048609574635826,0.2497571881864004,0.0,,49.72067039106145,0.27932960893854747,50.0,,44.77902489718289,50.048609574635826,0.2501621502635916,44.5,2
2025-12-29,1066.0,8.0,1072.0,11.967222213745117,12.011666297912598,0.0,3.0,3.0,0.0,271.10400390625,2025,12,2025-12,1072.0,1074.0,2146.0,1080.0,23.978888511657715,6.0,23.978888511657715,6.0,0.25289552603194965,0.25102222583912037,49.86342589060466,0.2506847409045609,50.048609574635826,0.2497571881864004,0.0,,49.67381174277726,0.3727865796831314,49.95340167753961,,44.70599208461353,50.048609574635826,0.2502201049511951,44.416666666666664,2
2025-12-31,1086.0,6.0,1093.0,11.96833324432373,12.010000228881836,0.0,3.0,3.0,0.0,272.3840026855469,2025,12,2025-12,1093.0,1092.0,2185.0,1099.0,23.978333473205566,6.0,23.978333473205566,6.0,0.24920768772694132,0.24784713620158952,49.868055184682206,0.25066146962634267,50.04166762034098,0.24979183537278818,0.0,,49.702517162471395,0.2745995423340961,50.02288329519451,,45.58281755574739,50.04166762034098,0.2502258969208457,45.25,2
